-- phpMyAdmin SQL Dump
-- version 5.2.0
-- https://www.phpmyadmin.net/
--
-- Host: localhost:3306
-- Generation Time: Jun 06, 2023 at 03:10 AM
-- Server version: 8.0.30
-- PHP Version: 8.1.10

SET SQL_MODE = "NO_AUTO_VALUE_ON_ZERO";
START TRANSACTION;
SET time_zone = "+00:00";


/*!40101 SET @OLD_CHARACTER_SET_CLIENT=@@CHARACTER_SET_CLIENT */;
/*!40101 SET @OLD_CHARACTER_SET_RESULTS=@@CHARACTER_SET_RESULTS */;
/*!40101 SET @OLD_COLLATION_CONNECTION=@@COLLATION_CONNECTION */;
/*!40101 SET NAMES utf8mb4 */;

--
-- Database: `db_e-service`
--

-- --------------------------------------------------------

--
-- Table structure for table `tb_attachment`
--

CREATE TABLE `tb_attachment` (
  `id_attachment` int NOT NULL,
  `ref_id_used` int NOT NULL COMMENT 'REF.อ้างอิงไอดีที่ใช้งาน',
  `attachment_sort` int DEFAULT NULL,
  `path_attachment_name` varchar(60) COLLATE utf8mb4_unicode_ci NOT NULL,
  `attachment_type` int NOT NULL COMMENT '1-รูป/2-ไฟล์แนบ',
  `image_cate` int NOT NULL COMMENT '1-master/2-ใบแจ้งซ่อม/3-รูปหลังซ่อม'
) ENGINE=InnoDB DEFAULT CHARSET=utf8mb4 COLLATE=utf8mb4_unicode_ci COMMENT='ตารางเก็บไฟล์รูป';

--
-- Dumping data for table `tb_attachment`
--

INSERT INTO `tb_attachment` (`id_attachment`, `ref_id_used`, `attachment_sort`, `path_attachment_name`, `attachment_type`, `image_cate`) VALUES
(2, 1, NULL, '76656711de29a482a3b83e9fac43993c.jpg', 1, 3),
(3, 3, NULL, '1b3892c3e94bac2d5172eaad4d12a886.jpg', 1, 2),
(4, 3, NULL, 'fb998f22a05465dc2ac066dd602f05bb.jpg', 1, 3),
(5, 3, NULL, '29962357946cb6448fd02f308cd7a89f.jpg', 1, 3),
(6, 3, NULL, '0ae99843b509a5ca8871737d29534ad3.jpg', 1, 3),
(7, 4, NULL, '3c887efa69250ba6b92260b4762e95fe.jpg', 1, 2),
(8, 4, NULL, '3b195ac6b72d03b788843a6cefcde212.jpg', 1, 2),
(9, 5, NULL, '6d673db68cf7afa17aa1ff1e45b33396.jpg', 1, 2),
(10, 6, NULL, '7762425135ec036e13154d225aba2207.jpg', 1, 2),
(11, 7, NULL, '4cd0599975a8785c5e9ea54dfdd1fc5e.jpg', 1, 2),
(12, 7, NULL, '2f0a855717ecc746e36e1bee2a607872.jpg', 1, 2),
(16, 9, NULL, '66fca5505d7d60972e00648081f071cd.jpg', 1, 2),
(17, 9, NULL, '6d0f9086036026b40344acc58ba5c4f8.jpg', 1, 2),
(18, 9, NULL, 'ecdef74579cdcd9262630c7f3467d7a6.jpg', 1, 2),
(19, 9, NULL, '8bd3df84183c1f471552cd641c6074f0.jpg', 1, 2),
(20, 9, NULL, 'ea9926e4a0e2ae3157335be4c9f5426b.jpg', 1, 2),
(21, 10, NULL, '2da1faf0e2dc548c1a6d9b3280c9af7e.jpg', 1, 2),
(22, 10, NULL, '9617cd1338b652812736e056141f5ce2.jpg', 1, 2),
(23, 11, NULL, '01a0822d83c265793f1fbf6484769d6f.jpg', 1, 2),
(24, 11, NULL, '91b01ecc63a1f7605542631f545a5853.jpg', 1, 2),
(25, 11, NULL, '02e690d8c1e54c3143745abe6c2009d4.jpg', 1, 2),
(26, 12, NULL, '2c896f8d0eb31ace27e36aac66239f62.jpg', 1, 2),
(29, 18, NULL, 'f4a202e1642c6f38270c287c86a1cbc1.jpg', 1, 2),
(30, 20, NULL, '8b1ea96cf51998506aebf5a684bc0702.jpg', 1, 2),
(31, 20, NULL, '0ba75e626b6fdf85c6b95420a425ca5a.jpg', 1, 2),
(32, 20, NULL, 'bf342e927717dcd626cc79c16667a2c0.jpg', 1, 2),
(33, 20, NULL, '2a3385a4203e249d1bd2318219fe292d.jpg', 1, 2),
(34, 21, NULL, 'dffa57cc268fe37f3a962c3358009879.jpg', 1, 2),
(35, 21, NULL, 'b70ea59bfd1a0e8b2c886ea1571dc677.jpg', 1, 2),
(36, 21, NULL, 'e7d5130383ae9c99e7bce3a5f260579c.jpg', 1, 2),
(37, 21, NULL, '051e8aa906931fd910184df16bab9e2b.jpg', 1, 2),
(38, 22, NULL, '072c934a3accb2eda5d9db3f4c26ab22.jpg', 1, 2),
(39, 22, NULL, '1c0259e9ad33b0df6dc3f8a04bf7933b.jpg', 1, 2),
(40, 22, NULL, 'f1d18399e5584e6c92bd0706c1bd8f4a.jpg', 1, 2),
(41, 22, NULL, 'd708eedcdcffda753cf3f1a3228ecc82.jpg', 1, 2),
(42, 23, NULL, 'ec524b06ec90e3ff9331f41e8794440c.jpg', 1, 2),
(43, 23, NULL, 'a314f1d0f96fd242b60920a852668304.jpg', 1, 2),
(44, 23, NULL, 'e041dd9344494212d4d3115e40d36eac.jpg', 1, 2),
(45, 23, NULL, '7b72a866b862cc9d7c9b12a13faf2e88.jpg', 1, 2),
(46, 24, NULL, '7c5cf34b5edceabf2370085ae3f98119.jpg', 1, 2),
(47, 24, NULL, 'c3d19d47c46e66801178ad644798f5f7.jpg', 1, 2),
(48, 24, NULL, 'f771058bb8be0d06bbfca8e1291869a5.jpg', 1, 2),
(49, 24, NULL, '164f0dc57d5e628db28b51f32502a412.jpg', 1, 2),
(50, 25, NULL, 'fef966b4718f76a847e906cfa8c18c13.jpg', 1, 2),
(51, 25, NULL, '4db1a4a06864944cc93af5c66aeae7a1.jpg', 1, 2),
(52, 25, NULL, '5c8cdc78a816a0889bf8b2197a47b24a.jpg', 1, 2),
(53, 25, NULL, 'd6ac0b336cd56620038b205295b7e931.jpg', 1, 2),
(54, 26, NULL, 'df34be3432b9a662b910c5a22b868d3b.jpg', 1, 2),
(55, 26, NULL, 'ff8026c4e481ce05ed494529f461b777.jpg', 1, 2),
(56, 26, NULL, 'd01cebd3f8cb01b182f604f8ded70949.jpg', 1, 2),
(57, 26, NULL, 'cb3a771d54563f4433eea28e4a39fa2e.jpg', 1, 2),
(58, 27, NULL, '22749827ba0ea4365158ad1138c9c99d.jpg', 1, 2),
(59, 27, NULL, '9e8f4a7c25149a87e892ab6fb2e17cda.jpg', 1, 2),
(60, 27, NULL, 'a6ea03e9ba745d7fc069ecf3b18bb809.jpg', 1, 2),
(61, 27, NULL, 'bbecc3ee74e71d4d870bc76282516952.jpg', 1, 2),
(62, 28, NULL, '41cd74f92203ad435b9201eff747d9e1.jpg', 1, 2),
(63, 28, NULL, '9cad1497c9dc5deb24543fb87f013c0d.jpg', 1, 2),
(64, 28, NULL, '80a22bb486093fe52f887e5e261c128a.jpg', 1, 2),
(65, 28, NULL, '4962f0a8f6690dc4682a8dd423ac45d8.jpg', 1, 2),
(66, 29, NULL, 'f514f68ce47f4ad11478e10b88f11666.jpg', 1, 2),
(67, 29, NULL, '592fd539d4cdab4a810b41a1d10e2145.jpg', 1, 2),
(68, 29, NULL, '9ea546e42fd83aa711b2921ddaf68549.jpg', 1, 2),
(129, 50, NULL, '13fe0e70a2ee97b2b1b6748c800a0578.jpg', 1, 2),
(130, 50, NULL, '2500df309ab745550e3e3c442ac5440a.jpg', 1, 2),
(131, 50, NULL, '2c6087f8afc8d37d24275b606477039b.jpg', 1, 2),
(132, 51, NULL, '3864dca2b2a1661299b0c96303300f2a.jpg', 1, 2),
(133, 51, NULL, '80e0aaca0bfac4cafc01055a2cb8a241.jpg', 1, 2),
(134, 51, NULL, '8f62cc3024a63fb646b4cfddf8914415.jpg', 1, 2),
(135, 51, NULL, '6c84f5a7094ca628e570a3b53aebbc44.jpg', 1, 2),
(160, 63, NULL, '8ff62aefc5942703db907252d6506e96.jpg', 1, 2),
(161, 63, NULL, '795240157fe96e80bf09903511317d71.jpg', 1, 2),
(162, 63, NULL, '3edff3d7e28c77ca15f828c003428f87.jpg', 1, 2),
(163, 64, NULL, 'e21ecc886843484a8080ef359754144f.jpg', 1, 2),
(164, 65, NULL, 'b762d782f6e2d664bd472dabf9dd24a7.jpeg', 1, 3),
(165, 65, NULL, 'f390256c9cf8ac7e7bc0b427ebb3fca5.jpeg', 1, 3),
(166, 66, NULL, '54662486a67e9bf166101e89d9edd7a3.jpg', 1, 2),
(167, 19, NULL, '694bfee5d74f465ff054b42db33bebf1.jpeg', 1, 3),
(168, 19, NULL, '26806bc58bfa791cf1e7ccbc11649b9b.jpeg', 1, 3),
(172, 66, NULL, '26f4aaec6430ba9ea1f5dbb06062779b.jpg', 1, 3),
(173, 67, NULL, '7318c945f0647e140310c2989e385d63.jpg', 1, 2),
(175, 69, NULL, 'daafbc7f312fa4ba0f899ac05725c9f4.jpg', 1, 2),
(176, 69, NULL, '000c69425a97cac226d333227fc5fe0d.jpg', 1, 2),
(180, 73, NULL, 'd519eb1ae3f019fa2ed8d7f3d74e9259.jpg', 1, 2),
(181, 0, NULL, 'e73bd36744b1eadacc2199acb931bc86.jpg', 1, 2),
(182, 92, NULL, '79bb8bf2264d591298885e623586d158.jpg', 1, 2),
(183, 93, NULL, '54038ce851ceabfd30d50dc681a87ee8.jpg', 1, 2),
(184, 94, NULL, '4b835ab4331dd99d48606e245452d091.jpg', 1, 2),
(185, 95, NULL, '0db47ff090a0b09dc1f2697cc43c2698.jpg', 1, 2),
(186, 96, NULL, '98738af71858122bb1888706cd95b72d.jpg', 1, 2),
(187, 96, NULL, '424b89f1acdd9933694695619643ee03.jpg', 1, 2),
(188, 97, NULL, 'a8f5f09c13434e18b203513f4e42ae0d.jpg', 1, 2),
(189, 97, NULL, 'a72fe515bef9dca7d04425313afde2d7.jpg', 1, 2),
(190, 97, NULL, 'acc39b0bb454db53f79c84ab5ff6ab06.jpg', 1, 2),
(191, 98, NULL, 'f1369bbdd3ae5a9bcfaa4e355201b398.jpg', 1, 2),
(192, 99, NULL, 'b0228b8b64bd71c1ffda56565c05733a.jpg', 1, 2),
(193, 99, NULL, '52b5ef245b9c8e35aeebad780890204d.jpg', 1, 2),
(194, 100, NULL, '2473c99d98947014c1dd286d40669d72.jpg', 1, 2),
(195, 100, NULL, '01f3585897436f37d0a3d1b38fde16c8.jpg', 1, 2),
(196, 11, NULL, 'aa9073e146f43b5dacc456b04fbe48d6.jpg', 1, 3),
(197, 105, NULL, '4b55c97198813393ec8710a24ed42c3c.jpg', 1, 2),
(198, 106, NULL, 'aa3b405dd5b044bf71e04c457cc93a4e.jpg', 1, 2),
(199, 106, NULL, 'f2bd51d833dbe7b0c047fe1da82f32fb.jpg', 1, 2),
(200, 106, NULL, '2d8f8c19c71c17dcc0246b903698c152.jpg', 1, 2),
(201, 106, NULL, '90a77b92aa9a63d45f9d5b55893516e6.jpg', 1, 2),
(202, 107, NULL, '4497d5ab3dd3309660421662cc3174cb.jpg', 1, 2),
(203, 107, NULL, 'd869dac073136e38c1996f07a23b9740.jpg', 1, 2),
(204, 107, NULL, '11c127fc4dc5a00f2b3415321a7e6799.jpg', 1, 2),
(205, 109, NULL, '1f9fd451c812a2518d8b58fe20f48ca9.jpg', 1, 2),
(206, 110, NULL, '57039a8f58ddbec3fb9611f7eee4deb3.jpg', 1, 2),
(207, 111, NULL, '5d9aafd044980acc2b363bbfe1941664.jpg', 1, 2),
(208, 112, NULL, '304d852088de525959f71a15d81720d4.jpg', 1, 2),
(209, 113, NULL, '1f4d82e80abe5abd57ed3d794b168219.jpg', 1, 2),
(210, 114, NULL, '345bbbe96ed0f201925fbbf7975f3100.jpg', 1, 2),
(211, 116, NULL, 'e6fb7ccf6138e1d9774198730bec2ffb.jpg', 1, 2),
(212, 116, NULL, '922dc0b5a089bf565dc05c7a1d1708b3.jpg', 1, 2),
(213, 116, NULL, 'f6090ed6bdab5d8f95730c51e08f7853.jpg', 1, 2),
(214, 116, NULL, 'cb1f0925d131183e1a07c06e2c855183.jpg', 1, 2),
(215, 117, NULL, 'fc914e0c6c0f730a41629e3c39bd4bc3.jpeg', 1, 2),
(216, 118, NULL, '5d515f341bf3d86be89276c10862254c.jpeg', 1, 2),
(217, 119, NULL, '77a3323959dac632733b627d2bacefc6.jpeg', 1, 2),
(218, 120, NULL, '0d8c62523afac718b62e2f1cff9027a7.jpeg', 1, 2),
(219, 122, NULL, 'b536b363f2ab1b09121c6becd2d03410.jpeg', 1, 2),
(220, 123, NULL, '438718855c27fad3186c54d239d3f58f.jpeg', 1, 2),
(221, 124, NULL, '0e2177b57e29eea8365e0468c2ce82fe.jpeg', 1, 2),
(222, 125, NULL, 'a6c3ca48edaf58906b5decca4c5a5b0d.jpg', 1, 2),
(223, 126, NULL, 'f16c5b45b41feff62c089cd2c171cdda.jpg', 1, 2),
(230, 133, NULL, 'a3651a1b07a2a610cc9fb70d879aa208.jpg', 1, 2),
(231, 134, NULL, '07335c114dfde8dc36746a4f72e81ab8.jpg', 1, 2),
(232, 135, NULL, '10f6914e836062c8c16d677561b19cc2.jpg', 1, 2),
(233, 139, NULL, '06d9fc897d2b8ad1a73d4f774f722f13.jpg', 1, 2),
(234, 140, NULL, '2efca6262ed5e50f8a7c8f8c0cb52c57.jpg', 1, 2),
(235, 140, NULL, '2d7cbc0b9cf1b2cb7b142517998fa2cb.jpg', 1, 2),
(236, 141, NULL, '2d1f28f5905fbd80ca278b821a144586.jpg', 1, 2),
(237, 141, NULL, 'dbf5eec0370b6eb060ca4407fab765e1.jpg', 1, 2),
(238, 142, NULL, '632249b38e8be5f0671b1479ebbacbdd.jpg', 1, 2),
(239, 142, NULL, '463764919988e9dca42011e6352b3671.jpg', 1, 2),
(240, 143, NULL, '76e93f51ec607f6b2fa50986960cead2.jpg', 1, 2),
(241, 144, NULL, '852508181f538e45ab0645d87741000d.jpg', 1, 2),
(242, 144, NULL, 'dd7c1fc190bfe33e8ae4bbfa2719b4b9.jpg', 1, 2),
(243, 142, NULL, 'c0a4a7a669ddb2082bb7e5164ec47490.jpg', 1, 3),
(244, 142, NULL, 'e44bceafb1730e7a7597f3a98fe86de4.jpg', 1, 3),
(245, 146, NULL, '7878497e725bd9fb5ba68d555adca8d4.jpg', 1, 2),
(246, 146, NULL, 'c386a760f7430460f05bdb34d8dc9719.jpg', 1, 2),
(247, 146, NULL, '88939113ebbd6c5332bc9d22fa4b9720.jpg', 1, 2),
(248, 146, NULL, 'bf4a01a30569eafc3beec103cd1c80c3.jpg', 1, 2),
(249, 147, NULL, '8f407c3d7d33586687a2ed03787fc6fd.jpg', 1, 2),
(250, 147, NULL, 'cc4361a00431024ba687221ced8627ef.jpg', 1, 2),
(251, 149, NULL, '291cb01816cd92690707927b54bfb31b.png', 1, 2),
(252, 151, NULL, 'b2b0e53be2fb0e869ff8f7cb37808b60.jpg', 1, 2),
(253, 152, NULL, '88974be583a66461ed4e83d285166339.jpg', 1, 2),
(254, 153, NULL, '192a9d64c5a03f72dc193492486042be.jpg', 1, 2),
(255, 154, NULL, '71db52fa2789094262e7a40921621790.jpg', 1, 2),
(256, 155, NULL, '34dc3c3c1ab1285186a2c1a2d87a4622.jpg', 1, 2),
(257, 156, NULL, '2d10eb38ad7cf8fb0ea2107cff02a451.jpg', 1, 2),
(258, 157, NULL, '3e5b9bdafc5b813b4c1fb28212f149c9.jpg', 1, 2),
(259, 158, NULL, '05146402b08d8c1b2ecdfeaa899ab822.jpg', 1, 2),
(260, 158, NULL, '77ad5b90e7777dcff5fece9eaddd2077.jpg', 1, 2),
(261, 159, NULL, '7ba8ed584510de77016995726537dab7.jpg', 1, 2),
(262, 159, NULL, 'fe571b71913ecbb630927575dc81e3c9.jpg', 1, 2),
(263, 161, NULL, '34d7eb4f0576b31d0e8cc999af614a42.jpg', 1, 2),
(264, 161, NULL, 'a7e1d97ee9706b36b94eae48f7c5f9d1.jpg', 1, 2),
(265, 158, NULL, '9031c1b4c46415f15394ae0e94c7d3a9.jpg', 1, 3),
(266, 162, NULL, '648f41cb9d1f4a472639c65876aa99ef.jpg', 1, 2),
(267, 162, NULL, '83d76fc6a62d73a86de1bb2a12d82b12.jpg', 1, 2),
(268, 162, NULL, '32b048a0dfba702cea10d4dcfef73036.jpg', 1, 2),
(269, 163, NULL, '2d1b9df3fdeb269cd6dec7c06845c6c5.jpg', 1, 2),
(270, 164, NULL, '00e1e91653ad86f40cc25e1e0b0aaeb7.jpg', 1, 2),
(271, 165, NULL, '7aeb5c79705d5da0fc24b9d5806a4da1.jpg', 1, 2),
(272, 166, NULL, 'a7afe8129d188ded8feefffb4ee6eeee.jpg', 1, 2),
(273, 167, NULL, 'ae55187b05830f7cfc62be1fad93427c.jpg', 1, 2),
(274, 168, NULL, '3d257ae710404c7a94c0438fbaaab3f5.jpg', 1, 2),
(275, 169, NULL, '8facbaefcfd2f9146113c45f6d336677.jpg', 1, 2),
(276, 169, NULL, 'bc87f6d1ba91cab1c8267007a03b47a9.jpg', 1, 2),
(277, 169, NULL, 'c6e38361b182b1d6d8befe24ca319725.jpg', 1, 2),
(278, 169, NULL, '4802e64403e1dd505db31a74b0ffea6e.jpg', 1, 2),
(279, 170, NULL, '25fec9769cd8bda0d3c6d6547381e649.jpg', 1, 2),
(280, 171, NULL, '35f29b93c76256a79f9eac17c86d74a2.jpg', 1, 2),
(281, 172, NULL, 'cf64adbb3190f6762e45fd5fde090322.jpg', 1, 2),
(282, 172, NULL, 'a0228cbd62462ae07d859c3c51960f3d.jpg', 1, 2),
(283, 173, NULL, '44ce67e42f8cea339b5d95a192b86276.jpg', 1, 2),
(284, 174, NULL, '79ef6c8efc287407176788675bb37599.jpg', 1, 2),
(285, 175, NULL, 'f4ac84ca9491d82c999ef3ca1f93ba0e.jpg', 1, 2),
(286, 176, NULL, 'fae7aa3578d99981944662dec50dec21.jpg', 1, 2),
(287, 176, NULL, '9006ff96c97862248bfeba9132125133.jpg', 1, 2),
(288, 176, NULL, '7779e32c345a14bfe91529fa5f3f2e2a.jpg', 1, 2),
(289, 177, NULL, 'a4079afd6affce48269072d85463a0e5.jpg', 1, 2),
(290, 177, NULL, 'b6633c544aa10db3cf94ae1cb3c9259f.png', 1, 2),
(291, 178, NULL, 'cf6ae1cd9ab580b4c4804021d999e595.jpg', 1, 2),
(292, 180, NULL, 'dcdb15fb4cc35c1dbf06128bba306b50.jpg', 1, 2),
(293, 181, NULL, '0c722b5c4aa2f87f316bd1ef23ce2703.jpg', 1, 2),
(294, 182, NULL, 'a8373252fe9c903f1673a05c119f1e47.jpg', 1, 2),
(295, 183, NULL, '21aa577b9fb7d5e8a8b5dd11faf7a6cf.jpg', 1, 2),
(296, 184, NULL, 'b901eff9a1270db888f16e9aba3351d4.jpg', 1, 2),
(297, 184, NULL, '5cf30d334354dbf092f0ae23407e6bb7.jpg', 1, 2),
(298, 184, NULL, 'e7a42415f77bd3cd44f07990beb6bb2d.jpg', 1, 2),
(299, 184, NULL, '88668e379e7f7b79a4dda4b6a3b74940.jpg', 1, 2),
(300, 185, NULL, '9b065da6266d4f3104059a4c8f80d43f.jpg', 1, 2),
(301, 73, NULL, '50d492434c937c2d068fae85456ffb82.jpg', 1, 3),
(303, 186, NULL, 'f15730a75b9d37d31be826c8ae4d30df.jpg', 1, 2),
(304, 186, NULL, 'd72a7761e68267434a54953c962bf0a0.jpg', 1, 2),
(305, 186, NULL, '51cd8a85936c2f2eb6a316e507cf8bc5.jpg', 1, 2),
(306, 186, NULL, '5e7e0b9744d0d57912c0035325ed17e0.jpg', 1, 2),
(307, 186, NULL, 'a03f390f36d5994a4492da95e5945901.jpg', 1, 2),
(308, 186, NULL, 'def025dbd85d20219b659e5acf8488df.jpg', 1, 2),
(309, 187, NULL, '3674bc06ea2234e83f5e135314dac3cd.jpg', 1, 2),
(310, 187, NULL, 'ccadd86b8384aa4070127d4d1a0f48a5.jpg', 1, 2),
(311, 188, NULL, 'f1ed92795168fffb05a3e041dcc8b556.jpg', 1, 2),
(312, 189, NULL, '0985354ae48ef4a79d9dab744bc8d623.jpg', 1, 2),
(313, 190, NULL, 'f1aff2da9c8fc95b6059ee921a000ee8.jpg', 1, 2),
(314, 193, NULL, '4ecb76c40ee1315af56b4ef82f211436.jpg', 1, 2),
(315, 195, NULL, '641308a716990c7254a9e1d7559b9e6d.jpg', 1, 2),
(316, 195, NULL, 'f6f084880f055d8a9e683edf4c4a73c8.jpg', 1, 2),
(317, 197, NULL, 'eac4353a583ccfcf545aa46d66187b7f.jpeg', 1, 2),
(318, 198, NULL, '163ac93ad9436fdf1ee28f64da796872.jpg', 1, 2),
(319, 200, NULL, '3871c69c18ed1b121a3944230bbe4010.jpg', 1, 2),
(320, 201, NULL, 'a8cbfc25065f8592697b094811e025ad.jpeg', 1, 2),
(321, 202, NULL, 'eeb4f06656889824356943fb5bdfdd3e.jpg', 1, 2),
(322, 202, NULL, 'fc754799b93eca20c74dc6bccadec2b2.jpg', 1, 2),
(323, 203, NULL, '78b077c5614ee1db4fe32117add0c0d4.jpg', 1, 2),
(324, 205, NULL, 'ea1769e6b59e702085dc7413f7d81fa2.jpg', 1, 2),
(325, 206, NULL, '62363abf6cb0fffbae168e774c06c55f.jpg', 1, 2),
(326, 206, NULL, '39c0f26ef33c96098481efc14f19692c.jpg', 1, 2),
(327, 207, NULL, '6f7eb4d840fbc4800b1b7aad7289c885.jpg', 1, 2),
(328, 208, NULL, '0e16eb79ae1c30bf5b98e5966713743c.jpg', 1, 2),
(329, 209, NULL, '107b64066b6782a6a4c2f052a4859711.jpg', 1, 2),
(330, 210, NULL, '36aa2bea0a81c79c3b799f7a087c2773.jpg', 1, 2),
(331, 210, NULL, '4ee75727eb522ca305e20effb9f3dec4.jpg', 1, 2),
(332, 211, NULL, '31d0e381872b8d4e2d17deaf9f77b72f.jpg', 1, 2),
(333, 211, NULL, 'c82200c6b5702f535d03e1982e163348.jpg', 1, 2),
(334, 211, NULL, 'f12bda6974537e26e1e87e7d92db6d87.jpg', 1, 2),
(335, 214, NULL, '76d576850ddd9dc2fa124c1ae5770a56.jpg', 1, 2),
(336, 215, NULL, '5ec363a2934a6e6154b8197920aa3dd9.jpg', 1, 2),
(337, 216, NULL, '565b284ec03cbc7f183f5d1168d250f1.jpg', 1, 2),
(338, 217, NULL, '9e42e58d3ed4d2e99ec75fda2cb9842a.jpg', 1, 2),
(339, 218, NULL, 'c467a1f312ea81138fff542c025ccbc6.jpg', 1, 2),
(340, 219, NULL, '7ad401081b193ace1837f5d082db16c8.jpg', 1, 2),
(341, 220, NULL, '087338e502ffdb131500507b32f620ae.jpg', 1, 2),
(342, 221, NULL, 'f6dc7aded39bad74e915b1c308865450.jpg', 1, 2),
(343, 221, NULL, '6f04b39b8f163869d8e4fb5508d92aa9.jpg', 1, 2),
(344, 222, NULL, '5dcfd58947581c3b363a4c5b34a88e0b.jpg', 1, 2),
(345, 222, NULL, 'f0dc48e6c9f333aadef9d08f33aceb41.jpg', 1, 2),
(346, 223, NULL, '4e83b3b913f8489a9f53320fb6598ea1.jpg', 1, 2),
(347, 224, NULL, '55128ec7a893eca3252ea8010665cd7e.jpg', 1, 2),
(348, 225, NULL, '51d94f90e02ba4128b94f65460421ba3.jpg', 1, 2),
(349, 226, NULL, '98f8ebfbb1424910d5b396de007e8309.jpg', 1, 2),
(350, 227, NULL, '14a81590341a860406b962a49e481b68.jpg', 1, 2),
(351, 228, NULL, 'b089f66d610f99305f7b946e6e6d0ed7.jpg', 1, 2),
(352, 229, NULL, 'f7eab0a2668ea926a779bb158c36f203.jpg', 1, 2),
(353, 230, NULL, 'd87c25a482065504aea98ad2779aff1e.jpg', 1, 2),
(354, 231, NULL, '4732a88eea0add94b3298efd4737d2ef.jpg', 1, 2),
(355, 232, NULL, '3569e8ead755ebc2259b95566ff94715.jpg', 1, 2),
(356, 233, NULL, 'cd3b6cfc6d4dca65dcf398c23c7080d5.jpg', 1, 2),
(357, 235, NULL, '5b11ee9ade01068e8574fe8f030be3b5.jpg', 1, 2),
(358, 235, NULL, '95f310b69450f60093b2d01601ced4b5.jpg', 1, 2),
(359, 235, NULL, 'e4673fe4046474764d04ce9dbb479d0f.jpg', 1, 2),
(360, 236, NULL, '309c12ba2325ea1f50a013108d6fd80b.jpg', 1, 2),
(361, 238, NULL, '0402014567943810d9002b9f99460b2c.jpg', 1, 2),
(362, 239, NULL, '2c31ab595de3ce700d3b81129a9f007e.jpg', 1, 2),
(363, 240, NULL, '30f1a285deb0208fce0323f1c3a1ee0d.jpg', 1, 2),
(364, 241, NULL, '00e30072f0aaf9cb6ba48dea78075079.jpg', 1, 2),
(365, 244, NULL, '0748824b6d875dab6a02f9ee59d2273d.jpg', 1, 2);

-- --------------------------------------------------------

--
-- Table structure for table `tb_brand`
--

CREATE TABLE `tb_brand` (
  `id_brand` int NOT NULL,
  `ref_id_site` int NOT NULL,
  `ref_id_dept` int NOT NULL,
  `brand_name` varchar(50) COLLATE utf8mb4_unicode_ci NOT NULL,
  `brand_remark` varchar(100) COLLATE utf8mb4_unicode_ci DEFAULT NULL,
  `brand_status` int NOT NULL COMMENT '1-ใช้งาน/2-ยกเลิก'
) ENGINE=InnoDB DEFAULT CHARSET=utf8mb4 COLLATE=utf8mb4_unicode_ci COMMENT='ตารางแบรนด์สินค้า';

--
-- Dumping data for table `tb_brand`
--

INSERT INTO `tb_brand` (`id_brand`, `ref_id_site`, `ref_id_dept`, `brand_name`, `brand_remark`, `brand_status`) VALUES
(1, 1, 7, 'Pumpkin', '', 1),
(2, 1, 7, 'kingtony', 'kingtony ', 1),
(3, 1, 7, 'Bosch', '', 1),
(4, 1, 13, 'Kingtons', 'Ram and all storage', 1),
(5, 1, 7, 'Dewalt', 'Dewalt', 1),
(6, 1, 7, 'Dell Computer & Laptop', 'Dell Computer & Laptop', 1),
(7, 1, 7, 'Makita', 'เครื่องมือช่าง', 1),
(8, 1, 7, '3M', 'เทส', 1),
(9, 1, 7, 'Nichiyu', '', 1),
(10, 1, 7, 'Sumitomo', '', 1),
(11, 1, 7, 'Danfoss', '', 1),
(12, 1, 13, 'Asus', 'Asus ทุกอุปกรณ์', 1),
(13, 1, 13, 'Dell', '', 1),
(14, 1, 13, 'Ugreen', 'Ugreen All', 1);

-- --------------------------------------------------------

--
-- Table structure for table `tb_building`
--

CREATE TABLE `tb_building` (
  `id_building` int NOT NULL,
  `ref_id_site` int NOT NULL COMMENT 'อ้างอิงไอดีไซต์งาน',
  `building_initialname` varchar(10) COLLATE utf8mb4_unicode_ci DEFAULT NULL COMMENT 'ชื่อย่ออาคาร',
  `building_name` varchar(70) COLLATE utf8mb4_unicode_ci NOT NULL COMMENT 'ชื่ออาคาร',
  `building_status` int NOT NULL COMMENT '1-ใช้งาน/2-ระงับ'
) ENGINE=InnoDB DEFAULT CHARSET=utf8mb4 COLLATE=utf8mb4_unicode_ci COMMENT='ตารางเก็บข้อมูลอาคาร';

--
-- Dumping data for table `tb_building`
--

INSERT INTO `tb_building` (`id_building`, `ref_id_site`, `building_initialname`, `building_name`, `building_status`) VALUES
(1, 1, NULL, 'โรงอาหาร', 1),
(2, 1, NULL, 'โซน A', 1),
(3, 1, NULL, 'อาคาร 9', 1),
(4, 1, NULL, 'อาคาร 8', 1),
(5, 1, NULL, 'อาคาร 7', 1),
(6, 1, NULL, 'อาคาร 6', 1),
(7, 1, NULL, 'อาคาร 5', 1),
(8, 1, NULL, 'อาคาร 4', 1),
(9, 1, NULL, 'อาคาร 3', 1),
(10, 1, NULL, 'อาคาร 2', 1),
(11, 1, NULL, 'อาคาร 1', 1),
(12, 1, NULL, 'ออฟฟิต', 1),
(13, 1, NULL, 'ทั่วไป', 1),
(14, 1, NULL, 'ขนส่ง', 1),
(15, 7, NULL, 'PLP.PCS', 1),
(16, 7, NULL, 'PLP.JPK', 1),
(17, 7, NULL, 'PLP.JPAC', 1),
(18, 1, NULL, 'PCS โรงอาหาร', 1),
(19, 1, NULL, 'PCS โรงกรองน้ำ', 1),
(20, 1, NULL, 'PCS อาคาร4', 1),
(21, 1, NULL, 'PCS อาคาร3', 1),
(22, 1, NULL, 'PCS อาคาร2', 1),
(23, 1, NULL, 'PCS อาคาร1', 1),
(24, 1, NULL, 'PCS อาคาร 8', 1),
(25, 1, NULL, 'PCS อาคาร 7', 1),
(26, 1, NULL, 'PCS อาคาร 6', 1),
(27, 1, NULL, 'PCS ออฟฟิต', 1),
(28, 1, NULL, 'PCS ห้องโมบาย 6', 1),
(29, 1, NULL, 'PCS ห้องโมบาย 5 อ.7', 1),
(30, 1, NULL, 'PCS ห้องโมบาย 4 อ.7', 1),
(31, 1, NULL, 'PCS ห้องโมบาย 3', 1),
(32, 1, NULL, 'PCS ห้องโมบาย 2', 1),
(33, 1, NULL, 'PCS ห้องโมบาย 1', 1),
(34, 1, NULL, 'PCS ห้องโถงล่าง', 1),
(35, 1, NULL, 'PCS ห้องแพ็ค อ.4', 1),
(36, 1, NULL, 'PCS ห้องแพ็ค อ.1 หลังฟรีส', 1),
(37, 1, NULL, 'PCS ห้องแพ็ค อ.1 หน้าฟรีส', 1),
(38, 1, NULL, 'PCS ห้องเซิฟเวอร์', 1),
(39, 1, NULL, 'PCS ห้องเก็บเครื่องชั่ง', 1),
(40, 1, NULL, 'PCS ห้องเก็บ9', 1),
(41, 1, NULL, 'PCS ห้องเก็บ8', 1),
(42, 1, NULL, 'PCS ห้องเก็บ7', 1),
(43, 1, NULL, 'PCS ห้องเก็บ5', 1),
(44, 1, NULL, 'PCS ห้องเก็บ4', 1),
(45, 1, NULL, 'PCS ห้องเก็บ3', 1),
(46, 1, NULL, 'PCS ห้องเก็บ2', 1),
(47, 1, NULL, 'PCS ห้องเก็บ1', 1),
(48, 1, NULL, 'PCS ห้องเก็บ 6', 1),
(49, 1, NULL, 'PCS ห้องเก็บ 29', 1),
(50, 1, NULL, 'PCS ห้องเก็บ 28', 1),
(51, 1, NULL, 'PCS ห้องเก็บ 25', 1),
(52, 1, NULL, 'PCS ห้องเก็บ 24', 1),
(53, 1, NULL, 'PCS ห้องเก็บ 23', 1),
(54, 1, NULL, 'PCS ห้องเก็บ 22', 1),
(55, 1, NULL, 'PCS ห้องเก็บ 21', 1),
(56, 1, NULL, 'PCS ห้องเก็บ 20', 1),
(57, 1, NULL, 'PCS ห้องเก็บ 19', 1),
(58, 1, NULL, 'PCS ห้องเก็บ 18', 1),
(59, 1, NULL, 'PCS ห้องเก็บ 17', 1),
(60, 1, NULL, 'PCS ห้องเก็บ 16', 1),
(61, 1, NULL, 'PCS ห้องเก็บ 15', 1),
(62, 1, NULL, 'PCS ห้องเก็บ 14', 1),
(63, 1, NULL, 'PCS ห้องเก็บ 13', 1),
(64, 1, NULL, 'PCS ห้องเก็บ 12', 1),
(65, 1, NULL, 'PCS ห้องเก็บ 11', 1),
(66, 1, NULL, 'PCS ห้องเก็บ 10', 1),
(67, 1, NULL, 'PCS ห้องอบปลา อ.7', 1),
(68, 1, NULL, 'PCS ห้องสัมมนา', 1),
(69, 1, NULL, 'PCS ห้องสมุด', 1),
(70, 1, NULL, 'PCS ห้องลอจิสติกส์', 1),
(71, 1, NULL, 'PCS ห้องรับรองลูกค้า CS', 1),
(72, 1, NULL, 'PCS ห้องรับรองลูกค้า', 1),
(73, 1, NULL, 'PCS ห้องรับประทานอาหารว่าง', 1),
(74, 1, NULL, 'PCS ห้องรองผู้จัการ WH', 1),
(75, 1, NULL, 'PCS ห้องฟรีส 6', 1),
(76, 1, NULL, 'PCS ห้องฟรีส 5', 1),
(77, 1, NULL, 'PCS ห้องฟรีส 4', 1),
(78, 1, NULL, 'PCS ห้องฟรีส 3', 1),
(79, 1, NULL, 'PCS ห้องฟรีส 2', 1),
(80, 1, NULL, 'PCS ห้องฟรีส 1', 1),
(81, 1, NULL, 'PCS ห้องพัฒนาธุรกิจ4', 1),
(82, 1, NULL, 'PCS ห้องพัฒนาธุรกิจ3', 1),
(83, 1, NULL, 'PCS ห้องพัฒนาธุรกิจ2', 1),
(84, 1, NULL, 'PCS ห้องพัฒนาธุรกิจ', 1),
(85, 1, NULL, 'PCS ห้องพักวิทยากร', 1),
(86, 1, NULL, 'PCS ห้องพนักงาน WH', 1),
(87, 1, NULL, 'PCS ห้องพนักงาน CS', 1),
(88, 1, NULL, 'PCS ห้องผู้จัดการ CS', 1),
(89, 1, NULL, 'PCS ห้องผู้จัการฝ่ายวิศวกรรม', 1),
(90, 1, NULL, 'PCS ห้องประชุม อาคาร 6', 1),
(91, 1, NULL, 'PCS ห้องประชุม', 1),
(92, 1, NULL, 'PCS ห้องบัญชี-การเงิน', 1),
(93, 1, NULL, 'PCS ห้องทำงาน CUS', 1),
(94, 1, NULL, 'PCS ห้องคุณอัจฉรา', 1),
(95, 1, NULL, 'PCS ห้องคุณจิตชัย', 1),
(96, 1, NULL, 'PCS ห้องการตลาด', 1),
(97, 1, NULL, 'PCS ห้องInventory อ.6', 1),
(98, 1, NULL, 'PCS ห้องCONTROL SPIRAL FEEZER อ.1', 1),
(99, 1, NULL, 'PCS ห้องChill 30', 1),
(100, 1, NULL, 'PCS ห้อง QS', 1),
(101, 1, NULL, 'PCS ห้อง P4 อ.4', 1),
(102, 1, NULL, 'PCS ห้อง CUS', 1),
(103, 1, NULL, 'PCS ห้อง CHILL อ.1', 1),
(104, 1, NULL, 'PCS หลัง GEN ROOM 03', 1),
(105, 1, NULL, 'PCS หน้าห้องประชุม', 1),
(106, 1, NULL, 'PCS หน้าประตูห้องบัญชีคลัง', 1),
(107, 1, NULL, 'PCS สำนักงานชั่วคราวPLP อ.8', 1),
(108, 1, NULL, 'PCS ลานโหลดใหญ่ อ.6', 1),
(109, 1, NULL, 'PCS ลานโหลด อ.7', 1),
(110, 1, NULL, 'PCS ลานโหลด อ.5', 1),
(111, 1, NULL, 'PCS ลานโหลด อ.4', 1),
(112, 1, NULL, 'PCS ลานโหลด อ.3', 1),
(113, 1, NULL, 'PCS ลานโหลด อ.2', 1),
(114, 1, NULL, 'PCS ลานโหลด อ.1', 1),
(115, 1, NULL, 'PCS ลานโหลด', 1),
(116, 1, NULL, 'PCS รับวัตถุดิบฟรีสอ.4', 1),
(117, 1, NULL, 'PCS ฟรีส อาคาร 4', 1),
(118, 1, NULL, 'PCS ป้อมตาชั่งหน้าบริษัท', 1),
(119, 1, NULL, 'PCS ป้อมตาชั่ง อ.8', 1),
(120, 1, NULL, 'PCS บ้านพักลูกค้า อ.6', 1),
(121, 1, NULL, 'PCS บริเวณที่พักปลา อ.7', 1),
(122, 1, NULL, 'PCS ทางเดิน CS อ.6', 1),
(123, 1, NULL, 'PCS ทางเข้าห้อง Chill 30', 1),
(124, 1, NULL, 'PCS ด้านข้างแผนกซ่อมบำรุง', 1),
(125, 1, NULL, 'PCS ด้านข้าง อ.1', 1),
(126, 1, NULL, 'PCS ดาดฟ้าอาคาร1', 1),
(127, 1, NULL, 'PCS ดาดฟ้าอาคาร 8', 1),
(128, 1, NULL, 'PCS ดาดฟ้าอาคาร 6', 1),
(129, 1, NULL, 'PCS ดาดฟ้าอาคาร 4', 1),
(130, 1, NULL, 'PCS ดาดฟ้าอาคาร 3', 1),
(131, 1, NULL, 'PCS คลังแห้ง อ. 6', 1),
(132, 1, NULL, 'PCS คลังสินค้า', 1),
(133, 1, NULL, 'PCS SPARAL FREEZER อ.1', 1),
(134, 1, NULL, 'PCS SOLAR ROOF อาคาร 8', 1),
(135, 1, NULL, 'PCS SOLAR ROOF อาคาร 6', 1),
(136, 1, NULL, 'PCS SOLAR ROOF อาคาร 4', 1),
(137, 1, NULL, 'PCS SOLAR ROOF อาคาร 2', 1),
(138, 1, NULL, 'PCS QA', 1),
(139, 1, NULL, 'PCS PASSAGEWAY6', 1),
(140, 1, NULL, 'PCS PASSAGEWAY อ.4', 1),
(141, 1, NULL, 'PCS MDB ROOM 08', 1),
(142, 1, NULL, 'PCS MACHINE ROOM 08', 1),
(143, 1, NULL, 'PCS MACHINE ROOM 06', 1),
(144, 1, NULL, 'PCS MACHINE ROOM 05', 1),
(145, 1, NULL, 'PCS MACHINE ROOM 04', 1),
(146, 1, NULL, 'PCS MACHINE ROOM 03', 1),
(147, 1, NULL, 'PCS MACHINE ROOM 02', 1),
(148, 1, NULL, 'PCS MACHINE ROOM 01', 1),
(149, 1, NULL, 'PCS INVENTORY', 1),
(150, 1, NULL, 'PCS GEN ROOM 08', 1),
(151, 1, NULL, 'PCS GEN ROOM 06', 1),
(152, 1, NULL, 'PCS GEN ROOM 04', 1),
(153, 1, NULL, 'PCS GEN ROOM 03', 1),
(154, 1, NULL, 'PCS GEN ROOM 01', 1),
(155, 1, NULL, 'PCS CONTROL บ่อน้ำเสีย', 1),
(156, 1, NULL, 'PCS CONTROL SPIRAL FEEZER อ.1', 1),
(157, 1, NULL, 'PCS CONTROL SOLAR อ.6', 1),
(158, 1, NULL, 'PCS CONTROL SOLAR อ.4', 1),
(159, 1, NULL, 'PCS CONTROL SOLAR อ.1', 1),
(160, 1, NULL, 'PCS CONTROL SOLAR ROOF อ.2', 1),
(161, 1, NULL, 'PCS CONTROL SOLAR ROOF อ. 8', 1),
(162, 1, NULL, 'PCS CONTROL ROOM SOLAR ROOF อ.6', 1),
(163, 1, NULL, 'PCS CONTROL ROOM SOLAR ROOF อ.4', 1),
(164, 1, NULL, 'PCS CONTROL ROOM 08', 1),
(165, 1, NULL, 'PCS CONTROL ROOM 07', 1),
(166, 1, NULL, 'PCS CONTROL ROOM 06', 1),
(167, 1, NULL, 'PCS CONTROL ROOM 05', 1),
(168, 1, NULL, 'PCS CONTROL ROOM 04', 1),
(169, 1, NULL, 'PCS CONTROL ROOM 03', 1),
(170, 1, NULL, 'PCS CONTROL ROOM 02', 1),
(171, 1, NULL, 'PCS CONTROL ROOM 01', 1),
(172, 1, NULL, 'PCS CONTROL MOBILE RACK 6', 1),
(173, 1, NULL, 'PCS ANTEROOM อ.6', 1),
(174, 1, NULL, 'PCS ANTEROOM อ.4', 1),
(175, 1, NULL, 'PCS ANTEROOM อ.3', 1),
(176, 1, NULL, 'PCS ANTEROOM อ.2', 1),
(177, 1, NULL, 'PCS ANTEROOM อ.1', 1),
(178, 1, NULL, 'PCS ANTE ROOM อ.7', 1),
(179, 1, NULL, 'PCS AIRLOCK อ.4', 1),
(180, 1, NULL, 'PCS AIR LOCK อ.6', 1),
(181, 1, NULL, 'PCS AIR LOCK อ.3', 1),
(182, 1, NULL, 'PCS AIR LOCK อ.2', 1),
(183, 1, 'PCS', 'PCS', 1),
(184, 5, NULL, 'JPK คลังสินค้าอาคาร B2', 1),
(185, 5, NULL, 'JPK คลังสินค้าอาคาร B1(THPD)', 1),
(186, 5, NULL, 'JPK คลังสินค้า', 1),
(187, 5, NULL, 'JPK MACHINE ROOM B2', 1),
(188, 5, NULL, 'JPK MACHINE ROOM B1', 1),
(189, 5, NULL, 'JPK MACHINE ROOM 01', 1),
(190, 2, NULL, 'JPAC อาคาร C', 1),
(191, 2, NULL, 'JPAC อาคาร B', 1),
(192, 2, NULL, 'JPAC อาคาร A', 1),
(193, 2, NULL, 'JPAC คลังสินค้า', 1),
(194, 2, NULL, 'JPAC Office', 1),
(195, 2, NULL, 'JPAC MACHINE ROOM 01', 1),
(196, 3, 'TEST', 'TEST ADD BUILDING', 2),
(197, 1, 'PCSx', 'PCSx', 2);

-- --------------------------------------------------------

--
-- Table structure for table `tb_category`
--

CREATE TABLE `tb_category` (
  `id_menu` int NOT NULL,
  `menu_code` varchar(3) COLLATE utf8mb4_unicode_ci DEFAULT NULL,
  `level_menu` int NOT NULL COMMENT '1-หมวดหลัก/2-หมวดรอง/3-หมวดย่อย',
  `sort_menu` int DEFAULT NULL COMMENT 'เรียงลำดับหมวด',
  `ref_id_menu` int DEFAULT NULL COMMENT 'REF.ไอดีหมวดหลัก',
  `ref_id_sub` int DEFAULT NULL COMMENT 'REF.ไอดีหมวดหลัก',
  `ref_id_site` int DEFAULT NULL COMMENT 'REF.id_site',
  `ref_id_dept` int NOT NULL COMMENT 'REF.แผนกที่รับผิดชอบ',
  `name_menu` varchar(120) COLLATE utf8mb4_unicode_ci NOT NULL,
  `desc_menu` varchar(50) COLLATE utf8mb4_unicode_ci DEFAULT NULL,
  `menu_adddate` datetime NOT NULL,
  `ref_id_user_add` int NOT NULL,
  `menu_editdate` datetime DEFAULT NULL,
  `ref_id_user_edit` int DEFAULT NULL,
  `status_menu` int NOT NULL COMMENT '1-ใช้งาน/2-ยกเลิก'
) ENGINE=InnoDB DEFAULT CHARSET=utf8mb4 COLLATE=utf8mb4_unicode_ci COMMENT='ตารางประเภเครื่องจักรและอุปกรณ์';

--
-- Dumping data for table `tb_category`
--

INSERT INTO `tb_category` (`id_menu`, `menu_code`, `level_menu`, `sort_menu`, `ref_id_menu`, `ref_id_sub`, `ref_id_site`, `ref_id_dept`, `name_menu`, `desc_menu`, `menu_adddate`, `ref_id_user_add`, `menu_editdate`, `ref_id_user_edit`, `status_menu`) VALUES
(1, NULL, 1, NULL, NULL, NULL, 1, 7, 'ไม่มีหมวด', NULL, '2023-03-24 12:12:12', 1, NULL, NULL, 1),
(2, NULL, 1, NULL, NULL, NULL, 1, 7, 'Standard Weight (F1) (ตุ้มน้ำหนัก)', NULL, '2023-03-24 12:12:12', 1, NULL, NULL, 1),
(3, NULL, 1, NULL, NULL, NULL, 1, 7, 'Electronic Balance', NULL, '2023-03-24 12:12:12', 1, NULL, NULL, 1),
(4, NULL, 1, NULL, NULL, NULL, 1, 7, 'Digital Thermometer with Probe (โพรบวัดอุณหภูมิ)', NULL, '2023-03-24 12:12:12', 1, NULL, NULL, 1),
(5, NULL, 1, NULL, NULL, NULL, 1, 7, 'Digital Thermometer (เทอร์โมมิเตอร์แบบดิจิตอล)', NULL, '2023-03-24 12:12:12', 1, NULL, NULL, 1),
(6, NULL, 1, NULL, NULL, NULL, 1, 7, 'Gas Detector (เครื่องวัดแก็ส)', NULL, '2023-03-24 12:12:12', 1, NULL, NULL, 1),
(7, NULL, 1, NULL, NULL, NULL, 1, 7, 'Lux Meter (เครื่องวัดความเข้มแสง, เครื่องวัดแสง)', NULL, '2023-03-24 12:12:12', 1, NULL, NULL, 1),
(8, NULL, 1, NULL, NULL, NULL, 1, 7, 'Machine Balance', NULL, '2023-03-24 12:12:12', 1, NULL, NULL, 1),
(9, NULL, 1, NULL, NULL, NULL, 1, 7, 'Screw Compressor (เครื่องอัดลมแบบสกรู, ปั๊มลมสกรู)', NULL, '2023-03-24 12:12:12', 1, NULL, NULL, 1),
(10, NULL, 1, NULL, NULL, NULL, 1, 7, 'Wood Impregnation Vessel (ถังอัดน้ำยา, เครื่องอัดน้ายา)', NULL, '2023-03-24 12:12:12', 1, NULL, NULL, 1),
(11, NULL, 1, NULL, NULL, NULL, 1, 7, 'Pump, ปั๊ม (เครื่องสูบ)', NULL, '2023-03-24 12:12:12', 1, NULL, NULL, 1),
(12, NULL, 1, NULL, NULL, NULL, 1, 7, 'Inter Cooler Tank', NULL, '2023-03-24 12:12:12', 1, NULL, NULL, 1),
(13, NULL, 1, NULL, NULL, NULL, 1, 7, 'Low Pressure Reciver', NULL, '2023-03-24 12:12:12', 1, NULL, NULL, 1),
(14, NULL, 1, NULL, NULL, NULL, 1, 7, 'Evaporative Condenser (เครื่องควบแน่นแบบระเหย, ระบายความร้อนแบบการระเหย)', NULL, '2023-03-24 12:12:12', 1, NULL, NULL, 1),
(15, NULL, 1, NULL, NULL, NULL, 1, 7, 'Air Purger', NULL, '2023-03-24 12:12:12', 1, NULL, NULL, 1),
(16, NULL, 1, NULL, NULL, NULL, 1, 7, 'Cold Room (ห้องเย็น)', NULL, '2023-03-24 12:12:12', 1, NULL, NULL, 1),
(17, NULL, 1, NULL, NULL, NULL, 1, 7, 'Chill Tunnel', NULL, '2023-03-24 12:12:12', 1, NULL, NULL, 1),
(18, NULL, 1, NULL, NULL, NULL, 1, 7, 'Cold Pack Chilling Unit', NULL, '2023-03-24 12:12:12', 1, NULL, NULL, 1),
(19, NULL, 1, NULL, NULL, NULL, 1, 7, 'Mobile Rack (ชั้นวางสินค้า)', NULL, '2023-03-24 12:12:12', 1, NULL, NULL, 1),
(20, NULL, 1, NULL, NULL, NULL, 1, 7, 'Power Pallet Truck (รถพาเลทไฟฟ้า)', NULL, '2023-03-24 12:12:12', 1, NULL, NULL, 1),
(21, NULL, 1, NULL, NULL, NULL, 1, 7, 'Magnetic Conveyor (สายพานลำเลียงแบบแม่เหล็ก)', NULL, '2023-03-24 12:12:12', 1, NULL, NULL, 1),
(22, NULL, 1, NULL, NULL, NULL, 1, 7, 'Carbon Filter Tank (ถังกรองคาร์บอน, ถังกรองถ่าน)', NULL, '2023-03-24 12:12:12', 1, NULL, NULL, 1),
(23, NULL, 1, NULL, NULL, NULL, 1, 7, 'Resin Fillter Tanks (ถังกรองเรซิ่น)', NULL, '2023-03-24 12:12:12', 1, NULL, NULL, 1),
(24, NULL, 1, NULL, NULL, NULL, 1, 7, 'Transformer (หม้อแปลงไฟฟ้า)', NULL, '2023-03-24 12:12:12', 1, NULL, NULL, 1),
(25, NULL, 1, NULL, NULL, NULL, 1, 7, 'Water Pump (ปั๊มน้ำ, เครื่องสูบน้ำ)', NULL, '2023-03-24 12:12:12', 1, NULL, NULL, 1),
(26, NULL, 1, NULL, NULL, NULL, 1, 7, 'Electric Insect Killer (เครื่องดักแมลง)', NULL, '2023-03-24 12:12:12', 1, NULL, NULL, 1),
(27, NULL, 1, NULL, NULL, NULL, 1, 7, 'Low Pressure Pump', NULL, '2023-03-24 12:12:12', 1, NULL, NULL, 1),
(28, NULL, 1, NULL, NULL, NULL, 1, 7, 'Air Blast (ห้องฟรีส)', NULL, '2023-03-24 12:12:12', 1, NULL, NULL, 1),
(29, NULL, 1, NULL, NULL, NULL, 1, 7, 'Forklift (รถโฟล์คลิฟท์)', NULL, '2023-03-24 12:12:12', 1, NULL, NULL, 1),
(30, NULL, 1, NULL, NULL, NULL, 1, 7, 'Electric Forklift (รถโฟล์คลิฟท์ไฟฟ้า)', NULL, '2023-03-24 12:12:12', 1, NULL, NULL, 1),
(31, NULL, 1, NULL, NULL, NULL, 1, 7, 'Car Lift (รถแฮนด์ลิฟท์)', NULL, '2023-03-24 12:12:12', 1, NULL, NULL, 1),
(32, NULL, 1, NULL, NULL, NULL, 1, 7, 'Meat Seperator (เครื่องรีดเนื้อ)', NULL, '2023-03-24 12:12:12', 1, NULL, NULL, 1),
(33, NULL, 1, NULL, NULL, NULL, 1, 7, 'Washer (เครื่องล้างถาด)', NULL, '2023-03-24 12:12:12', 1, NULL, NULL, 1),
(34, NULL, 1, NULL, NULL, NULL, 1, 7, 'Generator (เครื่องปั่นไฟ, เครื่องกำเนิดไฟฟ้า)', NULL, '2023-03-24 12:12:12', 1, NULL, NULL, 1),
(35, NULL, 1, NULL, NULL, NULL, 1, 7, 'Power Meter, Radiofrequency, Shortwave Diathermy Unit', NULL, '2023-03-24 12:12:12', 1, NULL, NULL, 1),
(36, NULL, 1, NULL, NULL, NULL, 1, 7, 'Compressor, คอมเพรสเซอร์', NULL, '2023-03-24 12:12:12', 1, NULL, NULL, 1),
(37, NULL, 1, NULL, NULL, NULL, 1, 7, 'Chilling Storage Room', NULL, '2023-03-24 12:12:12', 1, NULL, NULL, 1),
(38, NULL, 1, NULL, NULL, NULL, 1, 7, 'Cooling Tower (หอหล่อเย็น)', NULL, '2023-03-24 12:12:12', 1, NULL, NULL, 1),
(39, NULL, 1, NULL, NULL, NULL, 1, 7, 'Air Cooled Chiller, แอร์ชิลเลอร์ (เครื่องทำความเย็น)', NULL, '2023-03-24 12:12:12', 1, NULL, NULL, 1),
(40, NULL, 1, NULL, NULL, NULL, 1, 7, 'Forklift, โฟล์คลิฟท์ (รถยก)', NULL, '2023-03-24 12:12:12', 1, NULL, NULL, 1),
(41, NULL, 1, NULL, NULL, NULL, 1, 7, 'Fire Pump (ปั๊มน้ำดับเพลิง, เครื่องสูบน้ำดับเพลิง)', NULL, '2023-03-24 12:12:12', 1, NULL, NULL, 1),
(42, NULL, 1, NULL, NULL, NULL, 1, 7, 'Air Conditioner (แอร์)', NULL, '2023-03-24 12:12:12', 1, NULL, NULL, 1),
(43, NULL, 1, NULL, NULL, NULL, 1, 7, 'Water Cooler (เครื่องทำน้ำเย็น)', NULL, '2023-03-24 12:12:12', 1, NULL, NULL, 1),
(44, NULL, 1, NULL, NULL, NULL, 1, 7, 'Refrigerator (ตู้แช่เย็น, ตู้เย็น)', NULL, '2023-03-24 12:12:12', 1, NULL, NULL, 1),
(45, NULL, 1, NULL, NULL, NULL, 1, 7, 'Conveyor (สายพานลำเลียง)', NULL, '2023-03-24 12:12:12', 1, NULL, NULL, 1),
(46, NULL, 1, NULL, NULL, NULL, 1, 7, 'Analog Multimeter', NULL, '2023-03-24 12:12:12', 1, NULL, NULL, 1),
(47, NULL, 1, NULL, NULL, NULL, 1, 7, 'Electrical Control Panel (ตู้คอนโทรลไฟฟ้า)', NULL, '2023-03-24 12:12:12', 1, NULL, NULL, 1),
(48, NULL, 1, NULL, NULL, NULL, 1, 7, 'Fish Washer (เครื่องล้างปลา)', NULL, '2023-03-24 12:12:12', 1, NULL, NULL, 1),
(49, NULL, 1, NULL, NULL, NULL, 1, 7, 'Softener Filter Tank (ระบบถังกรองน้ำอ่อน)', NULL, '2023-03-24 12:12:12', 1, NULL, NULL, 1),
(50, NULL, 1, NULL, NULL, NULL, 1, 7, 'High Pressure Pump (ปั้มแรงดันสูง)', NULL, '2023-03-24 12:12:12', 1, NULL, NULL, 1),
(51, NULL, 1, NULL, NULL, NULL, 1, 7, 'Evaporator', NULL, '2023-03-24 12:12:12', 1, NULL, NULL, 1),
(52, NULL, 1, NULL, NULL, NULL, 1, 7, 'Emergency Light (ไฟฉุกเฉิน)', NULL, '2023-03-24 12:12:12', 1, NULL, NULL, 1),
(53, NULL, 1, NULL, NULL, NULL, 1, 7, 'Spiral Freezer Conveyor', NULL, '2023-03-24 12:12:12', 1, NULL, NULL, 1),
(54, NULL, 1, NULL, NULL, NULL, 1, 7, 'Rolling Machine', NULL, '2023-03-24 12:12:12', 1, NULL, NULL, 1),
(55, NULL, 1, NULL, NULL, NULL, 1, 7, 'Strapping Machine (เครื่องรัดกล่อง)', NULL, '2023-03-24 12:12:12', 1, NULL, NULL, 1),
(56, NULL, 1, NULL, NULL, NULL, 1, 7, 'Metal Detector (เครื่องตรวจจับโลหะ)', NULL, '2023-03-24 12:12:12', 1, NULL, NULL, 1),
(57, NULL, 1, NULL, NULL, NULL, 1, 7, 'Inverter Solar', NULL, '2023-03-24 12:12:12', 1, NULL, NULL, 1),
(58, NULL, 1, NULL, NULL, NULL, 1, 7, 'Sand Tank', NULL, '2023-03-24 12:12:12', 1, NULL, NULL, 1),
(59, NULL, 1, NULL, NULL, NULL, 1, 7, 'Reverse Osmosis (RO) (การกรองน้ำแบบ Reverse Osmosis)', NULL, '2023-03-24 12:12:12', 1, NULL, NULL, 1),
(60, NULL, 1, NULL, NULL, NULL, 1, 7, 'Wastewater Treatment (ระบบบําบัดน้ําเสีย)', NULL, '2023-03-24 12:12:12', 1, NULL, NULL, 1),
(61, NULL, 1, NULL, NULL, NULL, 1, 7, 'Sandblasting Machine (เครื่องยิงทราย)', NULL, '2023-03-24 12:12:12', 1, NULL, NULL, 1),
(62, NULL, 1, NULL, NULL, NULL, 1, 7, 'Air Handling Unit (AHU) (เครื่องส่งลม, เครื่องควบคุมอากาศ)', NULL, '2023-03-24 12:12:12', 1, NULL, NULL, 1),
(63, NULL, 1, NULL, NULL, NULL, 1, 7, 'Ammonia Shell and Tube Tank', NULL, '2023-03-24 12:12:12', 1, NULL, NULL, 1),
(64, NULL, 1, NULL, NULL, NULL, 1, 7, 'Dock Leveler (สะพานปรับระดับ)', NULL, '2023-03-24 12:12:12', 1, NULL, NULL, 1),
(65, NULL, 1, NULL, NULL, NULL, 1, 7, 'Lift Machine (ลิฟท์ยกของ)', NULL, '2023-03-24 12:12:12', 1, NULL, NULL, 1),
(66, NULL, 1, NULL, NULL, NULL, 1, 7, 'ASRS System (ระบบจัดเก็บสินค้าอัตโนมัติ)', NULL, '2023-03-24 12:12:12', 1, NULL, NULL, 1),
(67, NULL, 1, NULL, NULL, NULL, 1, 7, 'Air Shower, แอร์ชาวเวอร์ (ม่านอากาศ, พัดลมเป่าอากาศ)', NULL, '2023-03-24 12:12:12', 1, NULL, NULL, 1),
(68, NULL, 1, NULL, NULL, NULL, 1, 7, 'Pump Vessel', NULL, '2023-03-24 12:12:12', 1, NULL, NULL, 1),
(69, NULL, 1, NULL, NULL, NULL, 1, 7, 'Air Cleaner, Particulate/Gas/Vapor', NULL, '2023-03-24 12:12:12', 1, NULL, NULL, 1),
(70, NULL, 1, NULL, NULL, NULL, 1, 7, 'Belt Convayer (สายพานลำเลียงยาง)', NULL, '2023-03-24 12:12:12', 1, NULL, NULL, 1),
(71, NULL, 1, NULL, NULL, NULL, 1, 7, 'Wastwater Treatment Tank (บ่อบำบัดน้ำเสีย)', NULL, '2023-03-24 12:12:12', 1, NULL, NULL, 1),
(72, NULL, 1, NULL, NULL, NULL, 1, 7, 'AUTO SCRUBBING MACHINE(เครื่องขัดพื้น)', NULL, '2023-03-24 12:12:12', 1, NULL, NULL, 1),
(73, NULL, 1, NULL, NULL, NULL, 1, 7, 'Temperature And Humidity (เครื่องวัดอุณหภูมิและความชื้น)', NULL, '2023-03-24 12:12:12', 1, NULL, NULL, 1),
(74, NULL, 1, NULL, NULL, NULL, 1, 7, 'Auto Door (ประตูอัตโนมัติ)', NULL, '2023-03-24 12:12:12', 1, NULL, NULL, 1),
(75, NULL, 1, NULL, NULL, NULL, 1, 7, 'Auto speed  Door', NULL, '2023-03-24 12:12:12', 1, NULL, NULL, 1),
(76, NULL, 1, NULL, NULL, NULL, 1, 7, 'Debox Machine', NULL, '2023-03-24 12:12:12', 1, NULL, NULL, 1),
(77, NULL, 1, NULL, NULL, NULL, 1, 7, 'Infrared Thermometer (เครื่องวัดอุณหภูมิอินฟาเรด)', NULL, '2023-03-24 12:12:12', 1, NULL, NULL, 1),
(78, NULL, 1, NULL, NULL, NULL, 1, 7, 'Standard Weight (ตุ้มน้ำหนักมาตรฐาน)', NULL, '2023-03-24 12:12:12', 1, NULL, NULL, 1),
(79, NULL, 1, NULL, NULL, NULL, 1, 7, 'Thermo-Hygrometer (เครื่องวัดอุณหภูมิและความชื้น)', NULL, '2023-03-24 12:12:12', 1, NULL, NULL, 1),
(80, NULL, 1, NULL, NULL, NULL, 1, 7, 'Truck (รถบรรทุก)', NULL, '2023-03-24 12:12:12', 1, NULL, NULL, 1),
(81, NULL, 1, NULL, NULL, NULL, 1, 7, 'Office Room (ห้องทำงาน)', NULL, '2023-03-24 12:12:12', 1, NULL, NULL, 1),
(82, NULL, 1, NULL, NULL, NULL, 1, 7, 'Meeting Room (ห้องประชุม)', NULL, '2023-03-24 12:12:12', 1, NULL, NULL, 1),
(83, NULL, 1, NULL, NULL, NULL, 1, 7, 'Server, เซิร์ฟเวอร์', NULL, '2023-03-24 12:12:12', 1, NULL, NULL, 1),
(84, NULL, 1, NULL, NULL, NULL, 1, 7, 'Security room', NULL, '2023-03-24 12:12:12', 1, NULL, NULL, 1),
(85, NULL, 1, NULL, NULL, NULL, 1, 7, 'Toilet Room (ห้องน้ำ)', NULL, '2023-03-24 12:12:12', 1, NULL, NULL, 1),
(86, NULL, 1, NULL, NULL, NULL, 1, 7, 'Overhead Door', NULL, '2023-03-24 12:12:12', 1, NULL, NULL, 1),
(87, NULL, 1, NULL, NULL, NULL, 1, 7, 'ประตูม้วนเหล็กไฟฟ้า', NULL, '2023-03-24 12:12:12', 1, NULL, NULL, 1),
(88, NULL, 1, NULL, NULL, NULL, 1, 7, 'Room (ห้อง)', NULL, '2023-03-24 12:12:12', 1, NULL, NULL, 1),
(89, NULL, 1, NULL, NULL, NULL, 1, 7, 'Maintenance Room', NULL, '2023-03-24 12:12:12', 1, NULL, NULL, 1),
(90, NULL, 1, NULL, NULL, NULL, 1, 7, 'Electric Control Room', NULL, '2023-03-24 12:12:12', 1, NULL, NULL, 1),
(91, NULL, 1, NULL, NULL, NULL, 1, 7, 'Control Room (ห้องควบคุม)', NULL, '2023-03-24 12:12:12', 1, NULL, NULL, 1),
(92, NULL, 1, NULL, NULL, NULL, 1, 7, 'Dock Load', NULL, '2023-03-24 12:12:12', 1, NULL, NULL, 1),
(93, NULL, 1, NULL, NULL, NULL, 1, 7, 'Anti Room (ห้องเย็นพักสินค้า)', NULL, '2023-03-24 12:12:12', 1, NULL, NULL, 1),
(94, NULL, 1, NULL, NULL, NULL, 1, 7, 'Packing Room', NULL, '2023-03-24 12:12:12', 1, NULL, NULL, 1),
(95, NULL, 1, NULL, NULL, NULL, 1, 7, 'Cold Room', NULL, '2023-03-24 12:12:12', 1, NULL, NULL, 1),
(96, NULL, 1, NULL, NULL, NULL, 1, 7, 'Freezer (ตู้แช่)', NULL, '2023-03-24 12:12:12', 1, NULL, NULL, 1),
(97, NULL, 1, NULL, NULL, NULL, 1, 7, 'Area (พื้นที่)', NULL, '2023-03-24 12:12:12', 1, NULL, NULL, 1),
(98, NULL, 1, NULL, NULL, NULL, 1, 7, 'Cold Storage Room', NULL, '2023-03-24 12:12:12', 1, NULL, NULL, 1),
(99, NULL, 1, NULL, NULL, NULL, 1, 7, 'Freezer Room', NULL, '2023-03-24 12:12:12', 1, NULL, NULL, 1),
(100, NULL, 1, NULL, NULL, NULL, 1, 7, 'Structure & Equipment', NULL, '2023-03-24 12:12:12', 1, NULL, NULL, 1),
(101, NULL, 1, NULL, NULL, NULL, 1, 7, 'Floor (พื้น)', NULL, '2023-03-24 12:12:12', 1, NULL, NULL, 1),
(102, NULL, 1, NULL, NULL, NULL, 1, 7, 'Office (สำนักงาน)', NULL, '2023-03-24 12:12:12', 1, NULL, NULL, 1),
(103, NULL, 1, NULL, NULL, NULL, 1, 7, 'LOAD/UNLOAD (จุดเข้าออกชิ้นงาน)', NULL, '2023-03-24 12:12:12', 1, NULL, NULL, 1),
(104, NULL, 1, NULL, NULL, NULL, 1, 7, 'Roof', NULL, '2023-03-24 12:12:12', 1, NULL, NULL, 1),
(105, NULL, 1, NULL, NULL, NULL, 1, 7, 'Sifter (ตะแกรงเหลี่ยม)', NULL, '2023-03-24 12:12:12', 1, NULL, NULL, 1),
(106, NULL, 1, NULL, NULL, NULL, 1, 7, 'PVC Strip Curtain (ม่านพลาสติก)', NULL, '2023-03-24 12:12:12', 1, NULL, NULL, 1),
(107, NULL, 1, NULL, NULL, NULL, 1, 7, 'Copy Machine', NULL, '2023-03-24 12:12:12', 1, NULL, NULL, 1),
(108, NULL, 1, NULL, NULL, NULL, 1, 7, 'Laminating Machine', NULL, '2023-03-24 12:12:12', 1, NULL, NULL, 1),
(109, NULL, 1, NULL, NULL, NULL, 1, 7, 'Auto Machine', NULL, '2023-03-24 12:12:12', 1, NULL, NULL, 1),
(110, NULL, 1, NULL, NULL, NULL, 1, 7, 'Fan (พัดลม)', NULL, '2023-03-24 12:12:12', 1, NULL, NULL, 1),
(111, NULL, 1, NULL, NULL, NULL, 1, 7, 'Electrical Office', NULL, '2023-03-24 12:12:12', 1, NULL, NULL, 1),
(112, NULL, 1, NULL, NULL, NULL, 1, 7, 'Microwave', NULL, '2023-03-24 12:12:12', 1, NULL, NULL, 1),
(113, NULL, 1, NULL, NULL, NULL, 1, 7, 'Battery', NULL, '2023-03-24 12:12:12', 1, NULL, NULL, 1),
(114, NULL, 1, NULL, NULL, NULL, 1, 7, 'MCB (ตู้จ่ายไฟ)', NULL, '2023-03-24 12:12:12', 1, NULL, NULL, 1),
(115, NULL, 1, NULL, NULL, NULL, 1, 7, 'Switch', NULL, '2023-03-24 12:12:12', 1, NULL, NULL, 1),
(116, NULL, 1, NULL, NULL, NULL, 1, 7, 'Spot Light', NULL, '2023-03-24 12:12:12', 1, NULL, NULL, 1),
(117, NULL, 1, NULL, NULL, NULL, 1, 7, 'Clock, Elapsed-Time', NULL, '2023-03-24 12:12:12', 1, NULL, NULL, 1),
(118, NULL, 1, NULL, NULL, NULL, 1, 7, 'Table', NULL, '2023-03-24 12:12:12', 1, NULL, NULL, 1),
(119, NULL, 1, NULL, NULL, NULL, 1, 7, 'Sink', NULL, '2023-03-24 12:12:12', 1, NULL, NULL, 1),
(120, NULL, 1, NULL, NULL, NULL, 1, 7, 'Chair (เก้าอี้)', NULL, '2023-03-24 12:12:12', 1, NULL, NULL, 1),
(121, NULL, 1, NULL, NULL, NULL, 1, 7, 'Carbinet (ตู้)', NULL, '2023-03-24 12:12:12', 1, NULL, NULL, 1),
(122, NULL, 1, NULL, NULL, NULL, 1, 7, 'Stacking Shelf', NULL, '2023-03-24 12:12:12', 1, NULL, NULL, 1),
(123, NULL, 1, NULL, NULL, NULL, 1, 7, 'Car (รถ)', NULL, '2023-03-24 12:12:12', 1, NULL, NULL, 1),
(124, NULL, 1, NULL, NULL, NULL, 1, 7, 'Valve, วาล์ว', NULL, '2023-03-24 12:12:12', 1, NULL, NULL, 1),
(125, NULL, 1, NULL, NULL, NULL, 1, 7, 'Fish Pond', NULL, '2023-03-24 12:12:12', 1, NULL, NULL, 1),
(126, NULL, 1, NULL, NULL, NULL, 1, 7, 'Solar Inverter', NULL, '2023-03-24 12:12:12', 1, NULL, NULL, 1),
(127, NULL, 1, NULL, NULL, NULL, 1, 7, 'Tool (เครื่องมือ)', NULL, '2023-03-24 12:12:12', 1, NULL, NULL, 1),
(128, NULL, 1, NULL, NULL, NULL, 1, 7, 'Bucket', NULL, '2023-03-24 12:12:12', 1, NULL, NULL, 1),
(129, NULL, 1, NULL, NULL, NULL, 1, 7, 'Pinch Valve', NULL, '2023-03-24 12:12:12', 1, NULL, NULL, 1),
(130, NULL, 1, NULL, NULL, NULL, 1, 7, 'Equipment​ Inline​ Unit', NULL, '2023-03-24 12:12:12', 1, NULL, NULL, 1),
(131, NULL, 1, NULL, NULL, NULL, 1, 7, 'Tablet', NULL, '2023-03-24 12:12:12', 1, NULL, NULL, 1),
(132, NULL, 1, NULL, NULL, NULL, 1, 7, 'Fire Alarm System (ระบบแจ้งเหตุเพลิงไหม้)', NULL, '2023-03-24 12:12:12', 1, NULL, NULL, 1),
(133, NULL, 1, NULL, NULL, NULL, 1, 7, 'Cabinet (ตู้)', NULL, '2023-03-24 12:12:12', 1, NULL, NULL, 1),
(134, NULL, 1, NULL, NULL, NULL, 1, 7, 'Fire Hose (สายดับเพลิง)', NULL, '2023-03-24 12:12:12', 1, NULL, NULL, 1),
(135, NULL, 1, NULL, NULL, NULL, 1, 7, 'Clothes Dryers', NULL, '2023-03-24 12:12:12', 1, NULL, NULL, 1),
(136, NULL, 1, NULL, NULL, NULL, 1, 7, 'Balance Scales', NULL, '2023-03-24 12:12:12', 1, NULL, NULL, 1),
(137, NULL, 1, NULL, NULL, NULL, 1, 7, 'Cart (รถเข็น)', NULL, '2023-03-24 12:12:12', 1, NULL, NULL, 1),
(138, NULL, 1, NULL, NULL, NULL, 1, 7, 'Pallet Dolly', NULL, '2023-03-24 12:12:12', 1, NULL, NULL, 1),
(139, NULL, 1, NULL, NULL, NULL, 1, 7, 'Sign', NULL, '2023-03-24 12:12:12', 1, NULL, NULL, 1),
(140, NULL, 1, NULL, NULL, NULL, 1, 7, 'Emergency', NULL, '2023-03-24 12:12:12', 1, NULL, NULL, 1),
(141, NULL, 1, NULL, NULL, NULL, 1, 7, 'Fire Extinguisher (ถังดับเพลิง)', NULL, '2023-03-24 12:12:12', 1, NULL, NULL, 1),
(142, NULL, 1, NULL, NULL, NULL, 1, 7, 'Signboad', NULL, '2023-03-24 12:12:12', 1, NULL, NULL, 1),
(143, NULL, 1, NULL, NULL, NULL, 1, 7, 'Building (อาคาร, ตึก)', NULL, '2023-03-24 12:12:12', 1, NULL, NULL, 1),
(144, NULL, 1, NULL, NULL, NULL, 1, 7, 'Stacker (รถยกพาเลท, รถยกสูง)', NULL, '2023-03-24 12:12:12', 1, NULL, NULL, 1),
(145, NULL, 1, NULL, NULL, NULL, 1, 7, 'Washer (เครื่องล้างกะบะ)', NULL, '2023-03-24 12:12:12', 1, NULL, NULL, 1),
(146, NULL, 1, NULL, NULL, NULL, 1, 7, 'Pallet Wrapping Machine (เครื่องพันพาเลท)', NULL, '2023-03-24 12:12:12', 1, NULL, NULL, 1),
(147, NULL, 1, NULL, NULL, NULL, 1, 7, 'Rework', NULL, '2023-03-24 12:12:12', 1, NULL, NULL, 1),
(148, NULL, 1, NULL, NULL, NULL, 1, 7, 'Lift (ลิฟส่งของ)', NULL, '2023-03-24 12:12:12', 1, NULL, NULL, 1),
(149, NULL, 1, NULL, NULL, NULL, 1, 7, 'High Pressure (เครื่องฉีดน้ำแรงดันสูง)', NULL, '2023-03-24 12:12:12', 1, NULL, NULL, 1),
(150, NULL, 1, NULL, NULL, NULL, 1, 7, 'High Pressure Pump House', NULL, '2023-03-24 12:12:12', 1, NULL, NULL, 1),
(151, NULL, 1, NULL, NULL, NULL, 1, 7, 'Hydraulic Dock Leveler', NULL, '2023-03-24 12:12:12', 1, NULL, NULL, 1),
(152, NULL, 1, NULL, NULL, NULL, 1, 7, 'Electric Fork Lift Truck 3 tons', NULL, '2023-03-24 12:12:12', 1, NULL, NULL, 1),
(153, NULL, 1, NULL, NULL, NULL, 1, 7, 'Pallet Stacker', NULL, '2023-03-24 12:12:12', 1, NULL, NULL, 1),
(154, NULL, 1, NULL, NULL, NULL, 1, 7, 'Solar Cell True', NULL, '2023-03-24 12:12:12', 1, NULL, NULL, 1),
(155, 'CTV', 1, NULL, NULL, NULL, 1, 13, 'กล้องวงจรปิด', NULL, '2023-04-12 17:27:26', 8, NULL, NULL, 1),
(156, 'HWE', 1, NULL, NULL, NULL, 1, 13, 'ฮาร์ดแวร์ PC - Notebook', 'ฮาร์ดแวร์ทุกชนิด', '2023-04-12 17:26:13', 8, NULL, NULL, 1),
(157, 'SWE', 1, NULL, NULL, NULL, 1, 13, 'ซอฟต์แวร์', 'ซอฟต์แวร์', '2023-04-12 17:28:32', 8, NULL, NULL, 1),
(158, 'NET', 1, NULL, NULL, NULL, 1, 13, 'เน็ตเวิร์ค', NULL, '2023-04-12 17:28:59', 8, NULL, NULL, 1),
(159, 'OTH', 1, NULL, NULL, NULL, 1, 13, 'อุปกรณ์อื่นๆ', NULL, '2023-04-12 17:29:33', 8, NULL, NULL, 1),
(160, 'COM', 2, NULL, 156, NULL, 1, 13, 'คอมพิวเตอร์', 'คอมพิวเตอร์เซ็ต', '2023-04-12 17:30:13', 8, NULL, NULL, 1),
(161, 'NTB', 2, NULL, 156, NULL, 1, 13, 'โน๊ตบุ๊ค', NULL, '2023-04-12 17:30:58', 8, NULL, NULL, 1),
(162, 'TAB', 1, NULL, NULL, NULL, 1, 13, 'แท็บเล็ต', 'test', '2023-04-19 02:07:20', 8, NULL, NULL, 1),
(163, 'WWW', 1, NULL, NULL, NULL, NULL, 13, 'แท็บเล็ตz', 'แท็บเล็ต	', '2023-04-16 13:02:45', 8, NULL, NULL, 1),
(164, 'PRT', 2, NULL, 156, NULL, 1, 13, 'Printer', NULL, '2023-04-19 02:11:03', 18, NULL, NULL, 1),
(165, 'NON', 1, NULL, NULL, NULL, 3, 7, 'ไม่ระบุหมวด', NULL, '2023-04-20 02:51:30', 4, NULL, NULL, 1),
(166, 'TET', 1, NULL, NULL, NULL, 1, 14, 'หมวดทดสอบ', NULL, '2023-04-21 02:27:19', 1, NULL, NULL, 2),
(167, NULL, 1, NULL, NULL, NULL, 5, 8, 'ไม่มีหมวด', NULL, '2023-04-24 14:14:14', 1, NULL, NULL, 1),
(168, NULL, 1, NULL, NULL, NULL, 5, 8, 'Standard Weight (F1) (ตุ้มน้ำหนัก)', NULL, '2023-04-24 14:14:14', 1, NULL, NULL, 1),
(169, NULL, 1, NULL, NULL, NULL, 5, 8, 'Electronic Balance', NULL, '2023-04-24 14:14:14', 1, NULL, NULL, 1),
(170, NULL, 1, NULL, NULL, NULL, 5, 8, 'Digital Thermometer with Probe (โพรบวัดอุณหภูมิ)', NULL, '2023-04-24 14:14:14', 1, NULL, NULL, 1),
(171, NULL, 1, NULL, NULL, NULL, 5, 8, 'Digital Thermometer (เทอร์โมมิเตอร์แบบดิจิตอล)', NULL, '2023-04-24 14:14:14', 1, NULL, NULL, 1),
(172, NULL, 1, NULL, NULL, NULL, 5, 8, 'Gas Detector (เครื่องวัดแก็ส)', NULL, '2023-04-24 14:14:14', 1, NULL, NULL, 1),
(173, NULL, 1, NULL, NULL, NULL, 5, 8, 'Lux Meter (เครื่องวัดความเข้มแสง, เครื่องวัดแสง)', NULL, '2023-04-24 14:14:14', 1, NULL, NULL, 1),
(174, NULL, 1, NULL, NULL, NULL, 5, 8, 'Machine Balance', NULL, '2023-04-24 14:14:14', 1, NULL, NULL, 1),
(175, NULL, 1, NULL, NULL, NULL, 5, 8, 'Screw Compressor (เครื่องอัดลมแบบสกรู, ปั๊มลมสกรู)', NULL, '2023-04-24 14:14:14', 1, NULL, NULL, 1),
(176, NULL, 1, NULL, NULL, NULL, 5, 8, 'Wood Impregnation Vessel (ถังอัดน้ำยา, เครื่องอัดน้ายา)', NULL, '2023-04-24 14:14:14', 1, NULL, NULL, 1),
(177, NULL, 1, NULL, NULL, NULL, 5, 8, 'Pump, ปั๊ม (เครื่องสูบ)', NULL, '2023-04-24 14:14:14', 1, NULL, NULL, 1),
(178, NULL, 1, NULL, NULL, NULL, 5, 8, 'Inter Cooler Tank', NULL, '2023-04-24 14:14:14', 1, NULL, NULL, 1),
(179, NULL, 1, NULL, NULL, NULL, 5, 8, 'Low Pressure Reciver', NULL, '2023-04-24 14:14:14', 1, NULL, NULL, 1),
(180, NULL, 1, NULL, NULL, NULL, 5, 8, 'Evaporative Condenser (เครื่องควบแน่นแบบระเหย, ระบายความร้อนแบบการระเหย)', NULL, '2023-04-24 14:14:14', 1, NULL, NULL, 1),
(181, NULL, 1, NULL, NULL, NULL, 5, 8, 'Air Purger', NULL, '2023-04-24 14:14:14', 1, NULL, NULL, 1),
(182, NULL, 1, NULL, NULL, NULL, 5, 8, 'Cold Room (ห้องเย็น)', NULL, '2023-04-24 14:14:14', 1, NULL, NULL, 1),
(183, NULL, 1, NULL, NULL, NULL, 5, 8, 'Chill Tunnel', NULL, '2023-04-24 14:14:14', 1, NULL, NULL, 1),
(184, NULL, 1, NULL, NULL, NULL, 5, 8, 'Cold Pack Chilling Unit', NULL, '2023-04-24 14:14:14', 1, NULL, NULL, 1),
(185, NULL, 1, NULL, NULL, NULL, 5, 8, 'Mobile Rack (ชั้นวางสินค้า)', NULL, '2023-04-24 14:14:14', 1, NULL, NULL, 1),
(186, NULL, 1, NULL, NULL, NULL, 5, 8, 'Power Pallet Truck (รถพาเลทไฟฟ้า)', NULL, '2023-04-24 14:14:14', 1, NULL, NULL, 1),
(187, NULL, 1, NULL, NULL, NULL, 5, 8, 'Magnetic Conveyor (สายพานลำเลียงแบบแม่เหล็ก)', NULL, '2023-04-24 14:14:14', 1, NULL, NULL, 1),
(188, NULL, 1, NULL, NULL, NULL, 5, 8, 'Carbon Filter Tank (ถังกรองคาร์บอน, ถังกรองถ่าน)', NULL, '2023-04-24 14:14:14', 1, NULL, NULL, 1),
(189, NULL, 1, NULL, NULL, NULL, 5, 8, 'Resin Fillter Tanks (ถังกรองเรซิ่น)', NULL, '2023-04-24 14:14:14', 1, NULL, NULL, 1),
(190, NULL, 1, NULL, NULL, NULL, 5, 8, 'Transformer (หม้อแปลงไฟฟ้า)', NULL, '2023-04-24 14:14:14', 1, NULL, NULL, 1),
(191, NULL, 1, NULL, NULL, NULL, 5, 8, 'Water Pump (ปั๊มน้ำ, เครื่องสูบน้ำ)', NULL, '2023-04-24 14:14:14', 1, NULL, NULL, 1),
(192, NULL, 1, NULL, NULL, NULL, 5, 8, 'Electric Insect Killer (เครื่องดักแมลง)', NULL, '2023-04-24 14:14:14', 1, NULL, NULL, 1),
(193, NULL, 1, NULL, NULL, NULL, 5, 8, 'Low Pressure Pump', NULL, '2023-04-24 14:14:14', 1, NULL, NULL, 1),
(194, NULL, 1, NULL, NULL, NULL, 5, 8, 'Air Blast (ห้องฟรีส)', NULL, '2023-04-24 14:14:14', 1, NULL, NULL, 1),
(195, NULL, 1, NULL, NULL, NULL, 5, 8, 'Forklift (รถโฟล์คลิฟท์)', NULL, '2023-04-24 14:14:14', 1, NULL, NULL, 1),
(196, NULL, 1, NULL, NULL, NULL, 5, 8, 'Electric Forklift (รถโฟล์คลิฟท์ไฟฟ้า)', NULL, '2023-04-24 14:14:14', 1, NULL, NULL, 1),
(197, NULL, 1, NULL, NULL, NULL, 5, 8, 'Car Lift (รถแฮนด์ลิฟท์)', NULL, '2023-04-24 14:14:14', 1, NULL, NULL, 1),
(198, NULL, 1, NULL, NULL, NULL, 5, 8, 'Meat Seperator (เครื่องรีดเนื้อ)', NULL, '2023-04-24 14:14:14', 1, NULL, NULL, 1),
(199, NULL, 1, NULL, NULL, NULL, 5, 8, 'Washer (เครื่องล้างถาด)', NULL, '2023-04-24 14:14:14', 1, NULL, NULL, 1),
(200, NULL, 1, NULL, NULL, NULL, 5, 8, 'Generator (เครื่องปั่นไฟ, เครื่องกำเนิดไฟฟ้า)', NULL, '2023-04-24 14:14:14', 1, NULL, NULL, 1),
(201, NULL, 1, NULL, NULL, NULL, 5, 8, 'Power Meter, Radiofrequency, Shortwave Diathermy Unit', NULL, '2023-04-24 14:14:14', 1, NULL, NULL, 1),
(202, NULL, 1, NULL, NULL, NULL, 5, 8, 'Compressor, คอมเพรสเซอร์', NULL, '2023-04-24 14:14:14', 1, NULL, NULL, 1),
(203, NULL, 1, NULL, NULL, NULL, 5, 8, 'Chilling Storage Room', NULL, '2023-04-24 14:14:14', 1, NULL, NULL, 1),
(204, NULL, 1, NULL, NULL, NULL, 5, 8, 'Cooling Tower (หอหล่อเย็น)', NULL, '2023-04-24 14:14:14', 1, NULL, NULL, 1),
(205, NULL, 1, NULL, NULL, NULL, 5, 8, 'Air Cooled Chiller, แอร์ชิลเลอร์ (เครื่องทำความเย็น)', NULL, '2023-04-24 14:14:14', 1, NULL, NULL, 1),
(206, NULL, 1, NULL, NULL, NULL, 5, 8, 'Forklift, โฟล์คลิฟท์ (รถยก)', NULL, '2023-04-24 14:14:14', 1, NULL, NULL, 1),
(207, NULL, 1, NULL, NULL, NULL, 5, 8, 'Fire Pump (ปั๊มน้ำดับเพลิง, เครื่องสูบน้ำดับเพลิง)', NULL, '2023-04-24 14:14:14', 1, NULL, NULL, 1),
(208, NULL, 1, NULL, NULL, NULL, 5, 8, 'Air Conditioner (แอร์)', NULL, '2023-04-24 14:14:14', 1, NULL, NULL, 1),
(209, NULL, 1, NULL, NULL, NULL, 5, 8, 'Water Cooler (เครื่องทำน้ำเย็น)', NULL, '2023-04-24 14:14:14', 1, NULL, NULL, 1),
(210, NULL, 1, NULL, NULL, NULL, 5, 8, 'Refrigerator (ตู้แช่เย็น, ตู้เย็น)', NULL, '2023-04-24 14:14:14', 1, NULL, NULL, 1),
(211, NULL, 1, NULL, NULL, NULL, 5, 8, 'Conveyor (สายพานลำเลียง)', NULL, '2023-04-24 14:14:14', 1, NULL, NULL, 1),
(212, NULL, 1, NULL, NULL, NULL, 5, 8, 'Analog Multimeter', NULL, '2023-04-24 14:14:14', 1, NULL, NULL, 1),
(213, NULL, 1, NULL, NULL, NULL, 5, 8, 'Electrical Control Panel (ตู้คอนโทรลไฟฟ้า)', NULL, '2023-04-24 14:14:14', 1, NULL, NULL, 1),
(214, NULL, 1, NULL, NULL, NULL, 5, 8, 'Fish Washer (เครื่องล้างปลา)', NULL, '2023-04-24 14:14:14', 1, NULL, NULL, 1),
(215, NULL, 1, NULL, NULL, NULL, 5, 8, 'Softener Filter Tank (ระบบถังกรองน้ำอ่อน)', NULL, '2023-04-24 14:14:14', 1, NULL, NULL, 1),
(216, NULL, 1, NULL, NULL, NULL, 5, 8, 'High Pressure Pump (ปั้มแรงดันสูง)', NULL, '2023-04-24 14:14:14', 1, NULL, NULL, 1),
(217, NULL, 1, NULL, NULL, NULL, 5, 8, 'Evaporator', NULL, '2023-04-24 14:14:14', 1, NULL, NULL, 1),
(218, NULL, 1, NULL, NULL, NULL, 5, 8, 'Emergency Light (ไฟฉุกเฉิน)', NULL, '2023-04-24 14:14:14', 1, NULL, NULL, 1),
(219, NULL, 1, NULL, NULL, NULL, 5, 8, 'Spiral Freezer Conveyor', NULL, '2023-04-24 14:14:14', 1, NULL, NULL, 1),
(220, NULL, 1, NULL, NULL, NULL, 5, 8, 'Rolling Machine', NULL, '2023-04-24 14:14:14', 1, NULL, NULL, 1),
(221, NULL, 1, NULL, NULL, NULL, 5, 8, 'Strapping Machine (เครื่องรัดกล่อง)', NULL, '2023-04-24 14:14:14', 1, NULL, NULL, 1),
(222, NULL, 1, NULL, NULL, NULL, 5, 8, 'Metal Detector (เครื่องตรวจจับโลหะ)', NULL, '2023-04-24 14:14:14', 1, NULL, NULL, 1),
(223, NULL, 1, NULL, NULL, NULL, 5, 8, 'Inverter Solar', NULL, '2023-04-24 14:14:14', 1, NULL, NULL, 1),
(224, NULL, 1, NULL, NULL, NULL, 5, 8, 'Sand Tank', NULL, '2023-04-24 14:14:14', 1, NULL, NULL, 1),
(225, NULL, 1, NULL, NULL, NULL, 5, 8, 'Reverse Osmosis (RO) (การกรองน้ำแบบ Reverse Osmosis)', NULL, '2023-04-24 14:14:14', 1, NULL, NULL, 1),
(226, NULL, 1, NULL, NULL, NULL, 5, 8, 'Wastewater Treatment (ระบบบําบัดน้ําเสีย)', NULL, '2023-04-24 14:14:14', 1, NULL, NULL, 1),
(227, NULL, 1, NULL, NULL, NULL, 5, 8, 'Sandblasting Machine (เครื่องยิงทราย)', NULL, '2023-04-24 14:14:14', 1, NULL, NULL, 1),
(228, NULL, 1, NULL, NULL, NULL, 5, 8, 'Air Handling Unit (AHU) (เครื่องส่งลม, เครื่องควบคุมอากาศ)', NULL, '2023-04-24 14:14:14', 1, NULL, NULL, 1),
(229, NULL, 1, NULL, NULL, NULL, 5, 8, 'Ammonia Shell and Tube Tank', NULL, '2023-04-24 14:14:14', 1, NULL, NULL, 1),
(230, NULL, 1, NULL, NULL, NULL, 5, 8, 'Dock Leveler (สะพานปรับระดับ)', NULL, '2023-04-24 14:14:14', 1, NULL, NULL, 1),
(231, NULL, 1, NULL, NULL, NULL, 5, 8, 'Lift Machine (ลิฟท์ยกของ)', NULL, '2023-04-24 14:14:14', 1, NULL, NULL, 1),
(232, NULL, 1, NULL, NULL, NULL, 5, 8, 'ASRS System (ระบบจัดเก็บสินค้าอัตโนมัติ)', NULL, '2023-04-24 14:14:14', 1, NULL, NULL, 1),
(233, NULL, 1, NULL, NULL, NULL, 5, 8, 'Air Shower, แอร์ชาวเวอร์ (ม่านอากาศ, พัดลมเป่าอากาศ)', NULL, '2023-04-24 14:14:14', 1, NULL, NULL, 1),
(234, NULL, 1, NULL, NULL, NULL, 5, 8, 'Pump Vessel', NULL, '2023-04-24 14:14:14', 1, NULL, NULL, 1),
(235, NULL, 1, NULL, NULL, NULL, 5, 8, 'Air Cleaner, Particulate/Gas/Vapor', NULL, '2023-04-24 14:14:14', 1, NULL, NULL, 1),
(236, NULL, 1, NULL, NULL, NULL, 5, 8, 'Belt Convayer (สายพานลำเลียงยาง)', NULL, '2023-04-24 14:14:14', 1, NULL, NULL, 1),
(237, NULL, 1, NULL, NULL, NULL, 5, 8, 'Wastwater Treatment Tank (บ่อบำบัดน้ำเสีย)', NULL, '2023-04-24 14:14:14', 1, NULL, NULL, 1),
(238, NULL, 1, NULL, NULL, NULL, 5, 8, 'AUTO SCRUBBING MACHINE(เครื่องขัดพื้น)', NULL, '2023-04-24 14:14:14', 1, NULL, NULL, 1),
(239, NULL, 1, NULL, NULL, NULL, 5, 8, 'Temperature And Humidity (เครื่องวัดอุณหภูมิและความชื้น)', NULL, '2023-04-24 14:14:14', 1, NULL, NULL, 1),
(240, NULL, 1, NULL, NULL, NULL, 5, 8, 'Auto Door (ประตูอัตโนมัติ)', NULL, '2023-04-24 14:14:14', 1, NULL, NULL, 1),
(241, NULL, 1, NULL, NULL, NULL, 5, 8, 'Auto speed Door', NULL, '2023-04-24 14:14:14', 1, NULL, NULL, 1),
(242, NULL, 1, NULL, NULL, NULL, 5, 8, 'Debox Machine', NULL, '2023-04-24 14:14:14', 1, NULL, NULL, 1),
(243, NULL, 1, NULL, NULL, NULL, 5, 8, 'Infrared Thermometer (เครื่องวัดอุณหภูมิอินฟาเรด)', NULL, '2023-04-24 14:14:14', 1, NULL, NULL, 1),
(244, NULL, 1, NULL, NULL, NULL, 5, 8, 'Standard Weight (ตุ้มน้ำหนักมาตรฐาน)', NULL, '2023-04-24 14:14:14', 1, NULL, NULL, 1),
(245, NULL, 1, NULL, NULL, NULL, 5, 8, 'Thermo-Hygrometer (เครื่องวัดอุณหภูมิและความชื้น)', NULL, '2023-04-24 14:14:14', 1, NULL, NULL, 1),
(246, NULL, 1, NULL, NULL, NULL, 5, 8, 'Truck (รถบรรทุก)', NULL, '2023-04-24 14:14:14', 1, NULL, NULL, 1),
(247, NULL, 1, NULL, NULL, NULL, 5, 8, 'Office Room (ห้องทำงาน)', NULL, '2023-04-24 14:14:14', 1, NULL, NULL, 1),
(248, NULL, 1, NULL, NULL, NULL, 5, 8, 'Meeting Room (ห้องประชุม)', NULL, '2023-04-24 14:14:14', 1, NULL, NULL, 1),
(249, NULL, 1, NULL, NULL, NULL, 5, 8, 'Server, เซิร์ฟเวอร์', NULL, '2023-04-24 14:14:14', 1, NULL, NULL, 1),
(250, NULL, 1, NULL, NULL, NULL, 5, 8, 'Security room', NULL, '2023-04-24 14:14:14', 1, NULL, NULL, 1),
(251, NULL, 1, NULL, NULL, NULL, 5, 8, 'Toilet Room (ห้องน้ำ)', NULL, '2023-04-24 14:14:14', 1, NULL, NULL, 1),
(252, NULL, 1, NULL, NULL, NULL, 5, 8, 'Overhead Door', NULL, '2023-04-24 14:14:14', 1, NULL, NULL, 1),
(253, NULL, 1, NULL, NULL, NULL, 5, 8, 'ประตูม้วนเหล็กไฟฟ้า', NULL, '2023-04-24 14:14:14', 1, NULL, NULL, 1),
(254, NULL, 1, NULL, NULL, NULL, 5, 8, 'Room (ห้อง)', NULL, '2023-04-24 14:14:14', 1, NULL, NULL, 1),
(255, NULL, 1, NULL, NULL, NULL, 5, 8, 'Maintenance Room', NULL, '2023-04-24 14:14:14', 1, NULL, NULL, 1),
(256, NULL, 1, NULL, NULL, NULL, 5, 8, 'Electric Control Room', NULL, '2023-04-24 14:14:14', 1, NULL, NULL, 1),
(257, NULL, 1, NULL, NULL, NULL, 5, 8, 'Control Room (ห้องควบคุม)', NULL, '2023-04-24 14:14:14', 1, NULL, NULL, 1),
(258, NULL, 1, NULL, NULL, NULL, 5, 8, 'Dock Load', NULL, '2023-04-24 14:14:14', 1, NULL, NULL, 1),
(259, NULL, 1, NULL, NULL, NULL, 5, 8, 'Anti Room (ห้องเย็นพักสินค้า)', NULL, '2023-04-24 14:14:14', 1, NULL, NULL, 1),
(260, NULL, 1, NULL, NULL, NULL, 5, 8, 'Packing Room', NULL, '2023-04-24 14:14:14', 1, NULL, NULL, 1),
(261, NULL, 1, NULL, NULL, NULL, 5, 8, 'Cold Room', NULL, '2023-04-24 14:14:14', 1, NULL, NULL, 1),
(262, NULL, 1, NULL, NULL, NULL, 5, 8, 'Freezer (ตู้แช่)', NULL, '2023-04-24 14:14:14', 1, NULL, NULL, 1),
(263, NULL, 1, NULL, NULL, NULL, 5, 8, 'Area (พื้นที่)', NULL, '2023-04-24 14:14:14', 1, NULL, NULL, 1),
(264, NULL, 1, NULL, NULL, NULL, 5, 8, 'Cold Storage Room', NULL, '2023-04-24 14:14:14', 1, NULL, NULL, 1),
(265, NULL, 1, NULL, NULL, NULL, 5, 8, 'Freezer Room', NULL, '2023-04-24 14:14:14', 1, NULL, NULL, 1),
(266, NULL, 1, NULL, NULL, NULL, 5, 8, 'Structure & Equipment', NULL, '2023-04-24 14:14:14', 1, NULL, NULL, 1),
(267, NULL, 1, NULL, NULL, NULL, 5, 8, 'Floor (พื้น)', NULL, '2023-04-24 14:14:14', 1, NULL, NULL, 1),
(268, NULL, 1, NULL, NULL, NULL, 5, 8, 'Office (สำนักงาน)', NULL, '2023-04-24 14:14:14', 1, NULL, NULL, 1),
(269, NULL, 1, NULL, NULL, NULL, 5, 8, 'LOAD/UNLOAD (จุดเข้าออกชิ้นงาน)', NULL, '2023-04-24 14:14:14', 1, NULL, NULL, 1),
(270, NULL, 1, NULL, NULL, NULL, 5, 8, 'Roof', NULL, '2023-04-24 14:14:14', 1, NULL, NULL, 1),
(271, NULL, 1, NULL, NULL, NULL, 5, 8, 'Sifter (ตะแกรงเหลี่ยม)', NULL, '2023-04-24 14:14:14', 1, NULL, NULL, 1),
(272, NULL, 1, NULL, NULL, NULL, 5, 8, 'PVC Strip Curtain (ม่านพลาสติก)', NULL, '2023-04-24 14:14:14', 1, NULL, NULL, 1),
(273, NULL, 1, NULL, NULL, NULL, 5, 8, 'Copy Machine', NULL, '2023-04-24 14:14:14', 1, NULL, NULL, 1),
(274, NULL, 1, NULL, NULL, NULL, 5, 8, 'Laminating Machine', NULL, '2023-04-24 14:14:14', 1, NULL, NULL, 1),
(275, NULL, 1, NULL, NULL, NULL, 5, 8, 'Auto Machine', NULL, '2023-04-24 14:14:14', 1, NULL, NULL, 1),
(276, NULL, 1, NULL, NULL, NULL, 5, 8, 'Fan (พัดลม)', NULL, '2023-04-24 14:14:14', 1, NULL, NULL, 1),
(277, NULL, 1, NULL, NULL, NULL, 5, 8, 'Electrical Office', NULL, '2023-04-24 14:14:14', 1, NULL, NULL, 1),
(278, NULL, 1, NULL, NULL, NULL, 5, 8, 'Microwave', NULL, '2023-04-24 14:14:14', 1, NULL, NULL, 1),
(279, NULL, 1, NULL, NULL, NULL, 5, 8, 'Battery', NULL, '2023-04-24 14:14:14', 1, NULL, NULL, 1),
(280, NULL, 1, NULL, NULL, NULL, 5, 8, 'MCB (ตู้จ่ายไฟ)', NULL, '2023-04-24 14:14:14', 1, NULL, NULL, 1),
(281, NULL, 1, NULL, NULL, NULL, 5, 8, 'Switch', NULL, '2023-04-24 14:14:14', 1, NULL, NULL, 1),
(282, NULL, 1, NULL, NULL, NULL, 5, 8, 'Spot Light', NULL, '2023-04-24 14:14:14', 1, NULL, NULL, 1),
(283, NULL, 1, NULL, NULL, NULL, 5, 8, 'Clock, Elapsed-Time', NULL, '2023-04-24 14:14:14', 1, NULL, NULL, 1),
(284, NULL, 1, NULL, NULL, NULL, 5, 8, 'Table', NULL, '2023-04-24 14:14:14', 1, NULL, NULL, 1),
(285, NULL, 1, NULL, NULL, NULL, 5, 8, 'Sink', NULL, '2023-04-24 14:14:14', 1, NULL, NULL, 1),
(286, NULL, 1, NULL, NULL, NULL, 5, 8, 'Chair (เก้าอี้)', NULL, '2023-04-24 14:14:14', 1, NULL, NULL, 1),
(287, NULL, 1, NULL, NULL, NULL, 5, 8, 'Carbinet (ตู้)', NULL, '2023-04-24 14:14:14', 1, NULL, NULL, 1),
(288, NULL, 1, NULL, NULL, NULL, 5, 8, 'Stacking Shelf', NULL, '2023-04-24 14:14:14', 1, NULL, NULL, 1),
(289, NULL, 1, NULL, NULL, NULL, 5, 8, 'Car (รถ)', NULL, '2023-04-24 14:14:14', 1, NULL, NULL, 1),
(290, NULL, 1, NULL, NULL, NULL, 5, 8, 'Valve, วาล์ว', NULL, '2023-04-24 14:14:14', 1, NULL, NULL, 1),
(291, NULL, 1, NULL, NULL, NULL, 5, 8, 'Fish Pond', NULL, '2023-04-24 14:14:14', 1, NULL, NULL, 1),
(292, NULL, 1, NULL, NULL, NULL, 5, 8, 'Solar Inverter', NULL, '2023-04-24 14:14:14', 1, NULL, NULL, 1),
(293, NULL, 1, NULL, NULL, NULL, 5, 8, 'Tool (เครื่องมือ)', NULL, '2023-04-24 14:14:14', 1, NULL, NULL, 1),
(294, NULL, 1, NULL, NULL, NULL, 5, 8, 'Bucket', NULL, '2023-04-24 14:14:14', 1, NULL, NULL, 1),
(295, NULL, 1, NULL, NULL, NULL, 5, 8, 'Pinch Valve', NULL, '2023-04-24 14:14:14', 1, NULL, NULL, 1),
(296, NULL, 1, NULL, NULL, NULL, 5, 8, 'Equipment​ Inline​ Unit', NULL, '2023-04-24 14:14:14', 1, NULL, NULL, 1),
(297, NULL, 1, NULL, NULL, NULL, 5, 8, 'Tablet', NULL, '2023-04-24 14:14:14', 1, NULL, NULL, 1),
(298, NULL, 1, NULL, NULL, NULL, 5, 8, 'Fire Alarm System (ระบบแจ้งเหตุเพลิงไหม้)', NULL, '2023-04-24 14:14:14', 1, NULL, NULL, 1),
(299, NULL, 1, NULL, NULL, NULL, 5, 8, 'Cabinet (ตู้)', NULL, '2023-04-24 14:14:14', 1, NULL, NULL, 1),
(300, NULL, 1, NULL, NULL, NULL, 5, 8, 'Fire Hose (สายดับเพลิง)', NULL, '2023-04-24 14:14:14', 1, NULL, NULL, 1),
(301, NULL, 1, NULL, NULL, NULL, 5, 8, 'Clothes Dryers', NULL, '2023-04-24 14:14:14', 1, NULL, NULL, 1),
(302, NULL, 1, NULL, NULL, NULL, 5, 8, 'Balance Scales', NULL, '2023-04-24 14:14:14', 1, NULL, NULL, 1),
(303, NULL, 1, NULL, NULL, NULL, 5, 8, 'Cart (รถเข็น)', NULL, '2023-04-24 14:14:14', 1, NULL, NULL, 1),
(304, NULL, 1, NULL, NULL, NULL, 5, 8, 'Pallet Dolly', NULL, '2023-04-24 14:14:14', 1, NULL, NULL, 1),
(305, NULL, 1, NULL, NULL, NULL, 5, 8, 'Sign', NULL, '2023-04-24 14:14:14', 1, NULL, NULL, 1),
(306, NULL, 1, NULL, NULL, NULL, 5, 8, 'Emergency', NULL, '2023-04-24 14:14:14', 1, NULL, NULL, 1),
(307, NULL, 1, NULL, NULL, NULL, 5, 8, 'Fire Extinguisher (ถังดับเพลิง)', NULL, '2023-04-24 14:14:14', 1, NULL, NULL, 1),
(308, NULL, 1, NULL, NULL, NULL, 5, 8, 'Signboad', NULL, '2023-04-24 14:14:14', 1, NULL, NULL, 1),
(309, NULL, 1, NULL, NULL, NULL, 5, 8, 'Building (อาคาร, ตึก)', NULL, '2023-04-24 14:14:14', 1, NULL, NULL, 1),
(310, NULL, 1, NULL, NULL, NULL, 5, 8, 'Stacker (รถยกพาเลท, รถยกสูง)', NULL, '2023-04-24 14:14:14', 1, NULL, NULL, 1),
(311, NULL, 1, NULL, NULL, NULL, 5, 8, 'Washer (เครื่องล้างกะบะ)', NULL, '2023-04-24 14:14:14', 1, NULL, NULL, 1),
(312, NULL, 1, NULL, NULL, NULL, 5, 8, 'Pallet Wrapping Machine (เครื่องพันพาเลท)', NULL, '2023-04-24 14:14:14', 1, NULL, NULL, 1),
(313, NULL, 1, NULL, NULL, NULL, 5, 8, 'Rework', NULL, '2023-04-24 14:14:14', 1, NULL, NULL, 1),
(314, NULL, 1, NULL, NULL, NULL, 5, 8, 'Lift (ลิฟส่งของ)', NULL, '2023-04-24 14:14:14', 1, NULL, NULL, 1),
(315, NULL, 1, NULL, NULL, NULL, 5, 8, 'High Pressure (เครื่องฉีดน้ำแรงดันสูง)', NULL, '2023-04-24 14:14:14', 1, NULL, NULL, 1),
(316, NULL, 1, NULL, NULL, NULL, 5, 8, 'High Pressure Pump House', NULL, '2023-04-24 14:14:14', 1, NULL, NULL, 1),
(317, NULL, 1, NULL, NULL, NULL, 5, 8, 'Hydraulic Dock Leveler', NULL, '2023-04-24 14:14:14', 1, NULL, NULL, 1),
(318, NULL, 1, NULL, NULL, NULL, 5, 8, 'Electric Fork Lift Truck 3 tons', NULL, '2023-04-24 14:14:14', 1, NULL, NULL, 1),
(319, NULL, 1, NULL, NULL, NULL, 5, 8, 'Pallet Stacker', NULL, '2023-04-24 14:14:14', 1, NULL, NULL, 1),
(320, NULL, 1, NULL, NULL, NULL, 5, 8, 'Solar Cell True', NULL, '2023-04-24 14:14:14', 1, NULL, NULL, 1),
(321, 'MOB', 1, NULL, NULL, NULL, 1, 13, 'โทรศัพท์มือถือ', NULL, '2023-04-25 02:11:47', 1, NULL, NULL, 1),
(322, NULL, 1, NULL, NULL, NULL, 7, 4, 'รถบรรทุก', NULL, '2023-05-05 03:38:37', 50, NULL, NULL, 1);

-- --------------------------------------------------------

--
-- Table structure for table `tb_caused_by_code`
--

CREATE TABLE `tb_caused_by_code` (
  `id_caused_by_code` int NOT NULL,
  `ref_id_dept` int NOT NULL COMMENT 'REF.ไอดีแผนก',
  `caused_by_code` varchar(6) COLLATE utf8mb4_unicode_ci DEFAULT NULL COMMENT 'รหัสสาเหตุเสีย',
  `caused_by_name` varchar(50) COLLATE utf8mb4_unicode_ci NOT NULL COMMENT 'สาเหตุเสีย',
  `caused_by_remark` longtext COLLATE utf8mb4_unicode_ci,
  `caused_by_code_status` int NOT NULL COMMENT '1-ใช้งาน/2-ยกเลิก'
) ENGINE=InnoDB DEFAULT CHARSET=utf8mb4 COLLATE=utf8mb4_unicode_ci COMMENT='ตารางข้อมูลสาเหตุเสีย(MASTER)';

--
-- Dumping data for table `tb_caused_by_code`
--

INSERT INTO `tb_caused_by_code` (`id_caused_by_code`, `ref_id_dept`, `caused_by_code`, `caused_by_name`, `caused_by_remark`, `caused_by_code_status`) VALUES
(1, 13, 'ITF-01', 'ไดรฟ์เวอร์มีปัญหา,เสีย', 'ไดรฟ์เวอร์มีปัญหา,เสีย', 1),
(2, 13, 'ITF-02', 'HDD BAD Sector / Error Code', 'ติดแบด, มี Error Code', 1),
(3, 13, 'ITF-03', 'Hardware เสียหาย', 'Hardware เสียหาย', 1),
(4, 13, 'ITF-04', 'เสื่อมสภาพ-หมดอายุการใช้งาน', 'ใช้กับทุก Device', 1),
(5, 13, 'ITF-05', 'แบตเตอรี่เสื่อม', 'แบตเตอรี่เสื่อม **ใช้กับทุก Device', 1);

-- --------------------------------------------------------

--
-- Table structure for table `tb_change_parts`
--

CREATE TABLE `tb_change_parts` (
  `id_parts` int NOT NULL,
  `ref_id_maintenance_request` int NOT NULL COMMENT 'REF.ไอดีใบแจ้งซ่อม',
  `parts_serialno` varchar(20) COLLATE utf8mb4_unicode_ci DEFAULT NULL COMMENT 'ซีเรียลนัมเบอร์(ถ้ามี)',
  `parts_name` varchar(80) COLLATE utf8mb4_unicode_ci NOT NULL COMMENT 'ชื่ออะไหล่',
  `parts_description` varchar(80) COLLATE utf8mb4_unicode_ci DEFAULT NULL COMMENT 'อธิบายอะไหล่ที่เปลี่ยน(ถ้ามี)',
  `parts_price` double DEFAULT NULL COMMENT 'ราคา(ถ้ามี)',
  `parts_qty` int DEFAULT NULL COMMENT 'จำนวนชิ้น(ถ้ามี)',
  `date_parts_change` datetime DEFAULT NULL COMMENT 'วันที่เปลี่ยนอะไหล่(ถ้ามี)',
  `ref_id_user_change` int NOT NULL COMMENT 'REF.ไอดีผู้อัพเดท',
  `date_adddata` datetime NOT NULL COMMENT 'วันที่อัพเดทข้อมูล'
) ENGINE=InnoDB DEFAULT CHARSET=utf8mb4 COLLATE=utf8mb4_unicode_ci COMMENT='ตารางรายการอะไหล่ที่เปลี่ยน';

--
-- Dumping data for table `tb_change_parts`
--

INSERT INTO `tb_change_parts` (`id_parts`, `ref_id_maintenance_request`, `parts_serialno`, `parts_name`, `parts_description`, `parts_price`, `parts_qty`, `date_parts_change`, `ref_id_user_change`, `date_adddata`) VALUES
(1, 3, '', 'สกรู', 'สกรู', 10, 1, '2023-04-17 00:00:00', 13, '2023-04-17 14:39:51'),
(3, 66, '', 'มอเตอร์พัดลมคอยล์ร้อน', 'test', 100, 1, '2023-04-20 00:00:00', 45, '2023-04-20 14:54:12'),
(5, 142, '', 'คาปาซิเตอร์', '', 580, 1, '2023-04-24 00:00:00', 40, '2023-04-24 16:34:12'),
(6, 161, '', 'ล้อหน้ารถPE', '', 300, 1, '2023-04-27 00:00:00', 45, '2023-04-27 16:34:04'),
(7, 176, '', 'หลอดไฟแบบเกลียวหมุน', '', 80, 1, '2023-05-02 00:00:00', 45, '2023-05-02 13:39:00'),
(8, 157, '', 'แตร', '', 320, 1, '2023-05-04 00:00:00', 45, '2023-05-06 15:13:14');

-- --------------------------------------------------------

--
-- Table structure for table `tb_dept`
--

CREATE TABLE `tb_dept` (
  `id_dept` int NOT NULL,
  `dept_initialname` varchar(10) COLLATE utf8mb4_unicode_ci NOT NULL,
  `mt_request_manage` int NOT NULL COMMENT 'จัดการใบแจ้งซ่อมได้ (1-ได้/2-ไม่ได้)',
  `dept_name` varchar(50) COLLATE utf8mb4_unicode_ci NOT NULL,
  `dept_status` int NOT NULL
) ENGINE=InnoDB DEFAULT CHARSET=utf8mb4 COLLATE=utf8mb4_unicode_ci COMMENT='ตารางเก็บข้อมูลแผนกในบริษัท';

--
-- Dumping data for table `tb_dept`
--

INSERT INTO `tb_dept` (`id_dept`, `dept_initialname`, `mt_request_manage`, `dept_name`, `dept_status`) VALUES
(1, 'MM', 2, 'ฝ่ายบริหาร', 1),
(2, 'MK', 2, 'ฝ่ายการตลาด', 1),
(3, 'CS', 2, 'ฝ่ายบริการลูกค้า', 1),
(4, 'TP', 1, 'ฝ่ายขนส่ง', 1),
(5, 'WH', 2, 'ฝ่ายคลังสินค้า', 1),
(6, 'WI', 2, 'Inventory', 1),
(7, 'MT', 1, 'ซ่อมบำรุง', 1),
(8, 'EN', 1, 'ฝ่ายวิศวกรรม', 1),
(9, 'HA', 2, 'ฝ่ายบุคคล/ธุรการ', 1),
(10, 'HR', 2, 'บุคคล', 1),
(11, 'AP', 2, 'ธุรการ', 1),
(12, 'MI', 2, 'ฝ่ายบริหารจัดการระบบ', 1),
(13, 'IT', 1, 'เทคโนโลยีสารสนเทศ', 1),
(14, 'MIS', 1, 'จัดการข้อมูล', 1),
(15, 'PC', 2, 'ฝ่ายจัดซื้อ', 1),
(16, 'AF', 2, 'ฝ่ายบัญชี/การเงิน', 1),
(17, 'AC', 2, 'บัญชี', 1),
(18, 'FI', 2, 'การเงิน', 1),
(19, 'CC', 2, 'บริหารงบ', 1),
(20, 'QA', 2, 'ฝ่ายประกันคุณภาพ', 1),
(21, 'ST', 2, 'ความปลอดภัย', 1),
(22, 'GA', 2, 'ฝ่ายงานราชการ', 1),
(23, 'TEST2', 2, 'ทดสอบแก้ไขแผนก 2', 2),
(24, 'TEST1', 2, 'ทดสอบเพิ่มแผนก 1', 2),
(25, 'Sup', 2, 'ช่างภายนอก', 1);

-- --------------------------------------------------------

--
-- Table structure for table `tb_failure_code`
--

CREATE TABLE `tb_failure_code` (
  `id_failure_code` int NOT NULL,
  `ref_id_dept` int NOT NULL COMMENT 'REF.รหัสแผนก',
  `failure_code` varchar(6) COLLATE utf8mb4_unicode_ci DEFAULT NULL COMMENT 'รหัสอาการเสีย',
  `failure_code_th_name` varchar(40) COLLATE utf8mb4_unicode_ci NOT NULL COMMENT 'ชื่ออาการเสียไทย',
  `failure_code_en_name` varchar(40) COLLATE utf8mb4_unicode_ci DEFAULT NULL COMMENT 'ชื่ออาการเสียไทย-ENG',
  `failure_code_remark` longtext COLLATE utf8mb4_unicode_ci,
  `failure_code_status` int NOT NULL COMMENT '1-ใช้งาน/2-ยกเลิก'
) ENGINE=InnoDB DEFAULT CHARSET=utf8mb4 COLLATE=utf8mb4_unicode_ci COMMENT='ตารางเก็บรหัสอาการเสีย (Master)';

--
-- Dumping data for table `tb_failure_code`
--

INSERT INTO `tb_failure_code` (`id_failure_code`, `ref_id_dept`, `failure_code`, `failure_code_th_name`, `failure_code_en_name`, `failure_code_remark`, `failure_code_status`) VALUES
(1, 7, 'FC01', 'ทรุด', 'Collapsed', '', 1),
(2, 7, 'FC02', 'เสี่อมสภาพ / ครบอายุการใช้งาน', 'Deteriorate / completed lifetime', '', 1),
(3, 7, 'FC03', 'เสียรูป', 'Deformed', '', 1),
(4, 7, 'FC04', 'รั่ว / ซึม', 'Leak / seep', '', 1),
(5, 7, 'FC05', 'หลุด / หลวม / หย่อน', 'Loose / loose / slack', '', 1),
(6, 7, 'FC06', 'แตกร้าว / หัก', 'Broken / broken', '', 1),
(7, 7, 'FC07', 'ขาด', 'Tear', '', 1),
(8, 7, 'FC08', 'สั่น / โยกคลอน', 'Shake', '', 1),
(9, 7, 'FC09', 'สึกหรอ / ผุ', 'Decay', '', 1),
(10, 7, 'FC10', 'เสียดสี', 'Friction', '', 1),
(11, 7, 'FC11', ' เสียงดัง', 'Loud Noise', '', 1),
(12, 7, 'FC12', 'ไม่ทำงาน', 'Not Functioned', '', 1),
(13, 7, 'FC13', 'อุดตัน / ไม่ไหล', 'Clogged / not flowing', '', 1),
(14, 7, 'FC14', 'สิ่งแปลกปลอม', 'Foreign object', '', 2),
(15, 7, 'FC15', 'Error / ทำงานผิดเงื่อนไข', 'Error / Wrong working condition', '', 1),
(16, 7, 'FC16', 'ร้อน / ไหม้ / หลอมละลาย', 'Hot / burning / melting', '', 1),
(17, 7, 'FC17', 'กลิ่นผิดปกติ', 'Unusual smell', '', 1),
(18, 7, 'FC18', 'สูญหาย', 'Lost', '', 1),
(19, 7, 'FC19', ' ไฟรั่ว / ลัดวงจร', 'Leak / Short circuit', '', 1),
(20, 7, 'FC20', 'วัดค่าไม่ตรง / แสดงผลไม่ตรงค่าจริง', 'Mismatch Measurement / Wrong Display', '', 1),
(21, 7, 'FC21', 'ใช้งานหรือปรับตั้งผิดวิธี', 'Misuse / Wrong setting', '', 1),
(28, 13, 'ITF-01', 'เปิดไม่ติด', '', 'ใช้กับทุก Device', 1),
(29, 13, 'ITF-02', 'ปิดเครื่องไม่ได้', '', '', 1),
(30, 13, 'ITF-03', 'ไม่มีสัญญาณอินเตอร์เน็ต', '', '', 1),
(31, 8, 'FC01', 'ทรุด', 'Collapsed', '', 1),
(32, 8, 'FC02', 'เสี่อมสภาพ / ครบอายุการใช้งาน', 'Deteriorate / completed lifetime', '', 1),
(33, 8, 'FC03', 'เสียรูป', 'Deformed', '', 1),
(34, 8, 'FC04', 'รั่ว / ซึม', 'Leak / seep', '', 1),
(35, 8, 'FC05', 'หลุด / หลวม / หย่อน', 'Loose / loose / slack', '', 1),
(36, 8, 'FC06', 'แตกร้าว / หัก', 'Broken / broken', '', 1),
(37, 8, 'FC07', 'ขาด', 'Tear', '', 1),
(38, 8, 'FC08', 'สั่น / โยกคลอน', 'Shake', '', 1),
(39, 8, 'FC09', 'สึกหรอ / ผุ', 'Decay', '', 1),
(40, 8, 'FC10', 'เสียดสี', 'Friction', '', 1),
(41, 8, 'FC11', ' เสียงดัง', 'Loud Noise', '', 1),
(42, 8, 'FC12', 'ไม่ทำงาน', 'Not Functioned', '', 1),
(43, 8, 'FC13', 'อุดตัน / ไม่ไหล', 'Clogged / not flowing', '', 1),
(44, 8, 'FC14', 'สิ่งแปลกปลอม', 'Foreign object', '', 1),
(45, 8, 'FC15', 'Error / ทำงานผิดเงื่อนไข', 'Error / Wrong working condition', '', 1),
(46, 8, 'FC16', 'ร้อน / ไหม้ / หลอมละลาย', 'Hot / burning / melting', '', 1),
(47, 8, 'FC17', 'กลิ่นผิดปกติ', 'Unusual smell', '', 1),
(48, 8, 'FC18', 'สูญหาย', 'Lost', '', 1),
(49, 8, 'FC19', ' ไฟรั่ว / ลัดวงจร', 'Leak / Short circuit', '', 1),
(50, 8, 'FC20', 'วัดค่าไม่ตรง / แสดงผลไม่ตรงค่าจริง', 'Mismatch Measurement / Wrong Display', '', 1),
(51, 8, 'FC21', 'ใช้งานหรือปรับตั้งผิดวิธี', 'Misuse / Wrong setting', '', 1);

-- --------------------------------------------------------

--
-- Table structure for table `tb_location`
--

CREATE TABLE `tb_location` (
  `id_location` int NOT NULL,
  `ref_id_site` int NOT NULL,
  `ref_id_building` int DEFAULT NULL COMMENT 'REF.id_building',
  `location_initialname` varchar(10) COLLATE utf8mb4_unicode_ci DEFAULT NULL,
  `location_name` varchar(50) COLLATE utf8mb4_unicode_ci NOT NULL,
  `location_status` int NOT NULL COMMENT '1-ใช้งาน/2-ระงับ'
) ENGINE=InnoDB DEFAULT CHARSET=utf8mb4 COLLATE=utf8mb4_unicode_ci COMMENT='ตารางเก็บข้อมูลสถานที่ตั้งเครื่องจักร/อุปกรณ์';

--
-- Dumping data for table `tb_location`
--

INSERT INTO `tb_location` (`id_location`, `ref_id_site`, `ref_id_building`, `location_initialname`, `location_name`, `location_status`) VALUES
(1, 1, 4, NULL, 'ทดสอบ เพิ่มสถานที่ใช้งาน', 2),
(2, 3, NULL, NULL, 'ลานจอดรถหน้าบริษัท', 1);

-- --------------------------------------------------------

--
-- Table structure for table `tb_machine_master`
--

CREATE TABLE `tb_machine_master` (
  `id_machine` int NOT NULL,
  `machine_code` varchar(15) COLLATE utf8mb4_unicode_ci NOT NULL COMMENT 'รหัสเครื่องจักร',
  `ref_id_site` int NOT NULL COMMENT 'REF.ไอดีไซต์',
  `ref_id_dept` int NOT NULL COMMENT 'แผนกที่รับผิดชอบ',
  `ref_id_menu` int NOT NULL COMMENT 'หมวดหลัก',
  `ref_id_sub_menu` int DEFAULT NULL COMMENT 'หมวดรอง',
  `model_name` varchar(50) COLLATE utf8mb4_unicode_ci DEFAULT NULL COMMENT 'ชื่อรุ่น',
  `name_machine` varchar(100) COLLATE utf8mb4_unicode_ci NOT NULL,
  `detail_machine` longtext COLLATE utf8mb4_unicode_ci,
  `mc_adddate` datetime NOT NULL,
  `ref_id_user_add` int NOT NULL,
  `mc_editdate` datetime DEFAULT NULL,
  `ref_id_user_edit` int DEFAULT NULL,
  `status_machine` int NOT NULL COMMENT '1-ใช้งาน/2-ยกเลิก'
) ENGINE=InnoDB DEFAULT CHARSET=utf8mb4 COLLATE=utf8mb4_unicode_ci COMMENT='เครื่องจักร/อุปกรณ์ไฟฟ้า (MASTER)';

--
-- Dumping data for table `tb_machine_master`
--

INSERT INTO `tb_machine_master` (`id_machine`, `machine_code`, `ref_id_site`, `ref_id_dept`, `ref_id_menu`, `ref_id_sub_menu`, `model_name`, `name_machine`, `detail_machine`, `mc_adddate`, `ref_id_user_add`, `mc_editdate`, `ref_id_user_edit`, `status_machine`) VALUES
(1, 'MT-AS-0001', 7, 4, 80, NULL, NULL, '1ฒภ-305', NULL, '2023-03-24 12:12:12', 3, NULL, NULL, 1),
(2, 'MT-AS-0002', 7, 4, 80, NULL, NULL, '1ฒภ-306', NULL, '2023-03-24 12:12:12', 3, NULL, NULL, 1),
(3, 'MT-AS-0003', 1, 7, 80, NULL, NULL, '2ฒง-6932', NULL, '2023-03-24 12:12:12', 3, NULL, NULL, 1),
(4, 'MT-AS-0004', 7, 4, 80, NULL, NULL, '2ฒง-6987', NULL, '2023-03-24 12:12:12', 3, NULL, NULL, 1),
(5, 'MT-AS-0005', 7, 4, 80, NULL, NULL, '2ฒญ-4896', NULL, '2023-03-24 12:12:12', 3, NULL, NULL, 1),
(6, 'MT-AS-0006', 7, 4, 80, NULL, NULL, '2ฒญ-4897', NULL, '2023-03-24 12:12:12', 3, NULL, NULL, 1),
(7, 'MT-AS-0007', 7, 4, 80, NULL, NULL, '3ฒฐ-5512', NULL, '2023-03-24 12:12:12', 3, NULL, NULL, 1),
(8, 'MT-AS-0008', 7, 4, 80, NULL, NULL, '3ฒฐ-5514', NULL, '2023-03-24 12:12:12', 3, NULL, NULL, 1),
(9, 'MT-AS-0009', 7, 4, 80, NULL, NULL, '3ฒน-304', NULL, '2023-03-24 12:12:12', 3, NULL, NULL, 1),
(10, 'MT-AS-0010', 7, 4, 80, NULL, NULL, '3ฒน-305', NULL, '2023-03-24 12:12:12', 3, NULL, NULL, 1),
(11, 'MT-AS-0011', 7, 4, 80, NULL, NULL, '3ฒน-313', NULL, '2023-03-24 12:12:12', 3, NULL, NULL, 1),
(12, 'MT-AS-0012', 7, 4, 80, NULL, NULL, '70-2571', NULL, '2023-03-24 12:12:12', 3, NULL, NULL, 1),
(13, 'MT-AS-0013', 7, 4, 80, NULL, NULL, '70-2576', NULL, '2023-03-24 12:12:12', 3, NULL, NULL, 1),
(14, 'MT-AS-0014', 7, 4, 80, NULL, NULL, '70-2579', NULL, '2023-03-24 12:12:12', 3, NULL, NULL, 1),
(15, 'MT-AS-0015', 7, 4, 80, NULL, NULL, '70-2581', NULL, '2023-03-24 12:12:12', 3, NULL, NULL, 1),
(16, 'MT-AS-0016', 7, 4, 80, NULL, NULL, '70-2582', NULL, '2023-03-24 12:12:12', 3, NULL, NULL, 1),
(17, 'MT-AS-0017', 7, 4, 80, NULL, NULL, '70-2583', NULL, '2023-03-24 12:12:12', 3, NULL, NULL, 1),
(18, 'MT-AS-0018', 7, 4, 80, NULL, NULL, '70-2584', NULL, '2023-03-24 12:12:12', 3, NULL, NULL, 1),
(19, 'MT-AS-0019', 7, 4, 80, NULL, NULL, '70-2585', NULL, '2023-03-24 12:12:12', 3, NULL, NULL, 1),
(20, 'MT-AS-0020', 7, 4, 80, NULL, NULL, '70-2878', NULL, '2023-03-24 12:12:12', 3, NULL, NULL, 1),
(21, 'MT-AS-0021', 7, 4, 80, NULL, NULL, '70-2906', NULL, '2023-03-24 12:12:12', 3, NULL, NULL, 1),
(22, 'MT-AS-0022', 7, 4, 80, NULL, NULL, '70-2982', NULL, '2023-03-24 12:12:12', 3, NULL, NULL, 1),
(23, 'MT-AS-0023', 7, 4, 80, NULL, NULL, '70-3133', NULL, '2023-03-24 12:12:12', 3, NULL, NULL, 1),
(24, 'MT-AS-0024', 7, 4, 80, NULL, NULL, '70-3134', NULL, '2023-03-24 12:12:12', 3, NULL, NULL, 1),
(25, 'MT-AS-0025', 7, 4, 80, NULL, NULL, '70-3135', NULL, '2023-03-24 12:12:12', 3, NULL, NULL, 1),
(26, 'MT-AS-0026', 7, 4, 80, NULL, NULL, '70-4289', NULL, '2023-03-24 12:12:12', 3, NULL, NULL, 1),
(27, 'MT-AS-0027', 7, 4, 80, NULL, NULL, '70-4653', NULL, '2023-03-24 12:12:12', 3, NULL, NULL, 1),
(28, 'MT-AS-0028', 7, 4, 80, NULL, NULL, '70-5575', NULL, '2023-03-24 12:12:12', 3, NULL, NULL, 1),
(29, 'MT-AS-0029', 7, 4, 80, NULL, NULL, '70-5673', NULL, '2023-03-24 12:12:12', 3, NULL, NULL, 1),
(30, 'MT-AS-0030', 7, 4, 80, NULL, NULL, '70-5842', NULL, '2023-03-24 12:12:12', 3, NULL, NULL, 1),
(31, 'MT-AS-0031', 7, 4, 80, NULL, NULL, '70-6356', NULL, '2023-03-24 12:12:12', 3, NULL, NULL, 1),
(32, 'MT-AS-0032', 7, 4, 80, NULL, NULL, '70-6390', NULL, '2023-03-24 12:12:12', 3, NULL, NULL, 1),
(33, 'MT-AS-0033', 7, 4, 80, NULL, NULL, '70-6993', NULL, '2023-03-24 12:12:12', 3, NULL, NULL, 1),
(34, 'MT-AS-0034', 7, 4, 80, NULL, NULL, '70-6994', NULL, '2023-03-24 12:12:12', 3, NULL, NULL, 1),
(35, 'MT-AS-0035', 7, 4, 80, NULL, NULL, '70-7295', NULL, '2023-03-24 12:12:12', 3, NULL, NULL, 1),
(36, 'MT-AS-0036', 7, 4, 80, NULL, NULL, '70-7296', NULL, '2023-03-24 12:12:12', 3, NULL, NULL, 1),
(37, 'MT-AS-0037', 7, 4, 80, NULL, NULL, '70-7703', NULL, '2023-03-24 12:12:12', 3, NULL, NULL, 1),
(38, 'MT-AS-0038', 7, 4, 80, NULL, NULL, '70-7704', NULL, '2023-03-24 12:12:12', 3, NULL, NULL, 1),
(39, 'MT-AS-0039', 7, 4, 80, NULL, NULL, '70-8332', NULL, '2023-03-24 12:12:12', 3, NULL, NULL, 1),
(40, 'MT-AS-0040', 7, 4, 80, NULL, NULL, '70-8333', NULL, '2023-03-24 12:12:12', 3, NULL, NULL, 1),
(41, 'MT-AS-0041', 7, 4, 80, NULL, NULL, '70-8334', NULL, '2023-03-24 12:12:12', 3, NULL, NULL, 1),
(42, 'MT-AS-0042', 7, 4, 80, NULL, NULL, '70-8546', NULL, '2023-03-24 12:12:12', 3, NULL, NULL, 1),
(43, 'MT-AS-0043', 7, 4, 80, NULL, NULL, '70-8779', NULL, '2023-03-24 12:12:12', 3, NULL, NULL, 1),
(44, 'MT-AS-0044', 7, 4, 80, NULL, NULL, '70-8780', NULL, '2023-03-24 12:12:12', 3, NULL, NULL, 1),
(45, 'MT-AS-0045', 7, 4, 80, NULL, NULL, '71-0077', NULL, '2023-03-24 12:12:12', 3, NULL, NULL, 1),
(46, 'MT-AS-0046', 7, 4, 80, NULL, NULL, '71-0078', NULL, '2023-03-24 12:12:12', 3, NULL, NULL, 1),
(47, 'MT-AS-0047', 7, 4, 80, NULL, NULL, '71-0236', NULL, '2023-03-24 12:12:12', 3, NULL, NULL, 1),
(48, 'MT-AS-0048', 7, 4, 80, NULL, NULL, '71-0237', NULL, '2023-03-24 12:12:12', 3, NULL, NULL, 1),
(49, 'MT-AS-0049', 5, 8, 37, NULL, NULL, 'ACC ROOM 3_1', NULL, '2023-03-24 12:12:12', 3, NULL, NULL, 1),
(50, 'MT-AS-0050', 5, 8, 37, NULL, NULL, 'ACC ROOM 3_2', NULL, '2023-03-24 12:12:12', 3, NULL, NULL, 1),
(51, 'MT-AS-0051', 5, 8, 37, NULL, NULL, 'ACC ROOM 4_1', NULL, '2023-03-24 12:12:12', 3, NULL, NULL, 1),
(52, 'MT-AS-0052', 5, 8, 37, NULL, NULL, 'ACC ROOM 4_2', NULL, '2023-03-24 12:12:12', 3, NULL, NULL, 1),
(53, 'MT-AS-0053', 5, 8, 37, NULL, NULL, 'ACC ROOM 5_1', NULL, '2023-03-24 12:12:12', 3, NULL, NULL, 1),
(54, 'MT-AS-0054', 5, 8, 37, NULL, NULL, 'ACC ROOM 5_2', NULL, '2023-03-24 12:12:12', 3, NULL, NULL, 1),
(55, 'MT-AS-0055', 5, 8, 37, NULL, NULL, 'ACC ROOM 6_1', NULL, '2023-03-24 12:12:12', 3, NULL, NULL, 1),
(56, 'MT-AS-0056', 5, 8, 37, NULL, NULL, 'ACC ROOM 6_2', NULL, '2023-03-24 12:12:12', 3, NULL, NULL, 1),
(57, 'MT-AS-0057', 5, 8, 37, NULL, NULL, 'ACC ROOM 7_1', NULL, '2023-03-24 12:12:12', 3, NULL, NULL, 1),
(58, 'MT-AS-0058', 5, 8, 37, NULL, NULL, 'ACC ROOM 7_2', NULL, '2023-03-24 12:12:12', 3, NULL, NULL, 1),
(59, 'MT-AS-0059', 5, 8, 37, NULL, NULL, 'ACC ROOM SYTEM E_1', NULL, '2023-03-24 12:12:12', 3, NULL, NULL, 1),
(60, 'MT-AS-0060', 5, 8, 37, NULL, NULL, 'ACC ROOM SYTEM E_2', NULL, '2023-03-24 12:12:12', 3, NULL, NULL, 1),
(61, 'MT-AS-0061', 5, 8, 37, NULL, NULL, 'ACC ROOM SYTEM E_3', NULL, '2023-03-24 12:12:12', 3, NULL, NULL, 1),
(62, 'MT-AS-0062', 5, 8, 37, NULL, NULL, 'ACC ROOM SYTEM E_4', NULL, '2023-03-24 12:12:12', 3, NULL, NULL, 1),
(63, 'MT-AS-0063', 5, 8, 37, NULL, NULL, 'ACC ROOM SYTEM E_5', NULL, '2023-03-24 12:12:12', 3, NULL, NULL, 1),
(64, 'MT-AS-0064', 5, 8, 37, NULL, NULL, 'ACC ROOM SYTEM E_6', NULL, '2023-03-24 12:12:12', 3, NULL, NULL, 1),
(65, 'MT-AS-0065', 2, 8, 62, NULL, NULL, 'AHU 1', NULL, '2023-03-24 12:12:12', 3, NULL, NULL, 1),
(66, 'MT-AS-0066', 2, 8, 62, NULL, NULL, 'AHU 2', NULL, '2023-03-24 12:12:12', 3, NULL, NULL, 1),
(67, 'MT-AS-0067', 5, 8, 39, NULL, NULL, 'AHU 22 Tr(LOAD)', NULL, '2023-03-24 12:12:12', 3, NULL, NULL, 1),
(68, 'MT-AS-0068', 5, 8, 39, NULL, NULL, 'AHU 30.5 Tr(SA)', NULL, '2023-03-24 12:12:12', 3, NULL, NULL, 1),
(69, 'MT-AS-0069', 5, 8, 39, NULL, NULL, 'AHU 30.5 Tr(SB)', NULL, '2023-03-24 12:12:12', 3, NULL, NULL, 1),
(70, 'MT-AS-0070', 5, 8, 39, NULL, NULL, 'AHU 30.5 Tr(SC)', NULL, '2023-03-24 12:12:12', 3, NULL, NULL, 1),
(71, 'MT-AS-0071', 5, 8, 39, NULL, NULL, 'AHU 9.5 Tr(WW)', NULL, '2023-03-24 12:12:12', 3, NULL, NULL, 1),
(72, 'MT-AS-0072', 1, 7, 42, NULL, NULL, 'AIR CONDITIONER [220 V]ห้องคอนโทรล อ.2', NULL, '2023-03-24 12:12:12', 3, NULL, NULL, 1),
(73, 'MT-AS-0073', 1, 7, 4, NULL, NULL, 'AIR FLOW ASRS 1/1', NULL, '2023-03-24 12:12:12', 3, NULL, NULL, 1),
(74, 'MT-AS-0074', 1, 7, 4, NULL, NULL, 'AIR FLOW ASRS 1/2', NULL, '2023-03-24 12:12:12', 3, NULL, NULL, 1),
(75, 'MT-AS-0075', 1, 7, 4, NULL, NULL, 'AIR FLOW ASRS 1/3', NULL, '2023-03-24 12:12:12', 3, NULL, NULL, 1),
(76, 'MT-AS-0076', 1, 7, 4, NULL, NULL, 'AIR FLOW ASRS 1/4', NULL, '2023-03-24 12:12:12', 3, NULL, NULL, 1),
(77, 'MT-AS-0077', 1, 7, 4, NULL, NULL, 'AIR FLOW ASRS 1/5', NULL, '2023-03-24 12:12:12', 3, NULL, NULL, 1),
(78, 'MT-AS-0078', 1, 7, 4, NULL, NULL, 'AIR FLOW ASRS 1/6', NULL, '2023-03-24 12:12:12', 3, NULL, NULL, 1),
(79, 'MT-AS-0079', 1, 7, 4, NULL, NULL, 'AIR FLOW ASRS 2/1', NULL, '2023-03-24 12:12:12', 3, NULL, NULL, 1),
(80, 'MT-AS-0080', 1, 7, 4, NULL, NULL, 'AIR FLOW ASRS 2/2', NULL, '2023-03-24 12:12:12', 3, NULL, NULL, 1),
(81, 'MT-AS-0081', 1, 7, 4, NULL, NULL, 'AIR FLOW ASRS 2/3', NULL, '2023-03-24 12:12:12', 3, NULL, NULL, 1),
(82, 'MT-AS-0082', 1, 7, 4, NULL, NULL, 'AIR FLOW ASRS 2/4', NULL, '2023-03-24 12:12:12', 3, NULL, NULL, 1),
(83, 'MT-AS-0083', 1, 7, 62, NULL, NULL, 'AIR HANDING UNIT (AHU) อ.7', NULL, '2023-03-24 12:12:12', 3, NULL, NULL, 1),
(84, 'MT-AS-0084', 1, 7, 62, NULL, NULL, 'AIR HANDING UNIT (AHU)อ.6', NULL, '2023-03-24 12:12:12', 3, NULL, NULL, 1),
(85, 'MT-AS-0085', 1, 7, 4, NULL, NULL, 'AIR LOCK (อาคาร 2)', NULL, '2023-03-24 12:12:12', 3, NULL, NULL, 1),
(86, 'MT-AS-0086', 1, 7, 4, NULL, NULL, 'AIR LOCK (อาคาร 3)', NULL, '2023-03-24 12:12:12', 3, NULL, NULL, 1),
(87, 'MT-AS-0087', 1, 7, 4, NULL, NULL, 'AIR LOCK (อาคาร 4)', NULL, '2023-03-24 12:12:12', 3, NULL, NULL, 1),
(88, 'MT-AS-0088', 1, 7, 4, NULL, NULL, 'AIR LOCK (อาคาร 6)', NULL, '2023-03-24 12:12:12', 3, NULL, NULL, 2),
(89, 'MT-AS-0089', 1, 7, 15, NULL, NULL, 'AIR PURGER อ.6', NULL, '2023-03-24 12:12:12', 3, NULL, NULL, 1),
(90, 'MT-AS-0090', 1, 7, 67, NULL, NULL, 'AIR SHOWER อ.8', NULL, '2023-03-24 12:12:12', 3, NULL, NULL, 1),
(91, 'MT-AS-0091', 1, 7, 11, NULL, NULL, 'AMMONIA PUMP', NULL, '2023-03-24 12:12:12', 3, NULL, NULL, 1),
(92, 'MT-AS-0092', 1, 7, 11, NULL, NULL, 'AMMONIA PUMP CAM 2_4 DK 1634.2', NULL, '2023-03-24 12:12:12', 3, NULL, NULL, 1),
(93, 'MT-AS-0093', 1, 7, 11, NULL, NULL, 'AMMONIA PUMP CAM 2_4 DK 1634.3', NULL, '2023-03-24 12:12:12', 3, NULL, NULL, 1),
(94, 'MT-AS-0094', 1, 7, 11, NULL, NULL, 'AMMONIA PUMP CAM 2_4 DK 1634.4', NULL, '2023-03-24 12:12:12', 3, NULL, NULL, 1),
(95, 'MT-AS-0095', 1, 7, 11, NULL, NULL, 'AMMONIA PUMP CAM 2_4 DK 1634.5', NULL, '2023-03-24 12:12:12', 3, NULL, NULL, 1),
(96, 'MT-AS-0096', 1, 7, 11, NULL, NULL, 'AMMONIA PUMP CAM 2_4 DK 1634.6', NULL, '2023-03-24 12:12:12', 3, NULL, NULL, 1),
(97, 'MT-AS-0097', 1, 7, 11, NULL, NULL, 'AMMONIA PUMP อ.6', NULL, '2023-03-24 12:12:12', 3, NULL, NULL, 1),
(98, 'MT-AS-0098', 1, 7, 63, NULL, NULL, 'AMMONIA TANK อ.6', NULL, '2023-03-24 12:12:12', 3, NULL, NULL, 1),
(99, 'MT-AS-0099', 5, 8, 79, NULL, NULL, 'Ante 1', NULL, '2023-03-24 12:12:12', 3, NULL, NULL, 1),
(100, 'MT-AS-0100', 5, 8, 4, NULL, NULL, 'Ante 1 AHU 10', NULL, '2023-03-24 12:12:12', 3, NULL, NULL, 1),
(101, 'MT-AS-0101', 5, 8, 4, NULL, NULL, 'Ante 1 AHU 11', NULL, '2023-03-24 12:12:12', 3, NULL, NULL, 1),
(102, 'MT-AS-0102', 5, 8, 4, NULL, NULL, 'Ante 1 AHU 12', NULL, '2023-03-24 12:12:12', 3, NULL, NULL, 1),
(103, 'MT-AS-0103', 5, 8, 79, NULL, NULL, 'Ante 2', NULL, '2023-03-24 12:12:12', 3, NULL, NULL, 1),
(104, 'MT-AS-0104', 5, 8, 79, NULL, NULL, 'Ante 3', NULL, '2023-03-24 12:12:12', 3, NULL, NULL, 1),
(105, 'MT-AS-0105', 1, 7, 4, NULL, NULL, 'ANTE ASRS 1 (อาคาร8)', NULL, '2023-03-24 12:12:12', 3, NULL, NULL, 1),
(106, 'MT-AS-0106', 1, 7, 4, NULL, NULL, 'ANTE ASRS 2 (อาคาร8)', NULL, '2023-03-24 12:12:12', 3, NULL, NULL, 1),
(107, 'MT-AS-0107', 1, 7, 97, NULL, NULL, 'Ante Loading', NULL, '2023-03-24 12:12:12', 3, NULL, NULL, 1),
(108, 'MT-AS-0108', 1, 7, 4, NULL, NULL, 'ANTE LOADING (อ.8) คอยค์ 1', NULL, '2023-03-24 12:12:12', 3, NULL, NULL, 1),
(109, 'MT-AS-0109', 1, 7, 4, NULL, NULL, 'ANTE LOADING (อ.8) คอยค์ 2', NULL, '2023-03-24 12:12:12', 3, NULL, NULL, 1),
(110, 'MT-AS-0110', 1, 7, 4, NULL, NULL, 'ANTE LOADING (อ.8) คอยค์ 3', NULL, '2023-03-24 12:12:12', 3, NULL, NULL, 1),
(111, 'MT-AS-0111', 1, 7, 4, NULL, NULL, 'ANTE LOADING (อ.8) คอยค์ 4', NULL, '2023-03-24 12:12:12', 3, NULL, NULL, 1),
(112, 'MT-AS-0112', 1, 7, 97, NULL, NULL, 'Ante Room', NULL, '2023-03-24 12:12:12', 3, NULL, NULL, 1),
(113, 'MT-AS-0113', 1, 7, 4, NULL, NULL, 'ANTE ROOM (อาคาร 4)', NULL, '2023-03-24 12:12:12', 3, NULL, NULL, 1),
(114, 'MT-AS-0114', 2, 8, 4, NULL, NULL, 'ANTE ROOM 01', NULL, '2023-03-24 12:12:12', 3, NULL, NULL, 1),
(115, 'MT-AS-0115', 1, 7, 4, NULL, NULL, 'ANTE ROOM 01 (อาคาร 1)', NULL, '2023-03-24 12:12:12', 3, NULL, NULL, 1),
(116, 'MT-AS-0116', 1, 7, 4, NULL, NULL, 'ANTE ROOM 01 (อาคาร 2)', NULL, '2023-03-24 12:12:12', 3, NULL, NULL, 1),
(117, 'MT-AS-0117', 1, 7, 4, NULL, NULL, 'ANTE ROOM 01 (อาคาร 3)', NULL, '2023-03-24 12:12:12', 3, NULL, NULL, 1),
(118, 'MT-AS-0118', 1, 7, 4, NULL, NULL, 'ANTE ROOM 01 (อาคาร 4)', NULL, '2023-03-24 12:12:12', 3, NULL, NULL, 1),
(119, 'MT-AS-0119', 1, 7, 4, NULL, NULL, 'ANTE ROOM 01 (อาคาร 6)', NULL, '2023-03-24 12:12:12', 3, NULL, NULL, 1),
(120, 'MT-AS-0120', 2, 8, 4, NULL, NULL, 'ANTE ROOM 02', NULL, '2023-03-24 12:12:12', 3, NULL, NULL, 1),
(121, 'MT-AS-0121', 1, 7, 4, NULL, NULL, 'ANTE ROOM 02 (อาคาร 2)', NULL, '2023-03-24 12:12:12', 3, NULL, NULL, 1),
(122, 'MT-AS-0122', 1, 7, 4, NULL, NULL, 'ANTE ROOM 02 (อาคาร 3)', NULL, '2023-03-24 12:12:12', 3, NULL, NULL, 1),
(123, 'MT-AS-0123', 1, 7, 4, NULL, NULL, 'ANTE ROOM 02 (อาคาร 4)', NULL, '2023-03-24 12:12:12', 3, NULL, NULL, 1),
(124, 'MT-AS-0124', 1, 7, 4, NULL, NULL, 'ANTE ROOM 02 (อาคาร 6)', NULL, '2023-03-24 12:12:12', 3, NULL, NULL, 1),
(125, 'MT-AS-0125', 1, 7, 4, NULL, NULL, 'ANTE ROOM 03 (อาคาร 3)', NULL, '2023-03-24 12:12:12', 3, NULL, NULL, 1),
(126, 'MT-AS-0126', 1, 7, 4, NULL, NULL, 'ANTE ROOM 03 (อาคาร 6)', NULL, '2023-03-24 12:12:12', 3, NULL, NULL, 1),
(127, 'MT-AS-0127', 5, 8, 4, NULL, NULL, 'Ante Room 1', NULL, '2023-03-24 12:12:12', 3, NULL, NULL, 1),
(128, 'MT-AS-0128', 1, 7, 16, NULL, NULL, 'ANTE ROOM 1', NULL, '2023-03-24 12:12:12', 3, NULL, NULL, 1),
(129, 'MT-AS-0129', 1, 7, 4, NULL, NULL, 'ANTE ROOM 1 (อาคาร 7)', NULL, '2023-03-24 12:12:12', 3, NULL, NULL, 1),
(130, 'MT-AS-0130', 5, 8, 4, NULL, NULL, 'Ante Room 2', NULL, '2023-03-24 12:12:12', 3, NULL, NULL, 1),
(131, 'MT-AS-0131', 1, 7, 16, NULL, NULL, 'ANTE ROOM 2', NULL, '2023-03-24 12:12:12', 3, NULL, NULL, 1),
(132, 'MT-AS-0132', 2, 8, 4, NULL, NULL, 'Ante Room 3', NULL, '2023-03-24 12:12:12', 3, NULL, NULL, 2),
(133, 'MT-AS-0133', 1, 7, 16, NULL, NULL, 'ANTE ROOM 3', NULL, '2023-03-24 12:12:12', 3, NULL, NULL, 2),
(134, 'MT-AS-0134', 1, 7, 93, NULL, NULL, 'Ante Room 3', NULL, '2023-03-24 12:12:12', 3, NULL, NULL, 2),
(135, 'MT-AS-0135', 2, 8, 93, NULL, NULL, 'Ante Room ฟรีโซน', NULL, '2023-03-24 12:12:12', 3, NULL, NULL, 2),
(136, 'MT-AS-0136', 2, 8, 93, NULL, NULL, 'Ante Room เจนโซน', NULL, '2023-03-24 12:12:12', 3, NULL, NULL, 2),
(137, 'MT-AS-0137', 2, 8, 4, NULL, NULL, 'Anteroom 3 คอยล์ 1', NULL, '2023-03-24 12:12:12', 3, NULL, NULL, 2),
(138, 'MT-AS-0138', 1, 7, 66, NULL, NULL, 'ASRS', NULL, '2023-03-24 12:12:12', 3, NULL, NULL, 1),
(139, 'MT-AS-0139', 1, 7, 66, NULL, NULL, 'ASRS อาคาร 8', NULL, '2023-03-24 12:12:12', 3, NULL, NULL, 1),
(140, 'MT-AS-0140', 2, 8, 15, NULL, NULL, 'AUTO PURGER', NULL, '2023-03-24 12:12:12', 3, NULL, NULL, 1),
(141, 'MT-AS-0141', 1, 7, 69, NULL, NULL, 'AUTO PURGER', NULL, '2023-03-24 12:12:12', 3, NULL, NULL, 1),
(142, 'MT-AS-0142', 2, 8, 74, NULL, NULL, 'Auto Slide Door1 AR01 Gen Zone', NULL, '2023-03-24 12:12:12', 3, NULL, NULL, 1),
(143, 'MT-AS-0143', 2, 8, 74, NULL, NULL, 'Auto Slide Door10 BR10', NULL, '2023-03-24 12:12:12', 3, NULL, NULL, 1),
(144, 'MT-AS-0144', 2, 8, 74, NULL, NULL, 'Auto Slide Door2 AR02 Gen Zone', NULL, '2023-03-24 12:12:12', 3, NULL, NULL, 1),
(145, 'MT-AS-0145', 2, 8, 74, NULL, NULL, 'Auto Slide Door3 AM02 Free Zone', NULL, '2023-03-24 12:12:12', 3, NULL, NULL, 1),
(146, 'MT-AS-0146', 2, 8, 74, NULL, NULL, 'Auto Slide Door4 AM03 Free Zone', NULL, '2023-03-24 12:12:12', 3, NULL, NULL, 1),
(147, 'MT-AS-0147', 2, 8, 74, NULL, NULL, 'Auto Slide Door5 AR04 Gen Zone', NULL, '2023-03-24 12:12:12', 3, NULL, NULL, 1),
(148, 'MT-AS-0148', 2, 8, 74, NULL, NULL, 'Auto Slide Door6 AR05 Gen Zone', NULL, '2023-03-24 12:12:12', 3, NULL, NULL, 1),
(149, 'MT-AS-0149', 2, 8, 74, NULL, NULL, 'Auto Slide Door7 AM06 Free Zone', NULL, '2023-03-24 12:12:12', 3, NULL, NULL, 1),
(150, 'MT-AS-0150', 2, 8, 74, NULL, NULL, 'Auto Slide Door8 BR09', NULL, '2023-03-24 12:12:12', 3, NULL, NULL, 1),
(151, 'MT-AS-0151', 2, 8, 74, NULL, NULL, 'Auto Slide Door9 Ante 3', NULL, '2023-03-24 12:12:12', 3, NULL, NULL, 1),
(152, 'MT-AS-0152', 2, 8, 75, NULL, NULL, 'Auto Speed Door \"IN\" Free Zone', NULL, '2023-03-24 12:12:12', 3, NULL, NULL, 1),
(153, 'MT-AS-0153', 2, 8, 75, NULL, NULL, 'Auto Speed Door2 \"OUT\" Free Zone', NULL, '2023-03-24 12:12:12', 3, NULL, NULL, 1),
(154, 'MT-AS-0154', 2, 8, 75, NULL, NULL, 'Auto Speed Door5 \"IN\" Gen Zone', NULL, '2023-03-24 12:12:12', 3, NULL, NULL, 1),
(155, 'MT-AS-0155', 2, 8, 75, NULL, NULL, 'Auto Speed Door6 \"OUT\" Gen Zone', NULL, '2023-03-24 12:12:12', 3, NULL, NULL, 1),
(156, 'MT-AS-0156', 1, 7, 3, NULL, NULL, 'BALANCE MACHINE 15 Kg.', NULL, '2023-03-24 12:12:12', 3, NULL, NULL, 1),
(157, 'MT-AS-0157', 1, 7, 8, NULL, NULL, 'BALANCE MACHINE 15 Kg.', NULL, '2023-03-24 12:12:12', 3, NULL, NULL, 1),
(158, 'MT-AS-0158', 2, 8, 8, NULL, NULL, 'BALANCE MACHINE 2 Ton', NULL, '2023-03-24 12:12:12', 3, NULL, NULL, 1),
(159, 'MT-AS-0159', 1, 7, 3, NULL, NULL, 'BALANCE MACHINE 2,000 Kg.(Digital Scale Floor scale 2000Kg)', NULL, '2023-03-24 12:12:12', 3, NULL, NULL, 1),
(160, 'MT-AS-0160', 1, 7, 3, NULL, NULL, 'BALANCE MACHINE 3 Kg.', NULL, '2023-03-24 12:12:12', 3, NULL, NULL, 1),
(161, 'MT-AS-0161', 1, 7, 3, NULL, NULL, 'BALANCE MACHINE 30 Kg.', NULL, '2023-03-24 12:12:12', 3, NULL, NULL, 1),
(162, 'MT-AS-0162', 1, 7, 3, NULL, NULL, 'BALANCE MACHINE 35 Kg.', NULL, '2023-03-24 12:12:12', 3, NULL, NULL, 1),
(163, 'MT-AS-0163', 1, 7, 3, NULL, NULL, 'BALANCE MACHINE 6 Kg.', NULL, '2023-03-24 12:12:12', 3, NULL, NULL, 1),
(164, 'MT-AS-0164', 1, 7, 3, NULL, NULL, 'BALANCE MACHINE 60 Kg. (เครื่องชั่งวางพื้น)', NULL, '2023-03-24 12:12:12', 3, NULL, NULL, 1),
(165, 'MT-AS-0165', 1, 7, 8, NULL, NULL, 'BALANCE MACHINE 60 Kg.(Spring Scale)', NULL, '2023-03-24 12:12:12', 3, NULL, NULL, 1),
(166, 'MT-AS-0166', 1, 7, 3, NULL, NULL, 'BALANCE MACHINE 7.5 Kg.', NULL, '2023-03-24 12:12:12', 3, NULL, NULL, 1),
(167, 'MT-AS-0167', 2, 8, 8, NULL, NULL, 'BALANCE MACHINE 80 Ton', NULL, '2023-03-24 12:12:12', 3, NULL, NULL, 1),
(168, 'MT-AS-0168', 1, 7, 3, NULL, NULL, 'BALANCE MACHINE 80,000 Kg.', NULL, '2023-03-24 12:12:12', 3, NULL, NULL, 1),
(169, 'MT-AS-0169', 5, 8, 36, NULL, NULL, 'BITZER 10', NULL, '2023-03-24 12:12:12', 3, NULL, NULL, 1),
(170, 'MT-AS-0170', 5, 8, 36, NULL, NULL, 'BITZER 11', NULL, '2023-03-24 12:12:12', 3, NULL, NULL, 1),
(171, 'MT-AS-0171', 5, 8, 36, NULL, NULL, 'BITZER 4', NULL, '2023-03-24 12:12:12', 3, NULL, NULL, 1),
(172, 'MT-AS-0172', 5, 8, 36, NULL, NULL, 'BITZER 5', NULL, '2023-03-24 12:12:12', 3, NULL, NULL, 1),
(173, 'MT-AS-0173', 5, 8, 36, NULL, NULL, 'BITZER 6', NULL, '2023-03-24 12:12:12', 3, NULL, NULL, 1),
(174, 'MT-AS-0174', 5, 8, 36, NULL, NULL, 'BITZER 7', NULL, '2023-03-24 12:12:12', 3, NULL, NULL, 1),
(175, 'MT-AS-0175', 5, 8, 36, NULL, NULL, 'BITZER 8', NULL, '2023-03-24 12:12:12', 3, NULL, NULL, 1),
(176, 'MT-AS-0176', 5, 8, 36, NULL, NULL, 'BITZER 9', NULL, '2023-03-24 12:12:12', 3, NULL, NULL, 1),
(177, 'MT-AS-0177', 2, 8, 4, NULL, NULL, 'Blast Freezer 1', NULL, '2023-03-24 12:12:12', 3, NULL, NULL, 1),
(178, 'MT-AS-0178', 1, 7, 28, NULL, NULL, 'BLAST FREEZER 1', NULL, '2023-03-24 12:12:12', 3, NULL, NULL, 1),
(179, 'MT-AS-0179', 2, 8, 4, NULL, NULL, 'Blast Freezer 2', NULL, '2023-03-24 12:12:12', 3, NULL, NULL, 1),
(180, 'MT-AS-0180', 1, 7, 28, NULL, NULL, 'BLAST FREEZER 2', NULL, '2023-03-24 12:12:12', 3, NULL, NULL, 1),
(181, 'MT-AS-0181', 2, 8, 4, NULL, NULL, 'Blast Freezer 3', NULL, '2023-03-24 12:12:12', 3, NULL, NULL, 1),
(182, 'MT-AS-0182', 1, 7, 28, NULL, NULL, 'BLAST FREEZER 3', NULL, '2023-03-24 12:12:12', 3, NULL, NULL, 1),
(183, 'MT-AS-0183', 2, 8, 4, NULL, NULL, 'BLAST FREEZER 4', NULL, '2023-03-24 12:12:12', 3, NULL, NULL, 1),
(184, 'MT-AS-0184', 2, 8, 4, NULL, NULL, 'BLAST FREEZER 5', NULL, '2023-03-24 12:12:12', 3, NULL, NULL, 1),
(185, 'MT-AS-0185', 2, 8, 4, NULL, NULL, 'BLAST FREEZER 6', NULL, '2023-03-24 12:12:12', 3, NULL, NULL, 1),
(186, 'MT-AS-0186', 5, 8, 40, NULL, NULL, 'BT  ELECTRIC  TRUCK', NULL, '2023-03-24 12:12:12', 3, NULL, NULL, 1),
(187, 'MT-AS-0187', 5, 8, 36, NULL, NULL, 'BTITZER 1', NULL, '2023-03-24 12:12:12', 3, NULL, NULL, 1),
(188, 'MT-AS-0188', 5, 8, 36, NULL, NULL, 'BTITZER 2', NULL, '2023-03-24 12:12:12', 3, NULL, NULL, 1),
(189, 'MT-AS-0189', 5, 8, 36, NULL, NULL, 'BTITZER 3', NULL, '2023-03-24 12:12:12', 3, NULL, NULL, 1),
(190, 'MT-AS-0190', 5, 8, 22, NULL, NULL, 'CABON TANK', NULL, '2023-03-24 12:12:12', 3, NULL, NULL, 1),
(191, 'MT-AS-0191', 5, 8, 81, NULL, NULL, 'Checking Post Room', NULL, '2023-03-24 12:12:12', 3, NULL, NULL, 1),
(192, 'MT-AS-0192', 2, 8, 4, NULL, NULL, 'CHILL ROOM', NULL, '2023-03-24 12:12:12', 3, NULL, NULL, 1),
(193, 'MT-AS-0193', 5, 8, 39, NULL, NULL, 'CHILLER', NULL, '2023-03-24 12:12:12', 3, NULL, NULL, 1),
(194, 'MT-AS-0194', 2, 8, 95, NULL, NULL, 'Cold Room AM01', NULL, '2023-03-24 12:12:12', 3, NULL, NULL, 1),
(195, 'MT-AS-0195', 2, 8, 95, NULL, NULL, 'Cold Room AM02', NULL, '2023-03-24 12:12:12', 3, NULL, NULL, 1),
(196, 'MT-AS-0196', 2, 8, 95, NULL, NULL, 'Cold Room AR03', NULL, '2023-03-24 12:12:12', 3, NULL, NULL, 1),
(197, 'MT-AS-0197', 2, 8, 95, NULL, NULL, 'Cold Room AR04', NULL, '2023-03-24 12:12:12', 3, NULL, NULL, 1),
(198, 'MT-AS-0198', 2, 8, 95, NULL, NULL, 'Cold Room AR06', NULL, '2023-03-24 12:12:12', 3, NULL, NULL, 1),
(199, 'MT-AS-0199', 2, 8, 95, NULL, NULL, 'Cold Room AR07', NULL, '2023-03-24 12:12:12', 3, NULL, NULL, 1),
(200, 'MT-AS-0200', 2, 8, 95, NULL, NULL, 'Cold Room BR08', NULL, '2023-03-24 12:12:12', 3, NULL, NULL, 1),
(201, 'MT-AS-0201', 2, 8, 95, NULL, NULL, 'Cold Room BR09', NULL, '2023-03-24 12:12:12', 3, NULL, NULL, 1),
(202, 'MT-AS-0202', 2, 8, 95, NULL, NULL, 'Cold Room BR10', NULL, '2023-03-24 12:12:12', 3, NULL, NULL, 1),
(203, 'MT-AS-0203', 2, 8, 95, NULL, NULL, 'Cold Room BR11', NULL, '2023-03-24 12:12:12', 3, NULL, NULL, 1),
(204, 'MT-AS-0204', 2, 8, 95, NULL, NULL, 'Cold Room BR12', NULL, '2023-03-24 12:12:12', 3, NULL, NULL, 1),
(205, 'MT-AS-0205', 5, 8, 16, NULL, NULL, 'COLDROOM  F', NULL, '2023-03-24 12:12:12', 3, NULL, NULL, 1),
(206, 'MT-AS-0206', 5, 8, 16, NULL, NULL, 'COLDROOM A', NULL, '2023-03-24 12:12:12', 3, NULL, NULL, 1),
(207, 'MT-AS-0207', 5, 8, 16, NULL, NULL, 'COLDROOM B', NULL, '2023-03-24 12:12:12', 3, NULL, NULL, 1),
(208, 'MT-AS-0208', 5, 8, 16, NULL, NULL, 'COLDROOM C', NULL, '2023-03-24 12:12:12', 3, NULL, NULL, 1),
(209, 'MT-AS-0209', 5, 8, 16, NULL, NULL, 'COLDROOM D', NULL, '2023-03-24 12:12:12', 3, NULL, NULL, 1),
(210, 'MT-AS-0210', 5, 8, 16, NULL, NULL, 'COLDROOM E', NULL, '2023-03-24 12:12:12', 3, NULL, NULL, 1),
(211, 'MT-AS-0211', 2, 8, 9, NULL, NULL, 'Compressor 1', NULL, '2023-03-24 12:12:12', 3, NULL, NULL, 1),
(212, 'MT-AS-0212', 2, 8, 9, NULL, NULL, 'Compressor 2', NULL, '2023-03-24 12:12:12', 3, NULL, NULL, 1),
(213, 'MT-AS-0213', 2, 8, 9, NULL, NULL, 'Compressor 3', NULL, '2023-03-24 12:12:12', 3, NULL, NULL, 1),
(214, 'MT-AS-0214', 2, 8, 9, NULL, NULL, 'COMPRESSOR 4', NULL, '2023-03-24 12:12:12', 3, NULL, NULL, 1),
(215, 'MT-AS-0215', 1, 7, 46, NULL, NULL, 'CONTROL PANEL 1', NULL, '2023-03-24 12:12:12', 3, NULL, NULL, 1),
(216, 'MT-AS-0216', 1, 7, 47, NULL, NULL, 'CONTROL PANEL 11 อ.8', NULL, '2023-03-24 12:12:12', 3, NULL, NULL, 1),
(217, 'MT-AS-0217', 1, 7, 47, NULL, NULL, 'CONTROL PANEL 12 อ.8', NULL, '2023-03-24 12:12:12', 3, NULL, NULL, 1),
(218, 'MT-AS-0218', 1, 7, 47, NULL, NULL, 'CONTROL PANEL 2', NULL, '2023-03-24 12:12:12', 3, NULL, NULL, 1),
(219, 'MT-AS-0219', 1, 7, 47, NULL, NULL, 'CONTROL PANEL 3', NULL, '2023-03-24 12:12:12', 3, NULL, NULL, 1),
(220, 'MT-AS-0220', 1, 7, 47, NULL, NULL, 'CONTROL PANEL 4', NULL, '2023-03-24 12:12:12', 3, NULL, NULL, 1),
(221, 'MT-AS-0221', 1, 7, 47, NULL, NULL, 'CONTROL PANEL 5', NULL, '2023-03-24 12:12:12', 3, NULL, NULL, 1),
(222, 'MT-AS-0222', 1, 7, 47, NULL, NULL, 'CONTROL PANEL 6', NULL, '2023-03-24 12:12:12', 3, NULL, NULL, 1),
(223, 'MT-AS-0223', 1, 7, 47, NULL, NULL, 'CONTROL PANEL 7', NULL, '2023-03-24 12:12:12', 3, NULL, NULL, 1),
(224, 'MT-AS-0224', 1, 7, 47, NULL, NULL, 'CONTROL PANEL 8', NULL, '2023-03-24 12:12:12', 3, NULL, NULL, 1),
(225, 'MT-AS-0225', 1, 7, 47, NULL, NULL, 'CONTROL PANEL 9', NULL, '2023-03-24 12:12:12', 3, NULL, NULL, 1),
(226, 'MT-AS-0226', 1, 7, 47, NULL, NULL, 'CONTROL SPIRAL FEEZER อ.1', NULL, '2023-03-24 12:12:12', 3, NULL, NULL, 1),
(227, 'MT-AS-0227', 1, 7, 48, NULL, NULL, 'Conveyer clean fish เครื่องล้างปลา อาคาร1', NULL, '2023-03-24 12:12:12', 3, NULL, NULL, 1),
(228, 'MT-AS-0228', 5, 8, 25, NULL, NULL, 'COOL WATER PUMP', NULL, '2023-03-24 12:12:12', 3, NULL, NULL, 1),
(229, 'MT-AS-0229', 5, 8, 38, NULL, NULL, 'COOLING TOWER Tr250', NULL, '2023-03-24 12:12:12', 3, NULL, NULL, 1),
(230, 'MT-AS-0230', 1, 7, 4, NULL, NULL, 'Coretemp FREEZE 01(ห้องฟรีส 01)', NULL, '2023-03-24 12:12:12', 3, NULL, NULL, 1),
(231, 'MT-AS-0231', 1, 7, 4, NULL, NULL, 'Coretemp FREEZE 02(ห้องฟรีส 02)', NULL, '2023-03-24 12:12:12', 3, NULL, NULL, 1),
(232, 'MT-AS-0232', 1, 7, 4, NULL, NULL, 'Coretemp FREEZE 03(ห้องฟรีส 03)', NULL, '2023-03-24 12:12:12', 3, NULL, NULL, 1),
(233, 'MT-AS-0233', 1, 7, 4, NULL, NULL, 'Coretemp FREEZE 04(ห้องฟรีส 04)', NULL, '2023-03-24 12:12:12', 3, NULL, NULL, 1),
(234, 'MT-AS-0234', 1, 7, 4, NULL, NULL, 'Coretemp FREEZE 05(ห้องฟรีส 05)', NULL, '2023-03-24 12:12:12', 3, NULL, NULL, 1),
(235, 'MT-AS-0235', 1, 7, 4, NULL, NULL, 'Coretemp FREEZE 06(ห้องฟรีส 06)', NULL, '2023-03-24 12:12:12', 3, NULL, NULL, 1),
(236, 'MT-AS-0236', 1, 7, 4, NULL, NULL, 'Coretemp FREEZE 07(ห้องฟรีส 07)', NULL, '2023-03-24 12:12:12', 3, NULL, NULL, 1),
(237, 'MT-AS-0237', 1, 7, 4, NULL, NULL, 'Coretemp FREEZE 08(ห้องฟรีส 08)', NULL, '2023-03-24 12:12:12', 3, NULL, NULL, 1),
(238, 'MT-AS-0238', 5, 8, 29, NULL, NULL, 'Counter Balance', NULL, '2023-03-24 12:12:12', 3, NULL, NULL, 1),
(239, 'MT-AS-0239', 5, 8, 40, NULL, NULL, 'COUNTER BALANCN', NULL, '2023-03-24 12:12:12', 3, NULL, NULL, 1),
(240, 'MT-AS-0240', 2, 8, 4, NULL, NULL, 'DIGITAL THERMOMETER', NULL, '2023-03-24 12:12:12', 3, NULL, NULL, 1),
(241, 'MT-AS-0241', 1, 7, 5, NULL, NULL, 'DIGITAL THERMOMETER', NULL, '2023-03-24 12:12:12', 3, NULL, NULL, 1),
(242, 'MT-AS-0242', 1, 7, 4, NULL, NULL, 'DIGITAL THERMOMETER (Master)', NULL, '2023-03-24 12:12:12', 3, NULL, NULL, 1),
(243, 'MT-AS-0243', 1, 7, 5, NULL, NULL, 'DIGITAL THERMOMETER (Master)', NULL, '2023-03-24 12:12:12', 3, NULL, NULL, 1),
(244, 'MT-AS-0244', 2, 8, 5, NULL, NULL, 'DIGITAL THERMOMITER', NULL, '2023-03-24 12:12:12', 3, NULL, NULL, 1),
(245, 'MT-AS-0245', 2, 8, 5, NULL, NULL, 'DIGITAL THERMOMITER (MASTER)', NULL, '2023-03-24 12:12:12', 3, NULL, NULL, 1),
(246, 'MT-AS-0246', 5, 8, 151, NULL, NULL, 'Dock leveler', NULL, '2023-03-24 12:12:12', 3, NULL, NULL, 1),
(247, 'MT-AS-0247', 5, 8, 151, NULL, NULL, 'dock leveler 04', NULL, '2023-03-24 12:12:12', 3, NULL, NULL, 1),
(248, 'MT-AS-0248', 5, 8, 151, NULL, NULL, 'dock leveler 06', NULL, '2023-03-24 12:12:12', 3, NULL, NULL, 1),
(249, 'MT-AS-0249', 5, 8, 151, NULL, NULL, 'dock leveler01', NULL, '2023-03-24 12:12:12', 3, NULL, NULL, 1),
(250, 'MT-AS-0250', 2, 8, 64, NULL, NULL, 'Dock Lever Free Zone 12', NULL, '2023-03-24 12:12:12', 3, NULL, NULL, 1),
(251, 'MT-AS-0251', 2, 8, 64, NULL, NULL, 'Dock Lever Free Zone 13', NULL, '2023-03-24 12:12:12', 3, NULL, NULL, 1),
(252, 'MT-AS-0252', 2, 8, 64, NULL, NULL, 'Dock Lever Gen Zone 1', NULL, '2023-03-24 12:12:12', 3, NULL, NULL, 1),
(253, 'MT-AS-0253', 2, 8, 64, NULL, NULL, 'Dock Lever Gen Zone 2', NULL, '2023-03-24 12:12:12', 3, NULL, NULL, 1),
(254, 'MT-AS-0254', 2, 8, 92, NULL, NULL, 'Dock ทางลงโฟรคลิฟท์ลานโหลด 3', NULL, '2023-03-24 12:12:12', 3, NULL, NULL, 1),
(255, 'MT-AS-0255', 2, 8, 92, NULL, NULL, 'Dock ทางลงโฟรคลิฟท์ลานโหลด 4', NULL, '2023-03-24 12:12:12', 3, NULL, NULL, 1),
(256, 'MT-AS-0256', 2, 8, 92, NULL, NULL, 'Dock ทางลงโฟรคลิฟท์เจนโซน', NULL, '2023-03-24 12:12:12', 3, NULL, NULL, 1),
(257, 'MT-AS-0257', 2, 8, 92, NULL, NULL, 'Dock เก็บของฟรีโซน 1', NULL, '2023-03-24 12:12:12', 3, NULL, NULL, 1),
(258, 'MT-AS-0258', 2, 8, 92, NULL, NULL, 'Dock เก็บของฟรีโซน 2', NULL, '2023-03-24 12:12:12', 3, NULL, NULL, 1),
(259, 'MT-AS-0259', 2, 8, 92, NULL, NULL, 'Dock เก็บของฟรีโซน 3', NULL, '2023-03-24 12:12:12', 3, NULL, NULL, 1),
(260, 'MT-AS-0260', 2, 8, 92, NULL, NULL, 'Dock เก็บของเจนโซน 1', NULL, '2023-03-24 12:12:12', 3, NULL, NULL, 1),
(261, 'MT-AS-0261', 2, 8, 92, NULL, NULL, 'Dock เก็บของเจนโซน 2', NULL, '2023-03-24 12:12:12', 3, NULL, NULL, 1),
(262, 'MT-AS-0262', 5, 8, 153, NULL, NULL, 'Electric Pallet Stacker', NULL, '2023-03-24 12:12:12', 3, NULL, NULL, 1),
(263, 'MT-AS-0263', 5, 8, 30, NULL, NULL, 'ELECTRIC REACH TRUCK', NULL, '2023-03-24 12:12:12', 3, NULL, NULL, 1),
(264, 'MT-AS-0264', 2, 8, 8, NULL, NULL, 'Electronic Balance 30 kg.', NULL, '2023-03-24 12:12:12', 3, NULL, NULL, 1),
(265, 'MT-AS-0265', 2, 8, 8, NULL, NULL, 'Electronic Balance 7.5 kg.', NULL, '2023-03-24 12:12:12', 3, NULL, NULL, 1),
(266, 'MT-AS-0266', 2, 8, 52, NULL, NULL, 'Emergency Light 1 Loading Genzone', NULL, '2023-03-24 12:12:12', 3, NULL, NULL, 1),
(267, 'MT-AS-0267', 2, 8, 52, NULL, NULL, 'Emergency Light 10 Loading 3', NULL, '2023-03-24 12:12:12', 3, NULL, NULL, 1),
(268, 'MT-AS-0268', 2, 8, 52, NULL, NULL, 'Emergency Light 11 Thawing Room', NULL, '2023-03-24 12:12:12', 3, NULL, NULL, 1),
(269, 'MT-AS-0269', 2, 8, 52, NULL, NULL, 'Emergency Light 12 ทางขึ้นบันไดชั้น 2', NULL, '2023-03-24 12:12:12', 3, NULL, NULL, 1),
(270, 'MT-AS-0270', 2, 8, 52, NULL, NULL, 'Emergency Light 13 Anteroom 3', NULL, '2023-03-24 12:12:12', 3, NULL, NULL, 1),
(271, 'MT-AS-0271', 2, 8, 52, NULL, NULL, 'Emergency Light 14 ชั้น 2', NULL, '2023-03-24 12:12:12', 3, NULL, NULL, 1),
(272, 'MT-AS-0272', 2, 8, 52, NULL, NULL, 'Emergency Light 15 MBD Room', NULL, '2023-03-24 12:12:12', 3, NULL, NULL, 1),
(273, 'MT-AS-0273', 2, 8, 52, NULL, NULL, 'Emergency Light 16 In-Out Loading 4', NULL, '2023-03-24 12:12:12', 3, NULL, NULL, 1),
(274, 'MT-AS-0274', 2, 8, 52, NULL, NULL, 'Emergency Light 17 Loading 4', NULL, '2023-03-24 12:12:12', 3, NULL, NULL, 1),
(275, 'MT-AS-0275', 2, 8, 52, NULL, NULL, 'Emergency Light 18 Loading 4', NULL, '2023-03-24 12:12:12', 3, NULL, NULL, 1),
(276, 'MT-AS-0276', 2, 8, 52, NULL, NULL, 'Emergency Light 19 BR10', NULL, '2023-03-24 12:12:12', 3, NULL, NULL, 1),
(277, 'MT-AS-0277', 2, 8, 52, NULL, NULL, 'Emergency Light 2 ห้องแพ็ค 1', NULL, '2023-03-24 12:12:12', 3, NULL, NULL, 1),
(278, 'MT-AS-0278', 2, 8, 52, NULL, NULL, 'Emergency Light 20 BR11', NULL, '2023-03-24 12:12:12', 3, NULL, NULL, 1),
(279, 'MT-AS-0279', 2, 8, 52, NULL, NULL, 'Emergency Light 21 Loading 3', NULL, '2023-03-24 12:12:12', 3, NULL, NULL, 1),
(280, 'MT-AS-0280', 2, 8, 52, NULL, NULL, 'Emergency Light 3 ห้องแพ็ค 2', NULL, '2023-03-24 12:12:12', 3, NULL, NULL, 1),
(281, 'MT-AS-0281', 2, 8, 52, NULL, NULL, 'Emergency Light 4 Loading Freezone', NULL, '2023-03-24 12:12:12', 3, NULL, NULL, 1),
(282, 'MT-AS-0282', 2, 8, 52, NULL, NULL, 'Emergency Light 5 In-Out Freezone', NULL, '2023-03-24 12:12:12', 3, NULL, NULL, 1),
(283, 'MT-AS-0283', 2, 8, 52, NULL, NULL, 'Emergency Light 6 Production Line', NULL, '2023-03-24 12:12:12', 3, NULL, NULL, 1),
(284, 'MT-AS-0284', 2, 8, 52, NULL, NULL, 'Emergency Light 7 Office 3fl.', NULL, '2023-03-24 12:12:12', 3, NULL, NULL, 1),
(285, 'MT-AS-0285', 2, 8, 52, NULL, NULL, 'Emergency Light 8 Office 2fl.', NULL, '2023-03-24 12:12:12', 3, NULL, NULL, 1),
(286, 'MT-AS-0286', 2, 8, 52, NULL, NULL, 'Emergency Light 9 In-Out Loading 3', NULL, '2023-03-24 12:12:12', 3, NULL, NULL, 1),
(287, 'MT-AS-0287', 2, 8, 14, NULL, NULL, 'EVAPORATIVE CONDENSOR 01', NULL, '2023-03-24 12:12:12', 3, NULL, NULL, 1),
(288, 'MT-AS-0288', 2, 8, 14, NULL, NULL, 'EVAPORATIVE CONDENSOR 02', NULL, '2023-03-24 12:12:12', 3, NULL, NULL, 1),
(289, 'MT-AS-0289', 2, 8, 14, NULL, NULL, 'EVAPORATIVE CONDENSOR 03', NULL, '2023-03-24 12:12:12', 3, NULL, NULL, 1),
(290, 'MT-AS-0290', 1, 7, 14, NULL, NULL, 'EVAPORATIVE CONDISER 16 อ.8', NULL, '2023-03-24 12:12:12', 3, NULL, NULL, 1),
(291, 'MT-AS-0291', 1, 7, 14, NULL, NULL, 'EVAPORATIVE CONDISER 17 อ.8', NULL, '2023-03-24 12:12:12', 3, NULL, NULL, 1),
(292, 'MT-AS-0292', 1, 7, 51, NULL, NULL, 'EVAPORATOR ( คอล์ยคลังแห้ง 1 )', NULL, '2023-03-24 12:12:12', 3, NULL, NULL, 1),
(293, 'MT-AS-0293', 1, 7, 51, NULL, NULL, 'EVAPORATOR ( คอล์ยคลังแห้ง 2 )', NULL, '2023-03-24 12:12:12', 3, NULL, NULL, 1),
(294, 'MT-AS-0294', 1, 7, 51, NULL, NULL, 'EVAPORATOR ( คอล์ยคลังแห้ง 3 )', NULL, '2023-03-24 12:12:12', 3, NULL, NULL, 1),
(295, 'MT-AS-0295', 1, 7, 51, NULL, NULL, 'EVAPORATOR ( คอล์ยคลังแห้ง 4 )', NULL, '2023-03-24 12:12:12', 3, NULL, NULL, 1),
(296, 'MT-AS-0296', 1, 7, 51, NULL, NULL, 'EVAPORATOR ( คอล์ยห้อง SMALL COLD ROOM )', NULL, '2023-03-24 12:12:12', 3, NULL, NULL, 1),
(297, 'MT-AS-0297', 1, 7, 51, NULL, NULL, 'EVAPORATOR (PASSAGEWAYอ.4)', NULL, '2023-03-24 12:12:12', 3, NULL, NULL, 1),
(298, 'MT-AS-0298', 1, 7, 51, NULL, NULL, 'EVAPORATOR (คอล์ย ANTE ASRS 1 )', NULL, '2023-03-24 12:12:12', 3, NULL, NULL, 1),
(299, 'MT-AS-0299', 1, 7, 51, NULL, NULL, 'EVAPORATOR (คอล์ย ANTE ASRS 2)', NULL, '2023-03-24 12:12:12', 3, NULL, NULL, 1),
(300, 'MT-AS-0300', 1, 7, 51, NULL, NULL, 'EVAPORATOR (คอล์ย LOADING AREA 1_1)', NULL, '2023-03-24 12:12:12', 3, NULL, NULL, 1),
(301, 'MT-AS-0301', 1, 7, 51, NULL, NULL, 'EVAPORATOR (คอล์ย LOADING AREA 1_2)', NULL, '2023-03-24 12:12:12', 3, NULL, NULL, 1),
(302, 'MT-AS-0302', 1, 7, 51, NULL, NULL, 'EVAPORATOR (คอล์ย LOADING AREA 1_3)', NULL, '2023-03-24 12:12:12', 3, NULL, NULL, 1),
(303, 'MT-AS-0303', 1, 7, 51, NULL, NULL, 'EVAPORATOR (คอล์ย LOADING AREA 1_4)', NULL, '2023-03-24 12:12:12', 3, NULL, NULL, 1),
(304, 'MT-AS-0304', 1, 7, 51, NULL, NULL, 'EVAPORATOR (คอล์ย ห้อง ASRS 1_1)', NULL, '2023-03-24 12:12:12', 3, NULL, NULL, 1),
(305, 'MT-AS-0305', 1, 7, 51, NULL, NULL, 'EVAPORATOR (คอล์ย ห้อง ASRS 1_2)', NULL, '2023-03-24 12:12:12', 3, NULL, NULL, 1),
(306, 'MT-AS-0306', 1, 7, 51, NULL, NULL, 'EVAPORATOR (คอล์ย ห้อง ASRS 1_3)', NULL, '2023-03-24 12:12:12', 3, NULL, NULL, 1),
(307, 'MT-AS-0307', 1, 7, 51, NULL, NULL, 'EVAPORATOR (คอล์ย ห้อง ASRS 1_4)', NULL, '2023-03-24 12:12:12', 3, NULL, NULL, 1),
(308, 'MT-AS-0308', 1, 7, 51, NULL, NULL, 'EVAPORATOR (คอล์ย ห้อง ASRS 2_1)', NULL, '2023-03-24 12:12:12', 3, NULL, NULL, 1),
(309, 'MT-AS-0309', 1, 7, 51, NULL, NULL, 'EVAPORATOR (คอล์ย ห้อง ASRS 2_2)', NULL, '2023-03-24 12:12:12', 3, NULL, NULL, 1),
(310, 'MT-AS-0310', 1, 7, 51, NULL, NULL, 'EVAPORATOR (คอล์ย ห้อง CHILL )', NULL, '2023-03-24 12:12:12', 3, NULL, NULL, 1),
(311, 'MT-AS-0311', 1, 7, 51, NULL, NULL, 'EVAPORATOR (คอล์ย ห้อง ส่วนผลิต 1_1)', NULL, '2023-03-24 12:12:12', 3, NULL, NULL, 1),
(312, 'MT-AS-0312', 1, 7, 51, NULL, NULL, 'EVAPORATOR (คอล์ย ห้อง ส่วนผลิต 1_2)', NULL, '2023-03-24 12:12:12', 3, NULL, NULL, 1),
(313, 'MT-AS-0313', 1, 7, 51, NULL, NULL, 'EVAPORATOR (คอล์ย ห้อง ส่วนผลิต 1_3)', NULL, '2023-03-24 12:12:12', 3, NULL, NULL, 1),
(314, 'MT-AS-0314', 1, 7, 51, NULL, NULL, 'EVAPORATOR (คอล์ย ห้อง ส่วนผลิต 1_4)', NULL, '2023-03-24 12:12:12', 3, NULL, NULL, 1),
(315, 'MT-AS-0315', 1, 7, 51, NULL, NULL, 'EVAPORATOR (คอล์ย ห้อง ส่วนผลิต 1_5)', NULL, '2023-03-24 12:12:12', 3, NULL, NULL, 1),
(316, 'MT-AS-0316', 1, 7, 51, NULL, NULL, 'EVAPORATOR (คอล์ย ห้อง โมบาย 1_1 )', NULL, '2023-03-24 12:12:12', 3, NULL, NULL, 1),
(317, 'MT-AS-0317', 1, 7, 51, NULL, NULL, 'EVAPORATOR (คอล์ย ห้อง โมบาย 1_2 )', NULL, '2023-03-24 12:12:12', 3, NULL, NULL, 1),
(318, 'MT-AS-0318', 1, 7, 51, NULL, NULL, 'EVAPORATOR (คอล์ยAIR LOCKอ.3)', NULL, '2023-03-24 12:12:12', 3, NULL, NULL, 1),
(319, 'MT-AS-0319', 1, 7, 51, NULL, NULL, 'EVAPORATOR (คอล์ยAIRLOCK 4 )', NULL, '2023-03-24 12:12:12', 3, NULL, NULL, 1),
(320, 'MT-AS-0320', 1, 7, 51, NULL, NULL, 'EVAPORATOR (คอล์ยAIRLOCK 6 )', NULL, '2023-03-24 12:12:12', 3, NULL, NULL, 1),
(321, 'MT-AS-0321', 1, 7, 51, NULL, NULL, 'EVAPORATOR (คอล์ยAIRLOCK อ.2)', NULL, '2023-03-24 12:12:12', 3, NULL, NULL, 1),
(322, 'MT-AS-0322', 1, 7, 51, NULL, NULL, 'EVAPORATOR (คอล์ยANTE LOADING 1_1)', NULL, '2023-03-24 12:12:12', 3, NULL, NULL, 1),
(323, 'MT-AS-0323', 1, 7, 51, NULL, NULL, 'EVAPORATOR (คอล์ยANTE LOADING 1_2)', NULL, '2023-03-24 12:12:12', 3, NULL, NULL, 1),
(324, 'MT-AS-0324', 1, 7, 51, NULL, NULL, 'EVAPORATOR (คอล์ยANTE LOADING 1_3)', NULL, '2023-03-24 12:12:12', 3, NULL, NULL, 1),
(325, 'MT-AS-0325', 1, 7, 51, NULL, NULL, 'EVAPORATOR (คอล์ยANTE LOADING 1_4)', NULL, '2023-03-24 12:12:12', 3, NULL, NULL, 1),
(326, 'MT-AS-0326', 1, 7, 51, NULL, NULL, 'EVAPORATOR (คอล์ยANTE ROOMอ.4)', NULL, '2023-03-24 12:12:12', 3, NULL, NULL, 1),
(327, 'MT-AS-0327', 1, 7, 51, NULL, NULL, 'EVAPORATOR (คอล์ยANTEROOM 1_1 )', NULL, '2023-03-24 12:12:12', 3, NULL, NULL, 1),
(328, 'MT-AS-0328', 1, 7, 51, NULL, NULL, 'EVAPORATOR (คอล์ยANTEROOM 1_2 )', NULL, '2023-03-24 12:12:12', 3, NULL, NULL, 1),
(329, 'MT-AS-0329', 1, 7, 51, NULL, NULL, 'EVAPORATOR (คอล์ยANTEROOM 1_3 )', NULL, '2023-03-24 12:12:12', 3, NULL, NULL, 1),
(330, 'MT-AS-0330', 1, 7, 51, NULL, NULL, 'EVAPORATOR (คอล์ยANTEROOM 1_4 )', NULL, '2023-03-24 12:12:12', 3, NULL, NULL, 1),
(331, 'MT-AS-0331', 1, 7, 51, NULL, NULL, 'EVAPORATOR (คอล์ยANTEROOM 2_1 )', NULL, '2023-03-24 12:12:12', 3, NULL, NULL, 1),
(332, 'MT-AS-0332', 1, 7, 51, NULL, NULL, 'EVAPORATOR (คอล์ยANTEROOM 2_2 )', NULL, '2023-03-24 12:12:12', 3, NULL, NULL, 1),
(333, 'MT-AS-0333', 1, 7, 51, NULL, NULL, 'EVAPORATOR (คอล์ยANTEROOM 3_1 )', NULL, '2023-03-24 12:12:12', 3, NULL, NULL, 1),
(334, 'MT-AS-0334', 1, 7, 51, NULL, NULL, 'EVAPORATOR (คอล์ยANTEROOM 3_2 )', NULL, '2023-03-24 12:12:12', 3, NULL, NULL, 1),
(335, 'MT-AS-0335', 1, 7, 51, NULL, NULL, 'EVAPORATOR (คอล์ยANTEROOM 3_3 )', NULL, '2023-03-24 12:12:12', 3, NULL, NULL, 1),
(336, 'MT-AS-0336', 1, 7, 51, NULL, NULL, 'EVAPORATOR (คอล์ยANTEROOM 4_1 )', NULL, '2023-03-24 12:12:12', 3, NULL, NULL, 1),
(337, 'MT-AS-0337', 1, 7, 51, NULL, NULL, 'EVAPORATOR (คอล์ยANTEROOM 4_2 )', NULL, '2023-03-24 12:12:12', 3, NULL, NULL, 1),
(338, 'MT-AS-0338', 1, 7, 51, NULL, NULL, 'EVAPORATOR (คอล์ยANTEROOM 6_1 )', NULL, '2023-03-24 12:12:12', 3, NULL, NULL, 1),
(339, 'MT-AS-0339', 1, 7, 51, NULL, NULL, 'EVAPORATOR (คอล์ยANTEROOM 6_2 )', NULL, '2023-03-24 12:12:12', 3, NULL, NULL, 1),
(340, 'MT-AS-0340', 1, 7, 51, NULL, NULL, 'EVAPORATOR (คอล์ยANTEROOM 6_3 )', NULL, '2023-03-24 12:12:12', 3, NULL, NULL, 1),
(341, 'MT-AS-0341', 1, 7, 51, NULL, NULL, 'EVAPORATOR (คอล์ยANTEROOM อ.7)', NULL, '2023-03-24 12:12:12', 3, NULL, NULL, 1),
(342, 'MT-AS-0342', 1, 7, 51, NULL, NULL, 'EVAPORATOR (คอล์ยPASSAGEWAY 6 )', NULL, '2023-03-24 12:12:12', 3, NULL, NULL, 1),
(343, 'MT-AS-0343', 1, 7, 51, NULL, NULL, 'EVAPORATOR (คอล์ยรับวัตถุดิบฟรีสอ.4)', NULL, '2023-03-24 12:12:12', 3, NULL, NULL, 1),
(344, 'MT-AS-0344', 1, 7, 51, NULL, NULL, 'EVAPORATOR (คอล์ยลานรับวัตถุดิบ อ.1)', NULL, '2023-03-24 12:12:12', 3, NULL, NULL, 1),
(345, 'MT-AS-0345', 1, 7, 51, NULL, NULL, 'EVAPORATOR (คอล์ยลานโหลด 2 อ. 4 )', NULL, '2023-03-24 12:12:12', 3, NULL, NULL, 1),
(346, 'MT-AS-0346', 1, 7, 51, NULL, NULL, 'EVAPORATOR (คอล์ยลานโหลด 2_1 )', NULL, '2023-03-24 12:12:12', 3, NULL, NULL, 1),
(347, 'MT-AS-0347', 1, 7, 51, NULL, NULL, 'EVAPORATOR (คอล์ยลานโหลด 2_2 )', NULL, '2023-03-24 12:12:12', 3, NULL, NULL, 1),
(348, 'MT-AS-0348', 1, 7, 51, NULL, NULL, 'EVAPORATOR (คอล์ยลานโหลด 4_1 )', NULL, '2023-03-24 12:12:12', 3, NULL, NULL, 1),
(349, 'MT-AS-0349', 1, 7, 51, NULL, NULL, 'EVAPORATOR (คอล์ยลานโหลด 4_2 )', NULL, '2023-03-24 12:12:12', 3, NULL, NULL, 1),
(350, 'MT-AS-0350', 1, 7, 51, NULL, NULL, 'EVAPORATOR (คอล์ยลานโหลด 5 )', NULL, '2023-03-24 12:12:12', 3, NULL, NULL, 1),
(351, 'MT-AS-0351', 1, 7, 51, NULL, NULL, 'EVAPORATOR (คอล์ยลานโหลด 6_1 )', NULL, '2023-03-24 12:12:12', 3, NULL, NULL, 1),
(352, 'MT-AS-0352', 1, 7, 51, NULL, NULL, 'EVAPORATOR (คอล์ยลานโหลด 6_2 )', NULL, '2023-03-24 12:12:12', 3, NULL, NULL, 1),
(353, 'MT-AS-0353', 1, 7, 51, NULL, NULL, 'EVAPORATOR (คอล์ยลานโหลด 6_3 )', NULL, '2023-03-24 12:12:12', 3, NULL, NULL, 1),
(354, 'MT-AS-0354', 1, 7, 51, NULL, NULL, 'EVAPORATOR (คอล์ยลานโหลด 6_4 )', NULL, '2023-03-24 12:12:12', 3, NULL, NULL, 1),
(355, 'MT-AS-0355', 1, 7, 51, NULL, NULL, 'EVAPORATOR (คอล์ยลานโหลด อ.1)', NULL, '2023-03-24 12:12:12', 3, NULL, NULL, 1),
(356, 'MT-AS-0356', 1, 7, 51, NULL, NULL, 'EVAPORATOR (คอล์ยลานโหลดอ.2)', NULL, '2023-03-24 12:12:12', 3, NULL, NULL, 1),
(357, 'MT-AS-0357', 1, 7, 51, NULL, NULL, 'EVAPORATOR (คอล์ยลานโหลดอ.7 1_1)', NULL, '2023-03-24 12:12:12', 3, NULL, NULL, 1),
(358, 'MT-AS-0358', 1, 7, 51, NULL, NULL, 'EVAPORATOR (คอล์ยลานโหลดอ.7 1_2)', NULL, '2023-03-24 12:12:12', 3, NULL, NULL, 1),
(359, 'MT-AS-0359', 1, 7, 51, NULL, NULL, 'EVAPORATOR (คอล์ยลานโหลดอ.7 1_3)', NULL, '2023-03-24 12:12:12', 3, NULL, NULL, 1),
(360, 'MT-AS-0360', 1, 7, 51, NULL, NULL, 'EVAPORATOR (คอล์ยลานโหลดเล็ก 6 )', NULL, '2023-03-24 12:12:12', 3, NULL, NULL, 1),
(361, 'MT-AS-0361', 1, 7, 51, NULL, NULL, 'EVAPORATOR (คอล์ยห้อง CHILLอ.1)', NULL, '2023-03-24 12:12:12', 3, NULL, NULL, 1),
(362, 'MT-AS-0362', 1, 7, 51, NULL, NULL, 'EVAPORATOR (คอล์ยห้อง P4 )', NULL, '2023-03-24 12:12:12', 3, NULL, NULL, 1),
(363, 'MT-AS-0363', 1, 7, 51, NULL, NULL, 'EVAPORATOR (คอล์ยห้องChill 30_1 )', NULL, '2023-03-24 12:12:12', 3, NULL, NULL, 1),
(364, 'MT-AS-0364', 1, 7, 51, NULL, NULL, 'EVAPORATOR (คอล์ยห้องChill 30_2 )', NULL, '2023-03-24 12:12:12', 3, NULL, NULL, 1),
(365, 'MT-AS-0365', 1, 7, 51, NULL, NULL, 'EVAPORATOR (คอล์ยห้องP3)', NULL, '2023-03-24 12:12:12', 3, NULL, NULL, 1),
(366, 'MT-AS-0366', 1, 7, 51, NULL, NULL, 'EVAPORATOR (คอล์ยห้องฟรีส 1_1 )', NULL, '2023-03-24 12:12:12', 3, NULL, NULL, 1),
(367, 'MT-AS-0367', 1, 7, 51, NULL, NULL, 'EVAPORATOR (คอล์ยห้องฟรีส 1_2 )', NULL, '2023-03-24 12:12:12', 3, NULL, NULL, 1),
(368, 'MT-AS-0368', 1, 7, 51, NULL, NULL, 'EVAPORATOR (คอล์ยห้องฟรีส 2_1 )', NULL, '2023-03-24 12:12:12', 3, NULL, NULL, 1),
(369, 'MT-AS-0369', 1, 7, 51, NULL, NULL, 'EVAPORATOR (คอล์ยห้องฟรีส 2_2 )', NULL, '2023-03-24 12:12:12', 3, NULL, NULL, 1),
(370, 'MT-AS-0370', 1, 7, 51, NULL, NULL, 'EVAPORATOR (คอล์ยห้องฟรีส 3_1 )', NULL, '2023-03-24 12:12:12', 3, NULL, NULL, 1),
(371, 'MT-AS-0371', 1, 7, 51, NULL, NULL, 'EVAPORATOR (คอล์ยห้องฟรีส 3_2 )', NULL, '2023-03-24 12:12:12', 3, NULL, NULL, 1),
(372, 'MT-AS-0372', 1, 7, 51, NULL, NULL, 'EVAPORATOR (คอล์ยห้องฟรีส 4_1 )', NULL, '2023-03-24 12:12:12', 3, NULL, NULL, 1),
(373, 'MT-AS-0373', 1, 7, 51, NULL, NULL, 'EVAPORATOR (คอล์ยห้องฟรีส 4_2 )', NULL, '2023-03-24 12:12:12', 3, NULL, NULL, 1),
(374, 'MT-AS-0374', 1, 7, 51, NULL, NULL, 'EVAPORATOR (คอล์ยห้องฟรีส 5_1 )', NULL, '2023-03-24 12:12:12', 3, NULL, NULL, 1),
(375, 'MT-AS-0375', 1, 7, 51, NULL, NULL, 'EVAPORATOR (คอล์ยห้องฟรีส 5_2 )', NULL, '2023-03-24 12:12:12', 3, NULL, NULL, 1),
(376, 'MT-AS-0376', 1, 7, 51, NULL, NULL, 'EVAPORATOR (คอล์ยห้องฟรีส 6_1 )', NULL, '2023-03-24 12:12:12', 3, NULL, NULL, 1),
(377, 'MT-AS-0377', 1, 7, 51, NULL, NULL, 'EVAPORATOR (คอล์ยห้องฟรีส 7_1 )', NULL, '2023-03-24 12:12:12', 3, NULL, NULL, 1),
(378, 'MT-AS-0378', 1, 7, 51, NULL, NULL, 'EVAPORATOR (คอล์ยห้องฟรีส 7_2 )', NULL, '2023-03-24 12:12:12', 3, NULL, NULL, 1),
(379, 'MT-AS-0379', 1, 7, 51, NULL, NULL, 'EVAPORATOR (คอล์ยห้องฟรีส 8_1 )', NULL, '2023-03-24 12:12:12', 3, NULL, NULL, 1),
(380, 'MT-AS-0380', 1, 7, 51, NULL, NULL, 'EVAPORATOR (คอล์ยห้องฟรีส 8_2 )', NULL, '2023-03-24 12:12:12', 3, NULL, NULL, 1),
(381, 'MT-AS-0381', 1, 7, 51, NULL, NULL, 'EVAPORATOR (คอล์ยห้องอบปลา 1_1)', NULL, '2023-03-24 12:12:12', 3, NULL, NULL, 1),
(382, 'MT-AS-0382', 1, 7, 51, NULL, NULL, 'EVAPORATOR (คอล์ยห้องอบปลา 1_2)', NULL, '2023-03-24 12:12:12', 3, NULL, NULL, 1),
(383, 'MT-AS-0383', 1, 7, 51, NULL, NULL, 'EVAPORATOR (คอล์ยห้องเก็บ 1_1 )', NULL, '2023-03-24 12:12:12', 3, NULL, NULL, 1),
(384, 'MT-AS-0384', 1, 7, 51, NULL, NULL, 'EVAPORATOR (คอล์ยห้องเก็บ 1_2 )', NULL, '2023-03-24 12:12:12', 3, NULL, NULL, 1),
(385, 'MT-AS-0385', 1, 7, 51, NULL, NULL, 'EVAPORATOR (คอล์ยห้องเก็บ 10_1 )', NULL, '2023-03-24 12:12:12', 3, NULL, NULL, 1),
(386, 'MT-AS-0386', 1, 7, 51, NULL, NULL, 'EVAPORATOR (คอล์ยห้องเก็บ 10_2 )', NULL, '2023-03-24 12:12:12', 3, NULL, NULL, 1),
(387, 'MT-AS-0387', 1, 7, 51, NULL, NULL, 'EVAPORATOR (คอล์ยห้องเก็บ 10_3 )', NULL, '2023-03-24 12:12:12', 3, NULL, NULL, 1),
(388, 'MT-AS-0388', 1, 7, 51, NULL, NULL, 'EVAPORATOR (คอล์ยห้องเก็บ 11_1 )', NULL, '2023-03-24 12:12:12', 3, NULL, NULL, 1),
(389, 'MT-AS-0389', 1, 7, 51, NULL, NULL, 'EVAPORATOR (คอล์ยห้องเก็บ 11_2 )', NULL, '2023-03-24 12:12:12', 3, NULL, NULL, 1),
(390, 'MT-AS-0390', 1, 7, 51, NULL, NULL, 'EVAPORATOR (คอล์ยห้องเก็บ 12_1 )', NULL, '2023-03-24 12:12:12', 3, NULL, NULL, 1),
(391, 'MT-AS-0391', 1, 7, 51, NULL, NULL, 'EVAPORATOR (คอล์ยห้องเก็บ 12_2 )', NULL, '2023-03-24 12:12:12', 3, NULL, NULL, 1),
(392, 'MT-AS-0392', 1, 7, 51, NULL, NULL, 'EVAPORATOR (คอล์ยห้องเก็บ 13_1 )', NULL, '2023-03-24 12:12:12', 3, NULL, NULL, 1),
(393, 'MT-AS-0393', 1, 7, 51, NULL, NULL, 'EVAPORATOR (คอล์ยห้องเก็บ 13_2 )', NULL, '2023-03-24 12:12:12', 3, NULL, NULL, 1),
(394, 'MT-AS-0394', 1, 7, 51, NULL, NULL, 'EVAPORATOR (คอล์ยห้องเก็บ 14_1 )', NULL, '2023-03-24 12:12:12', 3, NULL, NULL, 1),
(395, 'MT-AS-0395', 1, 7, 51, NULL, NULL, 'EVAPORATOR (คอล์ยห้องเก็บ 14_2 )', NULL, '2023-03-24 12:12:12', 3, NULL, NULL, 1),
(396, 'MT-AS-0396', 1, 7, 51, NULL, NULL, 'EVAPORATOR (คอล์ยห้องเก็บ 14_3 )', NULL, '2023-03-24 12:12:12', 3, NULL, NULL, 1),
(397, 'MT-AS-0397', 1, 7, 51, NULL, NULL, 'EVAPORATOR (คอล์ยห้องเก็บ 15_1 )', NULL, '2023-03-24 12:12:12', 3, NULL, NULL, 1),
(398, 'MT-AS-0398', 1, 7, 51, NULL, NULL, 'EVAPORATOR (คอล์ยห้องเก็บ 15_2 )', NULL, '2023-03-24 12:12:12', 3, NULL, NULL, 1),
(399, 'MT-AS-0399', 1, 7, 51, NULL, NULL, 'EVAPORATOR (คอล์ยห้องเก็บ 16_1 )', NULL, '2023-03-24 12:12:12', 3, NULL, NULL, 1),
(400, 'MT-AS-0400', 1, 7, 51, NULL, NULL, 'EVAPORATOR (คอล์ยห้องเก็บ 16_2 )', NULL, '2023-03-24 12:12:12', 3, NULL, NULL, 1),
(401, 'MT-AS-0401', 1, 7, 51, NULL, NULL, 'EVAPORATOR (คอล์ยห้องเก็บ 17_1 )', NULL, '2023-03-24 12:12:12', 3, NULL, NULL, 1),
(402, 'MT-AS-0402', 1, 7, 51, NULL, NULL, 'EVAPORATOR (คอล์ยห้องเก็บ 17_2 )', NULL, '2023-03-24 12:12:12', 3, NULL, NULL, 1),
(403, 'MT-AS-0403', 1, 7, 51, NULL, NULL, 'EVAPORATOR (คอล์ยห้องเก็บ 18_1 )', NULL, '2023-03-24 12:12:12', 3, NULL, NULL, 1),
(404, 'MT-AS-0404', 1, 7, 51, NULL, NULL, 'EVAPORATOR (คอล์ยห้องเก็บ 18_2 )', NULL, '2023-03-24 12:12:12', 3, NULL, NULL, 1),
(405, 'MT-AS-0405', 1, 7, 51, NULL, NULL, 'EVAPORATOR (คอล์ยห้องเก็บ 19_1 )', NULL, '2023-03-24 12:12:12', 3, NULL, NULL, 1),
(406, 'MT-AS-0406', 1, 7, 51, NULL, NULL, 'EVAPORATOR (คอล์ยห้องเก็บ 19_2 )', NULL, '2023-03-24 12:12:12', 3, NULL, NULL, 1),
(407, 'MT-AS-0407', 1, 7, 51, NULL, NULL, 'EVAPORATOR (คอล์ยห้องเก็บ 2_1 )', NULL, '2023-03-24 12:12:12', 3, NULL, NULL, 1),
(408, 'MT-AS-0408', 1, 7, 51, NULL, NULL, 'EVAPORATOR (คอล์ยห้องเก็บ 2_2 )', NULL, '2023-03-24 12:12:12', 3, NULL, NULL, 1),
(409, 'MT-AS-0409', 1, 7, 51, NULL, NULL, 'EVAPORATOR (คอล์ยห้องเก็บ 2_3 )', NULL, '2023-03-24 12:12:12', 3, NULL, NULL, 1),
(410, 'MT-AS-0410', 1, 7, 51, NULL, NULL, 'EVAPORATOR (คอล์ยห้องเก็บ 20_1 )', NULL, '2023-03-24 12:12:12', 3, NULL, NULL, 1),
(411, 'MT-AS-0411', 1, 7, 51, NULL, NULL, 'EVAPORATOR (คอล์ยห้องเก็บ 20_2 )', NULL, '2023-03-24 12:12:12', 3, NULL, NULL, 1),
(412, 'MT-AS-0412', 1, 7, 51, NULL, NULL, 'EVAPORATOR (คอล์ยห้องเก็บ 21_1 )', NULL, '2023-03-24 12:12:12', 3, NULL, NULL, 1),
(413, 'MT-AS-0413', 1, 7, 51, NULL, NULL, 'EVAPORATOR (คอล์ยห้องเก็บ 21_2 )', NULL, '2023-03-24 12:12:12', 3, NULL, NULL, 1),
(414, 'MT-AS-0414', 1, 7, 51, NULL, NULL, 'EVAPORATOR (คอล์ยห้องเก็บ 22_1 )', NULL, '2023-03-24 12:12:12', 3, NULL, NULL, 1),
(415, 'MT-AS-0415', 1, 7, 51, NULL, NULL, 'EVAPORATOR (คอล์ยห้องเก็บ 22_2 )', NULL, '2023-03-24 12:12:12', 3, NULL, NULL, 1),
(416, 'MT-AS-0416', 1, 7, 51, NULL, NULL, 'EVAPORATOR (คอล์ยห้องเก็บ 23_1 )', NULL, '2023-03-24 12:12:12', 3, NULL, NULL, 1),
(417, 'MT-AS-0417', 1, 7, 51, NULL, NULL, 'EVAPORATOR (คอล์ยห้องเก็บ 23_2 )', NULL, '2023-03-24 12:12:12', 3, NULL, NULL, 1),
(418, 'MT-AS-0418', 1, 7, 51, NULL, NULL, 'EVAPORATOR (คอล์ยห้องเก็บ 24_1 )', NULL, '2023-03-24 12:12:12', 3, NULL, NULL, 1),
(419, 'MT-AS-0419', 1, 7, 51, NULL, NULL, 'EVAPORATOR (คอล์ยห้องเก็บ 24_2 )', NULL, '2023-03-24 12:12:12', 3, NULL, NULL, 1),
(420, 'MT-AS-0420', 1, 7, 51, NULL, NULL, 'EVAPORATOR (คอล์ยห้องเก็บ 25_1 )', NULL, '2023-03-24 12:12:12', 3, NULL, NULL, 1),
(421, 'MT-AS-0421', 1, 7, 51, NULL, NULL, 'EVAPORATOR (คอล์ยห้องเก็บ 25_2 )', NULL, '2023-03-24 12:12:12', 3, NULL, NULL, 1),
(422, 'MT-AS-0422', 1, 7, 51, NULL, NULL, 'EVAPORATOR (คอล์ยห้องเก็บ 28_1 )', NULL, '2023-03-24 12:12:12', 3, NULL, NULL, 1),
(423, 'MT-AS-0423', 1, 7, 51, NULL, NULL, 'EVAPORATOR (คอล์ยห้องเก็บ 29_1 )', NULL, '2023-03-24 12:12:12', 3, NULL, NULL, 1),
(424, 'MT-AS-0424', 1, 7, 51, NULL, NULL, 'EVAPORATOR (คอล์ยห้องเก็บ 29_2 )', NULL, '2023-03-24 12:12:12', 3, NULL, NULL, 1),
(425, 'MT-AS-0425', 1, 7, 51, NULL, NULL, 'EVAPORATOR (คอล์ยห้องเก็บ 29_3 )', NULL, '2023-03-24 12:12:12', 3, NULL, NULL, 1),
(426, 'MT-AS-0426', 1, 7, 51, NULL, NULL, 'EVAPORATOR (คอล์ยห้องเก็บ 29_4 )', NULL, '2023-03-24 12:12:12', 3, NULL, NULL, 1),
(427, 'MT-AS-0427', 1, 7, 51, NULL, NULL, 'EVAPORATOR (คอล์ยห้องเก็บ 3_1 )', NULL, '2023-03-24 12:12:12', 3, NULL, NULL, 1),
(428, 'MT-AS-0428', 1, 7, 51, NULL, NULL, 'EVAPORATOR (คอล์ยห้องเก็บ 3_2 )', NULL, '2023-03-24 12:12:12', 3, NULL, NULL, 1),
(429, 'MT-AS-0429', 1, 7, 51, NULL, NULL, 'EVAPORATOR (คอล์ยห้องเก็บ 3_3 )', NULL, '2023-03-24 12:12:12', 3, NULL, NULL, 1),
(430, 'MT-AS-0430', 1, 7, 51, NULL, NULL, 'EVAPORATOR (คอล์ยห้องเก็บ 4_1 )', NULL, '2023-03-24 12:12:12', 3, NULL, NULL, 1),
(431, 'MT-AS-0431', 1, 7, 51, NULL, NULL, 'EVAPORATOR (คอล์ยห้องเก็บ 4_2 )', NULL, '2023-03-24 12:12:12', 3, NULL, NULL, 1),
(432, 'MT-AS-0432', 1, 7, 51, NULL, NULL, 'EVAPORATOR (คอล์ยห้องเก็บ 4_3 )', NULL, '2023-03-24 12:12:12', 3, NULL, NULL, 1),
(433, 'MT-AS-0433', 1, 7, 51, NULL, NULL, 'EVAPORATOR (คอล์ยห้องเก็บ 5_1 )', NULL, '2023-03-24 12:12:12', 3, NULL, NULL, 1),
(434, 'MT-AS-0434', 1, 7, 51, NULL, NULL, 'EVAPORATOR (คอล์ยห้องเก็บ 5_2 )', NULL, '2023-03-24 12:12:12', 3, NULL, NULL, 1),
(435, 'MT-AS-0435', 1, 7, 51, NULL, NULL, 'EVAPORATOR (คอล์ยห้องเก็บ 6_1 )', NULL, '2023-03-24 12:12:12', 3, NULL, NULL, 1),
(436, 'MT-AS-0436', 1, 7, 51, NULL, NULL, 'EVAPORATOR (คอล์ยห้องเก็บ 6_2 )', NULL, '2023-03-24 12:12:12', 3, NULL, NULL, 1),
(437, 'MT-AS-0437', 1, 7, 51, NULL, NULL, 'EVAPORATOR (คอล์ยห้องเก็บ 7_1 )', NULL, '2023-03-24 12:12:12', 3, NULL, NULL, 1);
INSERT INTO `tb_machine_master` (`id_machine`, `machine_code`, `ref_id_site`, `ref_id_dept`, `ref_id_menu`, `ref_id_sub_menu`, `model_name`, `name_machine`, `detail_machine`, `mc_adddate`, `ref_id_user_add`, `mc_editdate`, `ref_id_user_edit`, `status_machine`) VALUES
(438, 'MT-AS-0438', 1, 7, 51, NULL, NULL, 'EVAPORATOR (คอล์ยห้องเก็บ 7_2)', NULL, '2023-03-24 12:12:12', 3, NULL, NULL, 1),
(439, 'MT-AS-0439', 1, 7, 51, NULL, NULL, 'EVAPORATOR (คอล์ยห้องเก็บ 7_3 )', NULL, '2023-03-24 12:12:12', 3, NULL, NULL, 1),
(440, 'MT-AS-0440', 1, 7, 51, NULL, NULL, 'EVAPORATOR (คอล์ยห้องเก็บ 8_1 )', NULL, '2023-03-24 12:12:12', 3, NULL, NULL, 1),
(441, 'MT-AS-0441', 1, 7, 51, NULL, NULL, 'EVAPORATOR (คอล์ยห้องเก็บ 8_2 )', NULL, '2023-03-24 12:12:12', 3, NULL, NULL, 1),
(442, 'MT-AS-0442', 1, 7, 51, NULL, NULL, 'EVAPORATOR (คอล์ยห้องเก็บ 8_3 )', NULL, '2023-03-24 12:12:12', 3, NULL, NULL, 1),
(443, 'MT-AS-0443', 1, 7, 51, NULL, NULL, 'EVAPORATOR (คอล์ยห้องเก็บ 8_4 )', NULL, '2023-03-24 12:12:12', 3, NULL, NULL, 1),
(444, 'MT-AS-0444', 1, 7, 51, NULL, NULL, 'EVAPORATOR (คอล์ยห้องเก็บ 9_1 )', NULL, '2023-03-24 12:12:12', 3, NULL, NULL, 1),
(445, 'MT-AS-0445', 1, 7, 51, NULL, NULL, 'EVAPORATOR (คอล์ยห้องเก็บ 9_2 )', NULL, '2023-03-24 12:12:12', 3, NULL, NULL, 1),
(446, 'MT-AS-0446', 1, 7, 51, NULL, NULL, 'EVAPORATOR (คอล์ยห้องเก็บ 9_3 )', NULL, '2023-03-24 12:12:12', 3, NULL, NULL, 1),
(447, 'MT-AS-0447', 1, 7, 51, NULL, NULL, 'EVAPORATOR (คอล์ยห้องแพ็ค 1 อาคาร1)', NULL, '2023-03-24 12:12:12', 3, NULL, NULL, 1),
(448, 'MT-AS-0448', 1, 7, 51, NULL, NULL, 'EVAPORATOR (คอล์ยห้องแพ็ค 2 อาคาร1)', NULL, '2023-03-24 12:12:12', 3, NULL, NULL, 1),
(449, 'MT-AS-0449', 1, 7, 51, NULL, NULL, 'EVAPORATOR (คอล์ยห้องแพ็คอ.4)', NULL, '2023-03-24 12:12:12', 3, NULL, NULL, 1),
(450, 'MT-AS-0450', 1, 7, 51, NULL, NULL, 'EVAPORATOR (คอล์ยห้องโมบาย 1_1)', NULL, '2023-03-24 12:12:12', 3, NULL, NULL, 1),
(451, 'MT-AS-0451', 1, 7, 51, NULL, NULL, 'EVAPORATOR (คอล์ยห้องโมบาย 1_2)', NULL, '2023-03-24 12:12:12', 3, NULL, NULL, 1),
(452, 'MT-AS-0452', 1, 7, 51, NULL, NULL, 'EVAPORATOR (คอล์ยห้องโมบาย 1_3)', NULL, '2023-03-24 12:12:12', 3, NULL, NULL, 1),
(453, 'MT-AS-0453', 1, 7, 51, NULL, NULL, 'EVAPORATOR (คอล์ยห้องโมบาย 1_4)', NULL, '2023-03-24 12:12:12', 3, NULL, NULL, 1),
(454, 'MT-AS-0454', 1, 7, 51, NULL, NULL, 'EVAPORATOR (คอล์ยห้องโมบาย 1_5)', NULL, '2023-03-24 12:12:12', 3, NULL, NULL, 1),
(455, 'MT-AS-0455', 1, 7, 51, NULL, NULL, 'EVAPORATOR (คอล์ยห้องโมบาย 1_6)', NULL, '2023-03-24 12:12:12', 3, NULL, NULL, 1),
(456, 'MT-AS-0456', 1, 7, 51, NULL, NULL, 'EVAPORATOR (คอล์ยห้องโมบาย 2_1)', NULL, '2023-03-24 12:12:12', 3, NULL, NULL, 1),
(457, 'MT-AS-0457', 1, 7, 51, NULL, NULL, 'EVAPORATOR (คอล์ยห้องโมบาย 2_10)', NULL, '2023-03-24 12:12:12', 3, NULL, NULL, 1),
(458, 'MT-AS-0458', 1, 7, 51, NULL, NULL, 'EVAPORATOR (คอล์ยห้องโมบาย 2_2)', NULL, '2023-03-24 12:12:12', 3, NULL, NULL, 1),
(459, 'MT-AS-0459', 1, 7, 51, NULL, NULL, 'EVAPORATOR (คอล์ยห้องโมบาย 2_3)', NULL, '2023-03-24 12:12:12', 3, NULL, NULL, 1),
(460, 'MT-AS-0460', 1, 7, 51, NULL, NULL, 'EVAPORATOR (คอล์ยห้องโมบาย 2_4)', NULL, '2023-03-24 12:12:12', 3, NULL, NULL, 1),
(461, 'MT-AS-0461', 1, 7, 51, NULL, NULL, 'EVAPORATOR (คอล์ยห้องโมบาย 2_5)', NULL, '2023-03-24 12:12:12', 3, NULL, NULL, 1),
(462, 'MT-AS-0462', 1, 7, 51, NULL, NULL, 'EVAPORATOR (คอล์ยห้องโมบาย 2_6)', NULL, '2023-03-24 12:12:12', 3, NULL, NULL, 1),
(463, 'MT-AS-0463', 1, 7, 51, NULL, NULL, 'EVAPORATOR (คอล์ยห้องโมบาย 2_7)', NULL, '2023-03-24 12:12:12', 3, NULL, NULL, 1),
(464, 'MT-AS-0464', 1, 7, 51, NULL, NULL, 'EVAPORATOR (คอล์ยห้องโมบาย 2_8)', NULL, '2023-03-24 12:12:12', 3, NULL, NULL, 1),
(465, 'MT-AS-0465', 1, 7, 51, NULL, NULL, 'EVAPORATOR (คอล์ยห้องโมบาย 2_9)', NULL, '2023-03-24 12:12:12', 3, NULL, NULL, 1),
(466, 'MT-AS-0466', 1, 7, 51, NULL, NULL, 'EVAPORATOR (คอล์ยห้องโมบาย 3_1)', NULL, '2023-03-24 12:12:12', 3, NULL, NULL, 1),
(467, 'MT-AS-0467', 1, 7, 51, NULL, NULL, 'EVAPORATOR (คอล์ยห้องโมบาย 3_2)', NULL, '2023-03-24 12:12:12', 3, NULL, NULL, 1),
(468, 'MT-AS-0468', 1, 7, 51, NULL, NULL, 'EVAPORATOR (คอล์ยห้องโมบาย 3_3)', NULL, '2023-03-24 12:12:12', 3, NULL, NULL, 1),
(469, 'MT-AS-0469', 1, 7, 51, NULL, NULL, 'EVAPORATOR (คอล์ยห้องโมบาย 3_4)', NULL, '2023-03-24 12:12:12', 3, NULL, NULL, 1),
(470, 'MT-AS-0470', 1, 7, 51, NULL, NULL, 'EVAPORATOR (คอล์ยห้องโมบาย 4_1)', NULL, '2023-03-24 12:12:12', 3, NULL, NULL, 1),
(471, 'MT-AS-0471', 1, 7, 51, NULL, NULL, 'EVAPORATOR (คอล์ยห้องโมบาย 4_2)', NULL, '2023-03-24 12:12:12', 3, NULL, NULL, 1),
(472, 'MT-AS-0472', 1, 7, 51, NULL, NULL, 'EVAPORATOR (คอล์ยห้องโมบาย 4_3)', NULL, '2023-03-24 12:12:12', 3, NULL, NULL, 1),
(473, 'MT-AS-0473', 1, 7, 51, NULL, NULL, 'EVAPORATOR (คอล์ยห้องโมบาย 4_4)', NULL, '2023-03-24 12:12:12', 3, NULL, NULL, 1),
(474, 'MT-AS-0474', 1, 7, 51, NULL, NULL, 'EVAPORATOR (คอล์ยห้องโมบาย 5_1)', NULL, '2023-03-24 12:12:12', 3, NULL, NULL, 1),
(475, 'MT-AS-0475', 1, 7, 51, NULL, NULL, 'EVAPORATOR (คอล์ยห้องโมบาย 5_2)', NULL, '2023-03-24 12:12:12', 3, NULL, NULL, 1),
(476, 'MT-AS-0476', 1, 7, 51, NULL, NULL, 'EVAPORATOR (คอล์ยห้องโมบาย 6_1 )', NULL, '2023-03-24 12:12:12', 3, NULL, NULL, 1),
(477, 'MT-AS-0477', 1, 7, 51, NULL, NULL, 'EVAPORATOR (คอล์ยห้องโมบาย 6_2 )', NULL, '2023-03-24 12:12:12', 3, NULL, NULL, 1),
(478, 'MT-AS-0478', 1, 7, 51, NULL, NULL, 'EVAPORATOR (คอล์ยห้องโมบาย 6_3 )', NULL, '2023-03-24 12:12:12', 3, NULL, NULL, 1),
(479, 'MT-AS-0479', 1, 7, 51, NULL, NULL, 'EVAPORATOR (คอล์ยห้องโมบาย 6_4 )', NULL, '2023-03-24 12:12:12', 3, NULL, NULL, 1),
(480, 'MT-AS-0480', 1, 7, 51, NULL, NULL, 'EVAPORATOR (คอล์ยห้องโมบาย 6_5 )', NULL, '2023-03-24 12:12:12', 3, NULL, NULL, 1),
(481, 'MT-AS-0481', 1, 7, 51, NULL, NULL, 'EVAPORATOR (คอล์ยห้องโมบาย 6_6 )', NULL, '2023-03-24 12:12:12', 3, NULL, NULL, 1),
(482, 'MT-AS-0482', 2, 8, 51, NULL, NULL, 'EVAPORATOR 1 ROOM 1', NULL, '2023-03-24 12:12:12', 3, NULL, NULL, 1),
(483, 'MT-AS-0483', 2, 8, 51, NULL, NULL, 'EVAPORATOR 10 ROOM 3', NULL, '2023-03-24 12:12:12', 3, NULL, NULL, 1),
(484, 'MT-AS-0484', 2, 8, 51, NULL, NULL, 'EVAPORATOR 11 ROOM 3', NULL, '2023-03-24 12:12:12', 3, NULL, NULL, 1),
(485, 'MT-AS-0485', 2, 8, 51, NULL, NULL, 'EVAPORATOR 12 ROOM 4', NULL, '2023-03-24 12:12:12', 3, NULL, NULL, 1),
(486, 'MT-AS-0486', 2, 8, 51, NULL, NULL, 'EVAPORATOR 13 ROOM 4', NULL, '2023-03-24 12:12:12', 3, NULL, NULL, 1),
(487, 'MT-AS-0487', 2, 8, 51, NULL, NULL, 'EVAPORATOR 14 ROOM 7', NULL, '2023-03-24 12:12:12', 3, NULL, NULL, 1),
(488, 'MT-AS-0488', 2, 8, 51, NULL, NULL, 'EVAPORATOR 15 ROOM 6', NULL, '2023-03-24 12:12:12', 3, NULL, NULL, 1),
(489, 'MT-AS-0489', 2, 8, 51, NULL, NULL, 'EVAPORATOR 16 ROOM 6', NULL, '2023-03-24 12:12:12', 3, NULL, NULL, 1),
(490, 'MT-AS-0490', 2, 8, 51, NULL, NULL, 'EVAPORATOR 2 ROOM 1', NULL, '2023-03-24 12:12:12', 3, NULL, NULL, 1),
(491, 'MT-AS-0491', 2, 8, 51, NULL, NULL, 'EVAPORATOR 20 ANTEROOMROOM 1', NULL, '2023-03-24 12:12:12', 3, NULL, NULL, 1),
(492, 'MT-AS-0492', 2, 8, 51, NULL, NULL, 'EVAPORATOR 21 ANTEROOMROOM 2', NULL, '2023-03-24 12:12:12', 3, NULL, NULL, 1),
(493, 'MT-AS-0493', 2, 8, 51, NULL, NULL, 'EVAPORATOR 22 LOADING 1', NULL, '2023-03-24 12:12:12', 3, NULL, NULL, 1),
(494, 'MT-AS-0494', 2, 8, 51, NULL, NULL, 'EVAPORATOR 23 LOADING 2', NULL, '2023-03-24 12:12:12', 3, NULL, NULL, 1),
(495, 'MT-AS-0495', 2, 8, 51, NULL, NULL, 'EVAPORATOR 25 CHILL ROOM', NULL, '2023-03-24 12:12:12', 3, NULL, NULL, 1),
(496, 'MT-AS-0496', 2, 8, 51, NULL, NULL, 'EVAPORATOR 25 PACKING ROOM 1', NULL, '2023-03-24 12:12:12', 3, NULL, NULL, 1),
(497, 'MT-AS-0497', 2, 8, 51, NULL, NULL, 'EVAPORATOR 26 FREEZE 1', NULL, '2023-03-24 12:12:12', 3, NULL, NULL, 1),
(498, 'MT-AS-0498', 2, 8, 51, NULL, NULL, 'EVAPORATOR 27 FREEZE 1', NULL, '2023-03-24 12:12:12', 3, NULL, NULL, 1),
(499, 'MT-AS-0499', 2, 8, 51, NULL, NULL, 'EVAPORATOR 27 FREEZE 2', NULL, '2023-03-24 12:12:12', 3, NULL, NULL, 1),
(500, 'MT-AS-0500', 2, 8, 51, NULL, NULL, 'EVAPORATOR 28 FREEZE 3', NULL, '2023-03-24 12:12:12', 3, NULL, NULL, 1),
(501, 'MT-AS-0501', 2, 8, 51, NULL, NULL, 'EVAPORATOR 29 FREEZE 2', NULL, '2023-03-24 12:12:12', 3, NULL, NULL, 1),
(502, 'MT-AS-0502', 2, 8, 51, NULL, NULL, 'EVAPORATOR 29 FREEZE 4', NULL, '2023-03-24 12:12:12', 3, NULL, NULL, 1),
(503, 'MT-AS-0503', 2, 8, 51, NULL, NULL, 'EVAPORATOR 3 ROOM 1', NULL, '2023-03-24 12:12:12', 3, NULL, NULL, 1),
(504, 'MT-AS-0504', 2, 8, 51, NULL, NULL, 'EVAPORATOR 30 FREEZE 5', NULL, '2023-03-24 12:12:12', 3, NULL, NULL, 1),
(505, 'MT-AS-0505', 2, 8, 51, NULL, NULL, 'EVAPORATOR 31 FREEZE 3', NULL, '2023-03-24 12:12:12', 3, NULL, NULL, 1),
(506, 'MT-AS-0506', 2, 8, 51, NULL, NULL, 'EVAPORATOR 31 FREEZE 6', NULL, '2023-03-24 12:12:12', 3, NULL, NULL, 1),
(507, 'MT-AS-0507', 2, 8, 51, NULL, NULL, 'EVAPORATOR 33 FREEZE 4', NULL, '2023-03-24 12:12:12', 3, NULL, NULL, 1),
(508, 'MT-AS-0508', 2, 8, 51, NULL, NULL, 'EVAPORATOR 35 FREEZE 5', NULL, '2023-03-24 12:12:12', 3, NULL, NULL, 1),
(509, 'MT-AS-0509', 2, 8, 51, NULL, NULL, 'EVAPORATOR 37 FREEZE 6', NULL, '2023-03-24 12:12:12', 3, NULL, NULL, 1),
(510, 'MT-AS-0510', 2, 8, 51, NULL, NULL, 'Evaporator 38 Room BR08', NULL, '2023-03-24 12:12:12', 3, NULL, NULL, 1),
(511, 'MT-AS-0511', 2, 8, 51, NULL, NULL, 'Evaporator 39 Room BR09', NULL, '2023-03-24 12:12:12', 3, NULL, NULL, 1),
(512, 'MT-AS-0512', 2, 8, 51, NULL, NULL, 'EVAPORATOR 4 ROOM 1', NULL, '2023-03-24 12:12:12', 3, NULL, NULL, 1),
(513, 'MT-AS-0513', 2, 8, 51, NULL, NULL, 'Evaporator 40 Room BR09', NULL, '2023-03-24 12:12:12', 3, NULL, NULL, 1),
(514, 'MT-AS-0514', 2, 8, 51, NULL, NULL, 'Evaporator 41 Room BR09', NULL, '2023-03-24 12:12:12', 3, NULL, NULL, 1),
(515, 'MT-AS-0515', 2, 8, 51, NULL, NULL, 'Evaporator 42 Room BR10', NULL, '2023-03-24 12:12:12', 3, NULL, NULL, 1),
(516, 'MT-AS-0516', 2, 8, 51, NULL, NULL, 'Evaporator 43 Room BR11', NULL, '2023-03-24 12:12:12', 3, NULL, NULL, 1),
(517, 'MT-AS-0517', 2, 8, 51, NULL, NULL, 'Evaporator 44 Room BR11', NULL, '2023-03-24 12:12:12', 3, NULL, NULL, 1),
(518, 'MT-AS-0518', 2, 8, 51, NULL, NULL, 'Evaporator 45 Room BR11', NULL, '2023-03-24 12:12:12', 3, NULL, NULL, 1),
(519, 'MT-AS-0519', 2, 8, 51, NULL, NULL, 'Evaporator 46 Room BR11', NULL, '2023-03-24 12:12:12', 3, NULL, NULL, 1),
(520, 'MT-AS-0520', 2, 8, 51, NULL, NULL, 'Evaporator 47 Room BR11', NULL, '2023-03-24 12:12:12', 3, NULL, NULL, 1),
(521, 'MT-AS-0521', 2, 8, 51, NULL, NULL, 'Evaporator 48 Anteroom 3', NULL, '2023-03-24 12:12:12', 3, NULL, NULL, 1),
(522, 'MT-AS-0522', 2, 8, 51, NULL, NULL, 'Evaporator 49 Loading 3', NULL, '2023-03-24 12:12:12', 3, NULL, NULL, 1),
(523, 'MT-AS-0523', 2, 8, 51, NULL, NULL, 'EVAPORATOR 5 ROOM 2', NULL, '2023-03-24 12:12:12', 3, NULL, NULL, 1),
(524, 'MT-AS-0524', 2, 8, 51, NULL, NULL, 'Evaporator 50 Loading 4', NULL, '2023-03-24 12:12:12', 3, NULL, NULL, 1),
(525, 'MT-AS-0525', 2, 8, 51, NULL, NULL, 'Evaporator 51 BR12', NULL, '2023-03-24 12:12:12', 3, NULL, NULL, 1),
(526, 'MT-AS-0526', 2, 8, 51, NULL, NULL, 'EVAPORATOR 6 ROOM 2', NULL, '2023-03-24 12:12:12', 3, NULL, NULL, 1),
(527, 'MT-AS-0527', 2, 8, 51, NULL, NULL, 'EVAPORATOR 7 ROOM 2', NULL, '2023-03-24 12:12:12', 3, NULL, NULL, 1),
(528, 'MT-AS-0528', 2, 8, 51, NULL, NULL, 'EVAPORATOR 8 ROOM 3', NULL, '2023-03-24 12:12:12', 3, NULL, NULL, 1),
(529, 'MT-AS-0529', 2, 8, 51, NULL, NULL, 'EVAPORATOR 9 ROOM 3', NULL, '2023-03-24 12:12:12', 3, NULL, NULL, 1),
(530, 'MT-AS-0530', 1, 7, 51, NULL, NULL, 'EVAPORATOR(คอล์ยบริเวณที่พักปลา1_1)', NULL, '2023-03-24 12:12:12', 3, NULL, NULL, 1),
(531, 'MT-AS-0531', 1, 7, 51, NULL, NULL, 'EVAPORATOR(คอล์ยบริเวณที่พักปลา1_2)', NULL, '2023-03-24 12:12:12', 3, NULL, NULL, 1),
(532, 'MT-AS-0532', 2, 8, 41, NULL, NULL, 'FIRE PUMP', NULL, '2023-03-24 12:12:12', 3, NULL, NULL, 1),
(533, 'MT-AS-0533', 1, 7, 41, NULL, NULL, 'FIREFIGHTING MOTOR PUMP ระบบมอเตอร์ไฟฟ้า', NULL, '2023-03-24 12:12:12', 3, NULL, NULL, 1),
(534, 'MT-AS-0534', 1, 7, 41, NULL, NULL, 'FIREFIGHTING PUMP(ปั้มดับเพลิงอาคาร1)', NULL, '2023-03-24 12:12:12', 3, NULL, NULL, 1),
(535, 'MT-AS-0535', 1, 7, 41, NULL, NULL, 'FIREFIGHTING PUMP(ปั้มดับเพลิงอาคาร2)', NULL, '2023-03-24 12:12:12', 3, NULL, NULL, 1),
(536, 'MT-AS-0536', 1, 7, 41, NULL, NULL, 'FIREFIGHTING PUMP(ปั้มดับเพลิงอาคาร8)', NULL, '2023-03-24 12:12:12', 3, NULL, NULL, 1),
(537, 'MT-AS-0537', 1, 7, 40, NULL, NULL, 'FORK LIFFT 60-8FD 25', NULL, '2023-03-24 12:12:12', 3, NULL, NULL, 1),
(538, 'MT-AS-0538', 1, 7, 40, NULL, NULL, 'FORK LIFT 6FB 1.5', NULL, '2023-03-24 12:12:12', 3, NULL, NULL, 1),
(539, 'MT-AS-0539', 5, 8, 30, NULL, NULL, 'Forklif Reach truck(CQD16)', NULL, '2023-03-24 12:12:12', 3, NULL, NULL, 1),
(540, 'MT-AS-0540', 5, 8, 29, NULL, NULL, 'Forklift Counter Balancn(mtr63214)', NULL, '2023-03-24 12:12:12', 3, NULL, NULL, 1),
(541, 'MT-AS-0541', 5, 8, 152, NULL, NULL, 'Forklift Reach Truch (MTR65009)', NULL, '2023-03-24 12:12:12', 3, NULL, NULL, 1),
(542, 'MT-AS-0542', 5, 8, 152, NULL, NULL, 'Forklift Reach Truck (MTR65010)', NULL, '2023-03-24 12:12:12', 3, NULL, NULL, 1),
(543, 'MT-AS-0543', 5, 8, 30, NULL, NULL, 'Forklift Reach truck(CQD16)', NULL, '2023-03-24 12:12:12', 3, NULL, NULL, 1),
(544, 'MT-AS-0544', 5, 8, 30, NULL, NULL, 'Forklift Reach truck(CQD20)', NULL, '2023-03-24 12:12:12', 3, NULL, NULL, 1),
(545, 'MT-AS-0545', 5, 8, 152, NULL, NULL, 'Forklift Reach Truck(mtr65011)', NULL, '2023-03-24 12:12:12', 3, NULL, NULL, 1),
(546, 'MT-AS-0546', 5, 8, 152, NULL, NULL, 'Forklift Reach Truck(mtr65012)', NULL, '2023-03-24 12:12:12', 3, NULL, NULL, 1),
(547, 'MT-AS-0547', 5, 8, 30, NULL, NULL, 'Forklift Reach Truck(mtr65013)', NULL, '2023-03-24 12:12:12', 3, NULL, NULL, 1),
(548, 'MT-AS-0548', 1, 7, 4, NULL, NULL, 'FREEZE ROOM 01 (ห้องฟรีส 01)', NULL, '2023-03-24 12:12:12', 3, NULL, NULL, 1),
(549, 'MT-AS-0549', 1, 7, 4, NULL, NULL, 'FREEZE ROOM 02 (ห้องฟรีส 02)', NULL, '2023-03-24 12:12:12', 3, NULL, NULL, 1),
(550, 'MT-AS-0550', 1, 7, 4, NULL, NULL, 'FREEZE ROOM 03 (ห้องฟรีส 03)', NULL, '2023-03-24 12:12:12', 3, NULL, NULL, 1),
(551, 'MT-AS-0551', 1, 7, 4, NULL, NULL, 'FREEZE ROOM 04 (ห้องฟรีส 04)', NULL, '2023-03-24 12:12:12', 3, NULL, NULL, 1),
(552, 'MT-AS-0552', 1, 7, 4, NULL, NULL, 'FREEZE ROOM 05 (ห้องฟรีส 05)', NULL, '2023-03-24 12:12:12', 3, NULL, NULL, 1),
(553, 'MT-AS-0553', 1, 7, 4, NULL, NULL, 'FREEZE ROOM 06 (ห้องฟรีส 06)', NULL, '2023-03-24 12:12:12', 3, NULL, NULL, 1),
(554, 'MT-AS-0554', 1, 7, 4, NULL, NULL, 'FREEZE ROOM 07 (ห้องฟรีส 07)', NULL, '2023-03-24 12:12:12', 3, NULL, NULL, 1),
(555, 'MT-AS-0555', 1, 7, 4, NULL, NULL, 'FREEZE ROOM 08 (ห้องฟรีส 08)', NULL, '2023-03-24 12:12:12', 3, NULL, NULL, 1),
(556, 'MT-AS-0556', 1, 7, 6, NULL, NULL, 'GAS DETECTOR (อาคาร 1)', NULL, '2023-03-24 12:12:12', 3, NULL, NULL, 1),
(557, 'MT-AS-0557', 1, 7, 6, NULL, NULL, 'GAS DETECTOR (อาคาร 3)', NULL, '2023-03-24 12:12:12', 3, NULL, NULL, 1),
(558, 'MT-AS-0558', 1, 7, 6, NULL, NULL, 'GAS DETECTOR (อาคาร 4)', NULL, '2023-03-24 12:12:12', 3, NULL, NULL, 1),
(559, 'MT-AS-0559', 1, 7, 6, NULL, NULL, 'GAS DETECTOR (อาคาร 6)', NULL, '2023-03-24 12:12:12', 3, NULL, NULL, 1),
(560, 'MT-AS-0560', 1, 7, 6, NULL, NULL, 'GAS DETECTOR (อาคาร 8)', NULL, '2023-03-24 12:12:12', 3, NULL, NULL, 1),
(561, 'MT-AS-0561', 2, 8, 34, NULL, NULL, 'GENERATOR', NULL, '2023-03-24 12:12:12', 3, NULL, NULL, 1),
(562, 'MT-AS-0562', 1, 7, 34, NULL, NULL, 'GENERATOR CATERPILLAR อ.4', NULL, '2023-03-24 12:12:12', 3, NULL, NULL, 1),
(563, 'MT-AS-0563', 1, 7, 34, NULL, NULL, 'GENERATOR CATERPILLAR อาคาร3', NULL, '2023-03-24 12:12:12', 3, NULL, NULL, 1),
(564, 'MT-AS-0564', 1, 7, 34, NULL, NULL, 'GENERATOR CUMMINS อาคาร1', NULL, '2023-03-24 12:12:12', 3, NULL, NULL, 1),
(565, 'MT-AS-0565', 1, 7, 34, NULL, NULL, 'GENERATOR DEUTZ อ.4', NULL, '2023-03-24 12:12:12', 3, NULL, NULL, 1),
(566, 'MT-AS-0566', 1, 7, 34, NULL, NULL, 'GENERATOR อ.8', NULL, '2023-03-24 12:12:12', 3, NULL, NULL, 1),
(567, 'MT-AS-0567', 1, 7, 36, NULL, NULL, 'GREASSOR COMPRESSOR 132 KW. อ.3', NULL, '2023-03-24 12:12:12', 3, NULL, NULL, 1),
(568, 'MT-AS-0568', 5, 8, 31, NULL, NULL, 'HAND PALLET', NULL, '2023-03-24 12:12:12', 3, NULL, NULL, 1),
(569, 'MT-AS-0569', 5, 8, 31, NULL, NULL, 'HAND PALLET 10', NULL, '2023-03-24 12:12:12', 3, NULL, NULL, 1),
(570, 'MT-AS-0570', 5, 8, 31, NULL, NULL, 'HAND PALLET 6', NULL, '2023-03-24 12:12:12', 3, NULL, NULL, 1),
(571, 'MT-AS-0571', 5, 8, 31, NULL, NULL, 'HAND PALLET 7', NULL, '2023-03-24 12:12:12', 3, NULL, NULL, 1),
(572, 'MT-AS-0572', 5, 8, 31, NULL, NULL, 'HAND PALLET 8', NULL, '2023-03-24 12:12:12', 3, NULL, NULL, 1),
(573, 'MT-AS-0573', 5, 8, 31, NULL, NULL, 'HAND PALLET 9', NULL, '2023-03-24 12:12:12', 3, NULL, NULL, 1),
(574, 'MT-AS-0574', 2, 8, 50, NULL, NULL, 'Hipressure Pump', NULL, '2023-03-24 12:12:12', 3, NULL, NULL, 1),
(575, 'MT-AS-0575', 5, 8, 25, NULL, NULL, 'HOT WATER PUMP', NULL, '2023-03-24 12:12:12', 3, NULL, NULL, 1),
(576, 'MT-AS-0576', 1, 7, 64, NULL, NULL, 'Hydraulic Dock Leveler อ.6', NULL, '2023-03-24 12:12:12', 3, NULL, NULL, 1),
(577, 'MT-AS-0577', 1, 7, 64, NULL, NULL, 'Hydraulic Dock Leveler อ.8', NULL, '2023-03-24 12:12:12', 3, NULL, NULL, 1),
(578, 'MT-AS-0578', 2, 8, 77, NULL, NULL, 'Infrared Thermometer', NULL, '2023-03-24 12:12:12', 3, NULL, NULL, 1),
(579, 'MT-AS-0579', 2, 8, 12, NULL, NULL, 'INTER COOLER', NULL, '2023-03-24 12:12:12', 3, NULL, NULL, 1),
(580, 'MT-AS-0580', 2, 8, 10, NULL, NULL, 'INTER VESSEL COLD ROOM 1', NULL, '2023-03-24 12:12:12', 3, NULL, NULL, 1),
(581, 'MT-AS-0581', 2, 8, 126, NULL, NULL, 'INVERTER No.1', NULL, '2023-03-24 12:12:12', 3, NULL, NULL, 1),
(582, 'MT-AS-0582', 2, 8, 126, NULL, NULL, 'INVERTER No.10', NULL, '2023-03-24 12:12:12', 3, NULL, NULL, 1),
(583, 'MT-AS-0583', 2, 8, 126, NULL, NULL, 'INVERTER No.11', NULL, '2023-03-24 12:12:12', 3, NULL, NULL, 1),
(584, 'MT-AS-0584', 2, 8, 126, NULL, NULL, 'INVERTER No.12', NULL, '2023-03-24 12:12:12', 3, NULL, NULL, 1),
(585, 'MT-AS-0585', 2, 8, 126, NULL, NULL, 'INVERTER No.13', NULL, '2023-03-24 12:12:12', 3, NULL, NULL, 1),
(586, 'MT-AS-0586', 2, 8, 126, NULL, NULL, 'INVERTER No.14', NULL, '2023-03-24 12:12:12', 3, NULL, NULL, 1),
(587, 'MT-AS-0587', 2, 8, 126, NULL, NULL, 'INVERTER No.2', NULL, '2023-03-24 12:12:12', 3, NULL, NULL, 1),
(588, 'MT-AS-0588', 2, 8, 126, NULL, NULL, 'INVERTER No.3', NULL, '2023-03-24 12:12:12', 3, NULL, NULL, 1),
(589, 'MT-AS-0589', 2, 8, 126, NULL, NULL, 'INVERTER No.4', NULL, '2023-03-24 12:12:12', 3, NULL, NULL, 1),
(590, 'MT-AS-0590', 2, 8, 126, NULL, NULL, 'INVERTER No.5', NULL, '2023-03-24 12:12:12', 3, NULL, NULL, 1),
(591, 'MT-AS-0591', 2, 8, 126, NULL, NULL, 'INVERTER No.6', NULL, '2023-03-24 12:12:12', 3, NULL, NULL, 1),
(592, 'MT-AS-0592', 2, 8, 126, NULL, NULL, 'INVERTER No.7', NULL, '2023-03-24 12:12:12', 3, NULL, NULL, 1),
(593, 'MT-AS-0593', 2, 8, 126, NULL, NULL, 'INVERTER No.8', NULL, '2023-03-24 12:12:12', 3, NULL, NULL, 1),
(594, 'MT-AS-0594', 2, 8, 126, NULL, NULL, 'INVERTER No.9', NULL, '2023-03-24 12:12:12', 3, NULL, NULL, 1),
(595, 'MT-AS-0595', 1, 7, 57, NULL, NULL, 'INVERTER อ.2', NULL, '2023-03-24 12:12:12', 3, NULL, NULL, 1),
(596, 'MT-AS-0596', 1, 7, 57, NULL, NULL, 'INVERTER อ.4', NULL, '2023-03-24 12:12:12', 3, NULL, NULL, 1),
(597, 'MT-AS-0597', 1, 7, 57, NULL, NULL, 'INVERTER อ.6', NULL, '2023-03-24 12:12:12', 3, NULL, NULL, 1),
(598, 'MT-AS-0598', 1, 7, 57, NULL, NULL, 'INVERTER อ.8', NULL, '2023-03-24 12:12:12', 3, NULL, NULL, 1),
(599, 'MT-AS-0599', 5, 8, 30, NULL, NULL, 'JAC ELECTRIC TRUCK', NULL, '2023-03-24 12:12:12', 3, NULL, NULL, 1),
(600, 'MT-AS-0600', 5, 8, 30, NULL, NULL, 'JAC FORKLIFT', NULL, '2023-03-24 12:12:12', 3, NULL, NULL, 1),
(601, 'MT-AS-0601', 1, 7, 40, NULL, NULL, 'JAC FORKLIFT', NULL, '2023-03-24 12:12:12', 3, NULL, NULL, 1),
(602, 'MT-AS-0602', 5, 8, 72, NULL, NULL, 'JPK.AS.63.A.01(Autoscrubberเครื่องขัดพื้น)', NULL, '2023-03-24 12:12:12', 3, NULL, NULL, 1),
(603, 'MT-AS-0603', 5, 8, 72, NULL, NULL, 'JPK.AS.64.A.02(Autoscrubberเครื่องขัดพื้น)', NULL, '2023-03-24 12:12:12', 3, NULL, NULL, 1),
(604, 'MT-AS-0604', 5, 8, 72, NULL, NULL, 'JPK.AS.64.A.03(Autoscrubberเครื่องขัดพื้น)', NULL, '2023-03-24 12:12:12', 3, NULL, NULL, 1),
(605, 'MT-AS-0605', 5, 8, 154, NULL, NULL, 'JPK.SC.M.62.A.01ห้องโซล่าเชลล์', NULL, '2023-03-24 12:12:12', 3, NULL, NULL, 1),
(606, 'MT-AS-0606', 5, 8, 148, NULL, NULL, 'Lift Load 1', NULL, '2023-03-24 12:12:12', 3, NULL, NULL, 1),
(607, 'MT-AS-0607', 5, 8, 148, NULL, NULL, 'Lift02', NULL, '2023-03-24 12:12:12', 3, NULL, NULL, 1),
(608, 'MT-AS-0608', 5, 8, 26, NULL, NULL, 'LIGHT ENTR INSECT 1', NULL, '2023-03-24 12:12:12', 3, NULL, NULL, 1),
(609, 'MT-AS-0609', 5, 8, 26, NULL, NULL, 'LIGHT ENTR INSECT 2', NULL, '2023-03-24 12:12:12', 3, NULL, NULL, 1),
(610, 'MT-AS-0610', 5, 8, 26, NULL, NULL, 'LIGHT ENTR INSECT 3', NULL, '2023-03-24 12:12:12', 3, NULL, NULL, 1),
(611, 'MT-AS-0611', 5, 8, 26, NULL, NULL, 'LIGHT ENTR INSECT 4', NULL, '2023-03-24 12:12:12', 3, NULL, NULL, 1),
(612, 'MT-AS-0612', 5, 8, 26, NULL, NULL, 'LIGHT ENTR INSECT 5', NULL, '2023-03-24 12:12:12', 3, NULL, NULL, 1),
(613, 'MT-AS-0613', 5, 8, 26, NULL, NULL, 'LIGHT ENTR INSECT 6', NULL, '2023-03-24 12:12:12', 3, NULL, NULL, 1),
(614, 'MT-AS-0614', 5, 8, 26, NULL, NULL, 'LIGHT ENTR INSECT 7', NULL, '2023-03-24 12:12:12', 3, NULL, NULL, 1),
(615, 'MT-AS-0615', 5, 8, 26, NULL, NULL, 'LIGHT ENTR INSECT 8', NULL, '2023-03-24 12:12:12', 3, NULL, NULL, 1),
(616, 'MT-AS-0616', 2, 8, 47, NULL, NULL, 'Load Center  LC1 Genzone', NULL, '2023-03-24 12:12:12', 3, NULL, NULL, 1),
(617, 'MT-AS-0617', 2, 8, 47, NULL, NULL, 'Load Center  LC1 อาคาร 2', NULL, '2023-03-24 12:12:12', 3, NULL, NULL, 1),
(618, 'MT-AS-0618', 2, 8, 47, NULL, NULL, 'Load Center  LC2 Genzone', NULL, '2023-03-24 12:12:12', 3, NULL, NULL, 1),
(619, 'MT-AS-0619', 2, 8, 47, NULL, NULL, 'Load Center  LC2 อาคาร 2', NULL, '2023-03-24 12:12:12', 3, NULL, NULL, 1),
(620, 'MT-AS-0620', 2, 8, 47, NULL, NULL, 'Load Center  LC3 Freezone', NULL, '2023-03-24 12:12:12', 3, NULL, NULL, 1),
(621, 'MT-AS-0621', 2, 8, 47, NULL, NULL, 'Load Center  LC3 อาคาร 2', NULL, '2023-03-24 12:12:12', 3, NULL, NULL, 1),
(622, 'MT-AS-0622', 2, 8, 47, NULL, NULL, 'Load Center  LC4 Production', NULL, '2023-03-24 12:12:12', 3, NULL, NULL, 1),
(623, 'MT-AS-0623', 1, 7, 4, NULL, NULL, 'LOADING (อาคาร 1)', NULL, '2023-03-24 12:12:12', 3, NULL, NULL, 1),
(624, 'MT-AS-0624', 1, 7, 4, NULL, NULL, 'LOADING (อาคาร 2)', NULL, '2023-03-24 12:12:12', 3, NULL, NULL, 1),
(625, 'MT-AS-0625', 2, 8, 4, NULL, NULL, 'LOADING 01', NULL, '2023-03-24 12:12:12', 3, NULL, NULL, 1),
(626, 'MT-AS-0626', 1, 7, 4, NULL, NULL, 'LOADING 01 (อาคาร 3)', NULL, '2023-03-24 12:12:12', 3, NULL, NULL, 1),
(627, 'MT-AS-0627', 1, 7, 4, NULL, NULL, 'LOADING 01 (อาคาร 4) คอล์ย 1', NULL, '2023-03-24 12:12:12', 3, NULL, NULL, 1),
(628, 'MT-AS-0628', 1, 7, 4, NULL, NULL, 'LOADING 01 (อาคาร 4) คอล์ย 2', NULL, '2023-03-24 12:12:12', 3, NULL, NULL, 1),
(629, 'MT-AS-0629', 1, 7, 4, NULL, NULL, 'LOADING 01 (อาคาร 5)', NULL, '2023-03-24 12:12:12', 3, NULL, NULL, 1),
(630, 'MT-AS-0630', 1, 7, 4, NULL, NULL, 'LOADING 01 (อาคาร 6)', NULL, '2023-03-24 12:12:12', 3, NULL, NULL, 1),
(631, 'MT-AS-0631', 1, 7, 4, NULL, NULL, 'LOADING 01 (อาคาร 7)', NULL, '2023-03-24 12:12:12', 3, NULL, NULL, 1),
(632, 'MT-AS-0632', 2, 8, 4, NULL, NULL, 'LOADING 02', NULL, '2023-03-24 12:12:12', 3, NULL, NULL, 1),
(633, 'MT-AS-0633', 1, 7, 4, NULL, NULL, 'LOADING 02 (อาคาร 4)', NULL, '2023-03-24 12:12:12', 3, NULL, NULL, 1),
(634, 'MT-AS-0634', 1, 7, 4, NULL, NULL, 'LOADING 02 (อาคาร 6)', NULL, '2023-03-24 12:12:12', 3, NULL, NULL, 1),
(635, 'MT-AS-0635', 1, 7, 4, NULL, NULL, 'LOADING 02 (อาคาร 6)โหลดเล็ก', NULL, '2023-03-24 12:12:12', 3, NULL, NULL, 1),
(636, 'MT-AS-0636', 1, 7, 4, NULL, NULL, 'LOADING 02 (อาคาร 7)', NULL, '2023-03-24 12:12:12', 3, NULL, NULL, 1),
(637, 'MT-AS-0637', 1, 7, 4, NULL, NULL, 'LOADING 03 (อาคาร 6)', NULL, '2023-03-24 12:12:12', 3, NULL, NULL, 1),
(638, 'MT-AS-0638', 1, 7, 4, NULL, NULL, 'LOADING 04 (อาคาร 6)', NULL, '2023-03-24 12:12:12', 3, NULL, NULL, 1),
(639, 'MT-AS-0639', 5, 8, 4, NULL, NULL, 'Loading 1 คอยล์ 1', NULL, '2023-03-24 12:12:12', 3, NULL, NULL, 1),
(640, 'MT-AS-0640', 5, 8, 4, NULL, NULL, 'Loading 1 คอยล์ 2', NULL, '2023-03-24 12:12:12', 3, NULL, NULL, 1),
(641, 'MT-AS-0641', 5, 8, 4, NULL, NULL, 'Loading 1 อาคาร B2', NULL, '2023-03-24 12:12:12', 3, NULL, NULL, 1),
(642, 'MT-AS-0642', 5, 8, 4, NULL, NULL, 'Loading 2 คอยล์ 1', NULL, '2023-03-24 12:12:12', 3, NULL, NULL, 1),
(643, 'MT-AS-0643', 5, 8, 4, NULL, NULL, 'Loading 2 คอยล์ 1 อาคาร B2', NULL, '2023-03-24 12:12:12', 3, NULL, NULL, 1),
(644, 'MT-AS-0644', 5, 8, 4, NULL, NULL, 'Loading 2 คอยล์ 1 อาคาร B3', NULL, '2023-03-24 12:12:12', 3, NULL, NULL, 1),
(645, 'MT-AS-0645', 5, 8, 4, NULL, NULL, 'Loading 2 คอยล์ 2', NULL, '2023-03-24 12:12:12', 3, NULL, NULL, 1),
(646, 'MT-AS-0646', 5, 8, 79, NULL, NULL, 'Loading 2 อาคาร B2', NULL, '2023-03-24 12:12:12', 3, NULL, NULL, 1),
(647, 'MT-AS-0647', 2, 8, 4, NULL, NULL, 'Loading 3 คอยล์ 1', NULL, '2023-03-24 12:12:12', 3, NULL, NULL, 1),
(648, 'MT-AS-0648', 5, 8, 4, NULL, NULL, 'Loading 3 อาคาร B2', NULL, '2023-03-24 12:12:12', 3, NULL, NULL, 1),
(649, 'MT-AS-0649', 1, 7, 79, NULL, NULL, 'Loading 3 อาคาร B2', NULL, '2023-03-24 12:12:12', 3, NULL, NULL, 1),
(650, 'MT-AS-0650', 2, 8, 4, NULL, NULL, 'Loading 4 คอยล์ 1', NULL, '2023-03-24 12:12:12', 3, NULL, NULL, 1),
(651, 'MT-AS-0651', 1, 7, 97, NULL, NULL, 'Loading Aera', NULL, '2023-03-24 12:12:12', 3, NULL, NULL, 1),
(652, 'MT-AS-0652', 1, 7, 4, NULL, NULL, 'LOADING AREA (อ.8) คอยค์ 1', NULL, '2023-03-24 12:12:12', 3, NULL, NULL, 1),
(653, 'MT-AS-0653', 1, 7, 4, NULL, NULL, 'LOADING AREA (อ.8) คอยค์ 2', NULL, '2023-03-24 12:12:12', 3, NULL, NULL, 1),
(654, 'MT-AS-0654', 1, 7, 4, NULL, NULL, 'LOADING AREA (อ.8) คอยค์ 3', NULL, '2023-03-24 12:12:12', 3, NULL, NULL, 1),
(655, 'MT-AS-0655', 1, 7, 4, NULL, NULL, 'LOADING AREA (อ.8) คอยค์ 4', NULL, '2023-03-24 12:12:12', 3, NULL, NULL, 1),
(656, 'MT-AS-0656', 5, 8, 18, NULL, NULL, 'LOADING ROOM 1', NULL, '2023-03-24 12:12:12', 3, NULL, NULL, 1),
(657, 'MT-AS-0657', 5, 8, 18, NULL, NULL, 'LOADING ROOM 2', NULL, '2023-03-24 12:12:12', 3, NULL, NULL, 1),
(658, 'MT-AS-0658', 1, 7, 7, NULL, NULL, 'LUX METER', NULL, '2023-03-24 12:12:12', 3, NULL, NULL, 1),
(659, 'MT-AS-0659', 2, 8, 8, NULL, NULL, 'Machine Balance max cap 60 kg.', NULL, '2023-03-24 12:12:12', 3, NULL, NULL, 1),
(660, 'MT-AS-0660', 2, 8, 47, NULL, NULL, 'Main MDB 1', NULL, '2023-03-24 12:12:12', 3, NULL, NULL, 1),
(661, 'MT-AS-0661', 2, 8, 47, NULL, NULL, 'Main MDB 2', NULL, '2023-03-24 12:12:12', 3, NULL, NULL, 1),
(662, 'MT-AS-0662', 1, 7, 95, NULL, NULL, 'Mobile Rack', NULL, '2023-03-24 12:12:12', 3, NULL, NULL, 1),
(663, 'MT-AS-0663', 2, 8, 19, NULL, NULL, 'MOBILE RACK 1', NULL, '2023-03-24 12:12:12', 3, NULL, NULL, 1),
(664, 'MT-AS-0664', 2, 8, 19, NULL, NULL, 'MOBILE RACK 2', NULL, '2023-03-24 12:12:12', 3, NULL, NULL, 1),
(665, 'MT-AS-0665', 2, 8, 19, NULL, NULL, 'MOBILE RACK 3', NULL, '2023-03-24 12:12:12', 3, NULL, NULL, 1),
(666, 'MT-AS-0666', 5, 8, 19, NULL, NULL, 'MOBILE RACK A', NULL, '2023-03-24 12:12:12', 3, NULL, NULL, 1),
(667, 'MT-AS-0667', 5, 8, 19, NULL, NULL, 'MOBILE RACK B', NULL, '2023-03-24 12:12:12', 3, NULL, NULL, 1),
(668, 'MT-AS-0668', 5, 8, 19, NULL, NULL, 'MOBILE RACK C', NULL, '2023-03-24 12:12:12', 3, NULL, NULL, 1),
(669, 'MT-AS-0669', 1, 7, 19, NULL, NULL, 'MOBILE RACKING ROOM 01 อ.6', NULL, '2023-03-24 12:12:12', 3, NULL, NULL, 1),
(670, 'MT-AS-0670', 1, 7, 19, NULL, NULL, 'MOBILE RACKING ROOM 01(อาคาร8)', NULL, '2023-03-24 12:12:12', 3, NULL, NULL, 1),
(671, 'MT-AS-0671', 1, 7, 19, NULL, NULL, 'MOBILE RACKING ROOM 02 อ.6', NULL, '2023-03-24 12:12:12', 3, NULL, NULL, 1),
(672, 'MT-AS-0672', 1, 7, 19, NULL, NULL, 'MOBILE RACKING ROOM 03 อ.6', NULL, '2023-03-24 12:12:12', 3, NULL, NULL, 1),
(673, 'MT-AS-0673', 1, 7, 19, NULL, NULL, 'MOBILE RACKING ROOM 04 อ.7', NULL, '2023-03-24 12:12:12', 3, NULL, NULL, 1),
(674, 'MT-AS-0674', 1, 7, 19, NULL, NULL, 'MOBILE RACKING ROOM 05 อ.7', NULL, '2023-03-24 12:12:12', 3, NULL, NULL, 1),
(675, 'MT-AS-0675', 1, 7, 19, NULL, NULL, 'MOBILE RACKING ROOM 06 อ.6', NULL, '2023-03-24 12:12:12', 3, NULL, NULL, 1),
(676, 'MT-AS-0676', 5, 8, 19, NULL, NULL, 'MOBILL RACK SYSTEM A', NULL, '2023-03-24 12:12:12', 3, NULL, NULL, 1),
(677, 'MT-AS-0677', 5, 8, 19, NULL, NULL, 'MOBILL RACK SYSTEM B', NULL, '2023-03-24 12:12:12', 3, NULL, NULL, 1),
(678, 'MT-AS-0678', 5, 8, 19, NULL, NULL, 'MOBILL RACK SYSTEM C', NULL, '2023-03-24 12:12:12', 3, NULL, NULL, 1),
(679, 'MT-AS-0679', 5, 8, 19, NULL, NULL, 'MOBILL RACK SYSTEM E', NULL, '2023-03-24 12:12:12', 3, NULL, NULL, 1),
(680, 'MT-AS-0680', 2, 8, 73, NULL, NULL, 'Moisture Reducing Machine', NULL, '2023-03-24 12:12:12', 3, NULL, NULL, 1),
(681, 'MT-AS-0681', 2, 8, 5, NULL, NULL, 'NH3 DETECTOR No.1', NULL, '2023-03-24 12:12:12', 3, NULL, NULL, 1),
(682, 'MT-AS-0682', 2, 8, 5, NULL, NULL, 'NH3 DETECTOR No.2', NULL, '2023-03-24 12:12:12', 3, NULL, NULL, 1),
(683, 'MT-AS-0683', 2, 8, 5, NULL, NULL, 'NH3 DETECTOR No.3', NULL, '2023-03-24 12:12:12', 3, NULL, NULL, 1),
(684, 'MT-AS-0684', 2, 8, 5, NULL, NULL, 'NH3 DETECTOR No.4', NULL, '2023-03-24 12:12:12', 3, NULL, NULL, 1),
(685, 'MT-AS-0685', 2, 8, 4, NULL, NULL, 'PACKING ROOM', NULL, '2023-03-24 12:12:12', 3, NULL, NULL, 1),
(686, 'MT-AS-0686', 5, 8, 18, NULL, NULL, 'PACKING ROOM 1', NULL, '2023-03-24 12:12:12', 3, NULL, NULL, 1),
(687, 'MT-AS-0687', 5, 8, 4, NULL, NULL, 'Packing Room 1 คอยล์ 1', NULL, '2023-03-24 12:12:12', 3, NULL, NULL, 1),
(688, 'MT-AS-0688', 5, 8, 4, NULL, NULL, 'Packing Room 1 คอยล์ 2', NULL, '2023-03-24 12:12:12', 3, NULL, NULL, 1),
(689, 'MT-AS-0689', 2, 8, 5, NULL, NULL, 'PACKING ROOM 2', NULL, '2023-03-24 12:12:12', 3, NULL, NULL, 1),
(690, 'MT-AS-0690', 1, 7, 18, NULL, NULL, 'PACKING ROOM 2', NULL, '2023-03-24 12:12:12', 3, NULL, NULL, 1),
(691, 'MT-AS-0691', 5, 8, 4, NULL, NULL, 'Packing Room 2 คอยล์ 1', NULL, '2023-03-24 12:12:12', 3, NULL, NULL, 1),
(692, 'MT-AS-0692', 5, 8, 4, NULL, NULL, 'Packing Room 2 คอยล์ 2', NULL, '2023-03-24 12:12:12', 3, NULL, NULL, 1),
(693, 'MT-AS-0693', 5, 8, 18, NULL, NULL, 'PACKING ROOM 3', NULL, '2023-03-24 12:12:12', 3, NULL, NULL, 1),
(694, 'MT-AS-0694', 5, 8, 4, NULL, NULL, 'Packing Room 3 คอยล์ 1', NULL, '2023-03-24 12:12:12', 3, NULL, NULL, 1),
(695, 'MT-AS-0695', 5, 8, 4, NULL, NULL, 'Packing Room 3 คอยล์ 2', NULL, '2023-03-24 12:12:12', 3, NULL, NULL, 1),
(696, 'MT-AS-0696', 5, 8, 18, NULL, NULL, 'PACKING ROOM 4', NULL, '2023-03-24 12:12:12', 3, NULL, NULL, 1),
(697, 'MT-AS-0697', 5, 8, 4, NULL, NULL, 'Packing Room 4 คอยล์ 1', NULL, '2023-03-24 12:12:12', 3, NULL, NULL, 1),
(698, 'MT-AS-0698', 5, 8, 4, NULL, NULL, 'Packing Room 4 คอยล์ 2', NULL, '2023-03-24 12:12:12', 3, NULL, NULL, 1),
(699, 'MT-AS-0699', 5, 8, 18, NULL, NULL, 'PACKING ROOM 5', NULL, '2023-03-24 12:12:12', 3, NULL, NULL, 1),
(700, 'MT-AS-0700', 1, 7, 4, NULL, NULL, 'PASSAGEWAY (อาคาร 4)', NULL, '2023-03-24 12:12:12', 3, NULL, NULL, 1),
(701, 'MT-AS-0701', 1, 7, 4, NULL, NULL, 'PASSAGEWAY (อาคาร 6)', NULL, '2023-03-24 12:12:12', 3, NULL, NULL, 1),
(702, 'MT-AS-0702', 5, 8, 20, NULL, NULL, 'PE งาสั้น', NULL, '2023-03-24 12:12:12', 3, NULL, NULL, 1),
(703, 'MT-AS-0703', 5, 8, 20, NULL, NULL, 'PE.M.65.A.01(08025JP5908)', NULL, '2023-03-24 12:12:12', 3, NULL, NULL, 1),
(704, 'MT-AS-0704', 5, 8, 20, NULL, NULL, 'PE.M.65.A.02(080225JP5910)', NULL, '2023-03-24 12:12:12', 3, NULL, NULL, 1),
(705, 'MT-AS-0705', 5, 8, 20, NULL, NULL, 'POWE PWLLET', NULL, '2023-03-24 12:12:12', 3, NULL, NULL, 1),
(706, 'MT-AS-0706', 1, 7, 20, NULL, NULL, 'POWER HAND PALED TRUCK อ.6', NULL, '2023-03-24 12:12:12', 3, NULL, NULL, 1),
(707, 'MT-AS-0707', 5, 8, 20, NULL, NULL, 'POWER PALATE PE', NULL, '2023-03-24 12:12:12', 3, NULL, NULL, 1),
(708, 'MT-AS-0708', 5, 8, 20, NULL, NULL, 'POWER PALETE PE', NULL, '2023-03-24 12:12:12', 3, NULL, NULL, 1),
(709, 'MT-AS-0709', 5, 8, 35, NULL, NULL, 'POWER PALLATE 13', NULL, '2023-03-24 12:12:12', 3, NULL, NULL, 1),
(710, 'MT-AS-0710', 5, 8, 20, NULL, NULL, 'POWER PALLATE 14', NULL, '2023-03-24 12:12:12', 3, NULL, NULL, 1),
(711, 'MT-AS-0711', 2, 8, 20, NULL, NULL, 'POWER PALLET', NULL, '2023-03-24 12:12:12', 3, NULL, NULL, 1),
(712, 'MT-AS-0712', 5, 8, 20, NULL, NULL, 'Power Pallet(180890383)', NULL, '2023-03-24 12:12:12', 3, NULL, NULL, 1),
(713, 'MT-AS-0713', 5, 8, 20, NULL, NULL, 'Power Pallet(180890839)', NULL, '2023-03-24 12:12:12', 3, NULL, NULL, 1),
(714, 'MT-AS-0714', 5, 8, 20, NULL, NULL, 'power Pallet(hangcha)I9BA06652', NULL, '2023-03-24 12:12:12', 3, NULL, NULL, 1),
(715, 'MT-AS-0715', 5, 8, 20, NULL, NULL, 'Power Pallet(I9BA06653)', NULL, '2023-03-24 12:12:12', 3, NULL, NULL, 1),
(716, 'MT-AS-0716', 5, 8, 20, NULL, NULL, 'Power Pallet(I9BA06654)', NULL, '2023-03-24 12:12:12', 3, NULL, NULL, 1),
(717, 'MT-AS-0717', 5, 8, 20, NULL, NULL, 'Powerpallet wp46-25', NULL, '2023-03-24 12:12:12', 3, NULL, NULL, 1),
(718, 'MT-AS-0718', 5, 8, 37, NULL, NULL, 'PREPARATION 1', NULL, '2023-03-24 12:12:12', 3, NULL, NULL, 1),
(719, 'MT-AS-0719', 5, 8, 37, NULL, NULL, 'PREPARATION 2_1', NULL, '2023-03-24 12:12:12', 3, NULL, NULL, 1),
(720, 'MT-AS-0720', 5, 8, 37, NULL, NULL, 'PREPARATION 2_2', NULL, '2023-03-24 12:12:12', 3, NULL, NULL, 1),
(721, 'MT-AS-0721', 5, 8, 37, NULL, NULL, 'PREPARATION 3', NULL, '2023-03-24 12:12:12', 3, NULL, NULL, 1),
(722, 'MT-AS-0722', 5, 8, 153, NULL, NULL, 'PS.M.65.A.01(08012JP0100)', NULL, '2023-03-24 12:12:12', 3, NULL, NULL, 1),
(723, 'MT-AS-0723', 5, 8, 153, NULL, NULL, 'PS.M.65.A.02(08015JP0101)', NULL, '2023-03-24 12:12:12', 3, NULL, NULL, 1),
(724, 'MT-AS-0724', 1, 7, 105, NULL, NULL, 'Rack', NULL, '2023-03-24 12:12:12', 3, NULL, NULL, 1),
(725, 'MT-AS-0725', 5, 8, 4, NULL, NULL, 'Rawmate รับสดฟรีส', NULL, '2023-03-24 12:12:12', 3, NULL, NULL, 1),
(726, 'MT-AS-0726', 5, 8, 17, NULL, NULL, 'RAWMATERIAL', NULL, '2023-03-24 12:12:12', 3, NULL, NULL, 1),
(727, 'MT-AS-0727', 5, 8, 30, NULL, NULL, 'Reach Truck', NULL, '2023-03-24 12:12:12', 3, NULL, NULL, 1),
(728, 'MT-AS-0728', 2, 8, 13, NULL, NULL, 'RECIEVER', NULL, '2023-03-24 12:12:12', 3, NULL, NULL, 1),
(729, 'MT-AS-0729', 1, 7, 36, NULL, NULL, 'RECIPROCATING COMPRESSOR 90 KW', NULL, '2023-03-24 12:12:12', 3, NULL, NULL, 1),
(730, 'MT-AS-0730', 1, 7, 36, NULL, NULL, 'RECIPROCATING COMPRESSOR 90 KW อ.4', NULL, '2023-03-24 12:12:12', 3, NULL, NULL, 1),
(731, 'MT-AS-0731', 1, 7, 36, NULL, NULL, 'RECIPROCATING COMPRESSOR N4WBHE', NULL, '2023-03-24 12:12:12', 3, NULL, NULL, 1),
(732, 'MT-AS-0732', 5, 8, 23, NULL, NULL, 'RESIN TANK', NULL, '2023-03-24 12:12:12', 3, NULL, NULL, 1),
(733, 'MT-AS-0733', 1, 7, 59, NULL, NULL, 'REVERSE OSMOSIS(RO)โรงกรองน้ำอ.3', NULL, '2023-03-24 12:12:12', 3, NULL, NULL, 1),
(734, 'MT-AS-0734', 1, 7, 54, NULL, NULL, 'ROLLING MACHINE (เครื่องรีดไก่)อาคาร1', NULL, '2023-03-24 12:12:12', 3, NULL, NULL, 1),
(735, 'MT-AS-0735', 5, 8, 87, NULL, NULL, 'ROLLING SHUTTER B1 ประตู 1', NULL, '2023-03-24 12:12:12', 3, NULL, NULL, 1),
(736, 'MT-AS-0736', 5, 8, 87, NULL, NULL, 'ROLLING SHUTTER B1 ประตู 10', NULL, '2023-03-24 12:12:12', 3, NULL, NULL, 1),
(737, 'MT-AS-0737', 5, 8, 87, NULL, NULL, 'ROLLING SHUTTER B1 ประตู 11', NULL, '2023-03-24 12:12:12', 3, NULL, NULL, 1),
(738, 'MT-AS-0738', 5, 8, 87, NULL, NULL, 'ROLLING SHUTTER B1 ประตู 12', NULL, '2023-03-24 12:12:12', 3, NULL, NULL, 1),
(739, 'MT-AS-0739', 5, 8, 87, NULL, NULL, 'ROLLING SHUTTER B1 ประตู 13', NULL, '2023-03-24 12:12:12', 3, NULL, NULL, 1),
(740, 'MT-AS-0740', 5, 8, 87, NULL, NULL, 'ROLLING SHUTTER B1 ประตู 14', NULL, '2023-03-24 12:12:12', 3, NULL, NULL, 1),
(741, 'MT-AS-0741', 5, 8, 87, NULL, NULL, 'ROLLING SHUTTER B1 ประตู 15', NULL, '2023-03-24 12:12:12', 3, NULL, NULL, 1),
(742, 'MT-AS-0742', 5, 8, 87, NULL, NULL, 'ROLLING SHUTTER B1 ประตู 16', NULL, '2023-03-24 12:12:12', 3, NULL, NULL, 1),
(743, 'MT-AS-0743', 5, 8, 87, NULL, NULL, 'ROLLING SHUTTER B1 ประตู 17', NULL, '2023-03-24 12:12:12', 3, NULL, NULL, 1),
(744, 'MT-AS-0744', 5, 8, 87, NULL, NULL, 'ROLLING SHUTTER B1 ประตู 18', NULL, '2023-03-24 12:12:12', 3, NULL, NULL, 1),
(745, 'MT-AS-0745', 5, 8, 87, NULL, NULL, 'ROLLING SHUTTER B1 ประตู 19', NULL, '2023-03-24 12:12:12', 3, NULL, NULL, 1),
(746, 'MT-AS-0746', 5, 8, 87, NULL, NULL, 'ROLLING SHUTTER B1 ประตู 2', NULL, '2023-03-24 12:12:12', 3, NULL, NULL, 1),
(747, 'MT-AS-0747', 5, 8, 87, NULL, NULL, 'ROLLING SHUTTER B1 ประตู 20', NULL, '2023-03-24 12:12:12', 3, NULL, NULL, 1),
(748, 'MT-AS-0748', 5, 8, 87, NULL, NULL, 'ROLLING SHUTTER B1 ประตู 3', NULL, '2023-03-24 12:12:12', 3, NULL, NULL, 1),
(749, 'MT-AS-0749', 5, 8, 87, NULL, NULL, 'ROLLING SHUTTER B1 ประตู 4', NULL, '2023-03-24 12:12:12', 3, NULL, NULL, 1),
(750, 'MT-AS-0750', 5, 8, 87, NULL, NULL, 'ROLLING SHUTTER B1 ประตู 5', NULL, '2023-03-24 12:12:12', 3, NULL, NULL, 1),
(751, 'MT-AS-0751', 5, 8, 87, NULL, NULL, 'ROLLING SHUTTER B1 ประตู 6', NULL, '2023-03-24 12:12:12', 3, NULL, NULL, 1),
(752, 'MT-AS-0752', 5, 8, 87, NULL, NULL, 'ROLLING SHUTTER B1 ประตู 7', NULL, '2023-03-24 12:12:12', 3, NULL, NULL, 1),
(753, 'MT-AS-0753', 5, 8, 87, NULL, NULL, 'ROLLING SHUTTER B1 ประตู 8', NULL, '2023-03-24 12:12:12', 3, NULL, NULL, 1),
(754, 'MT-AS-0754', 5, 8, 87, NULL, NULL, 'ROLLING SHUTTER B1 ประตู 9', NULL, '2023-03-24 12:12:12', 3, NULL, NULL, 1),
(755, 'MT-AS-0755', 5, 8, 87, NULL, NULL, 'ROLLING SHUTTER B2 ประตู 1', NULL, '2023-03-24 12:12:12', 3, NULL, NULL, 1),
(756, 'MT-AS-0756', 5, 8, 87, NULL, NULL, 'ROLLING SHUTTER B2 ประตู 2', NULL, '2023-03-24 12:12:12', 3, NULL, NULL, 1),
(757, 'MT-AS-0757', 5, 8, 87, NULL, NULL, 'ROLLING SHUTTER B2 ประตู 3', NULL, '2023-03-24 12:12:12', 3, NULL, NULL, 1),
(758, 'MT-AS-0758', 5, 8, 87, NULL, NULL, 'ROLLING SHUTTER B2 ประตู 4', NULL, '2023-03-24 12:12:12', 3, NULL, NULL, 1),
(759, 'MT-AS-0759', 1, 7, 58, NULL, NULL, 'SAND TANK 01 อาคาร3', NULL, '2023-03-24 12:12:12', 3, NULL, NULL, 1),
(760, 'MT-AS-0760', 1, 7, 58, NULL, NULL, 'SAND TANK 02 อาคาร3', NULL, '2023-03-24 12:12:12', 3, NULL, NULL, 1),
(761, 'MT-AS-0761', 1, 7, 36, NULL, NULL, 'SCREW COMPRESSOR 150 KW. อ.6', NULL, '2023-03-24 12:12:12', 3, NULL, NULL, 1),
(762, 'MT-AS-0762', 1, 7, 36, NULL, NULL, 'SCREW COMPRESSOR 250 KW. อ.3', NULL, '2023-03-24 12:12:12', 3, NULL, NULL, 1),
(763, 'MT-AS-0763', 1, 7, 36, NULL, NULL, 'SCREW COMPRESSOR 250 KW. อ.6', NULL, '2023-03-24 12:12:12', 3, NULL, NULL, 1),
(764, 'MT-AS-0764', 1, 7, 36, NULL, NULL, 'SCREW COMPRESSOR N200VSD-MX 160KW อ.8', NULL, '2023-03-24 12:12:12', 3, NULL, NULL, 1),
(765, 'MT-AS-0765', 2, 8, 47, NULL, NULL, 'SDB Shop Maintenance', NULL, '2023-03-24 12:12:12', 3, NULL, NULL, 1),
(766, 'MT-AS-0766', 2, 8, 47, NULL, NULL, 'SDB Solar Cell', NULL, '2023-03-24 12:12:12', 3, NULL, NULL, 1),
(767, 'MT-AS-0767', 1, 7, 49, NULL, NULL, 'SOFTENER อาคาร1', NULL, '2023-03-24 12:12:12', 3, NULL, NULL, 1),
(768, 'MT-AS-0768', 1, 7, 49, NULL, NULL, 'SOFTENER อาคาร3', NULL, '2023-03-24 12:12:12', 3, NULL, NULL, 1),
(769, 'MT-AS-0769', 1, 7, 53, NULL, NULL, 'Spiral', NULL, '2023-03-24 12:12:12', 3, NULL, NULL, 1),
(770, 'MT-AS-0770', 1, 7, 4, NULL, NULL, 'SPIRAL FREEZE (อาคาร 1)', NULL, '2023-03-24 12:12:12', 3, NULL, NULL, 1),
(771, 'MT-AS-0771', 1, 7, 53, NULL, NULL, 'SPIRAL FREEZER อาคาร1', NULL, '2023-03-24 12:12:12', 3, NULL, NULL, 1),
(772, 'MT-AS-0772', 5, 8, 79, NULL, NULL, 'Sytem A', NULL, '2023-03-24 12:12:12', 3, NULL, NULL, 1),
(773, 'MT-AS-0773', 5, 8, 4, NULL, NULL, 'Sytem A AHU 5', NULL, '2023-03-24 12:12:12', 3, NULL, NULL, 1),
(774, 'MT-AS-0774', 5, 8, 4, NULL, NULL, 'Sytem A AHU 6', NULL, '2023-03-24 12:12:12', 3, NULL, NULL, 1),
(775, 'MT-AS-0775', 5, 8, 4, NULL, NULL, 'Sytem A AHU 7', NULL, '2023-03-24 12:12:12', 3, NULL, NULL, 1),
(776, 'MT-AS-0776', 5, 8, 79, NULL, NULL, 'Sytem B', NULL, '2023-03-24 12:12:12', 3, NULL, NULL, 1),
(777, 'MT-AS-0777', 5, 8, 4, NULL, NULL, 'Sytem B AHU 3', NULL, '2023-03-24 12:12:12', 3, NULL, NULL, 1),
(778, 'MT-AS-0778', 5, 8, 4, NULL, NULL, 'Sytem B AHU 4', NULL, '2023-03-24 12:12:12', 3, NULL, NULL, 1),
(779, 'MT-AS-0779', 5, 8, 79, NULL, NULL, 'Sytem C', NULL, '2023-03-24 12:12:12', 3, NULL, NULL, 1),
(780, 'MT-AS-0780', 5, 8, 4, NULL, NULL, 'Sytem C AHU 1', NULL, '2023-03-24 12:12:12', 3, NULL, NULL, 1),
(781, 'MT-AS-0781', 5, 8, 4, NULL, NULL, 'Sytem C AHU 2', NULL, '2023-03-24 12:12:12', 3, NULL, NULL, 1),
(782, 'MT-AS-0782', 5, 8, 79, NULL, NULL, 'Sytem E', NULL, '2023-03-24 12:12:12', 3, NULL, NULL, 1),
(783, 'MT-AS-0783', 5, 8, 4, NULL, NULL, 'Sytem E คอยล์ 1', NULL, '2023-03-24 12:12:12', 3, NULL, NULL, 1),
(784, 'MT-AS-0784', 5, 8, 4, NULL, NULL, 'Sytem E คอยล์ 2', NULL, '2023-03-24 12:12:12', 3, NULL, NULL, 1),
(785, 'MT-AS-0785', 5, 8, 4, NULL, NULL, 'Sytem E คอยล์ 3', NULL, '2023-03-24 12:12:12', 3, NULL, NULL, 1),
(786, 'MT-AS-0786', 5, 8, 4, NULL, NULL, 'Sytem E คอยล์ 4', NULL, '2023-03-24 12:12:12', 3, NULL, NULL, 1),
(787, 'MT-AS-0787', 5, 8, 4, NULL, NULL, 'Sytem E คอยล์ 5', NULL, '2023-03-24 12:12:12', 3, NULL, NULL, 1),
(788, 'MT-AS-0788', 5, 8, 4, NULL, NULL, 'Sytem E คอยล์ 6', NULL, '2023-03-24 12:12:12', 3, NULL, NULL, 1),
(789, 'MT-AS-0789', 2, 8, 24, NULL, NULL, 'TRANFORMERS', NULL, '2023-03-24 12:12:12', 3, NULL, NULL, 1),
(790, 'MT-AS-0790', 1, 7, 24, NULL, NULL, 'Transformer (หม้อแปลงไฟฟ้า)อ.2', NULL, '2023-03-24 12:12:12', 3, NULL, NULL, 1),
(791, 'MT-AS-0791', 1, 7, 24, NULL, NULL, 'Transformer (หม้อแปลงไฟฟ้า)อ.3', NULL, '2023-03-24 12:12:12', 3, NULL, NULL, 1),
(792, 'MT-AS-0792', 1, 7, 24, NULL, NULL, 'Transformer (หม้อแปลงไฟฟ้า)อ.4', NULL, '2023-03-24 12:12:12', 3, NULL, NULL, 1),
(793, 'MT-AS-0793', 1, 7, 24, NULL, NULL, 'Transformer (หม้อแปลงไฟฟ้า)อ.6', NULL, '2023-03-24 12:12:12', 3, NULL, NULL, 1),
(794, 'MT-AS-0794', 1, 7, 24, NULL, NULL, 'Transformer (หม้อแปลงไฟฟ้า)อ.8', NULL, '2023-03-24 12:12:12', 3, NULL, NULL, 1),
(795, 'MT-AS-0795', 1, 7, 51, NULL, NULL, 'VAPORATOR (คอล์ยห้องเก็บ 28_2 )', NULL, '2023-03-24 12:12:12', 3, NULL, NULL, 1),
(796, 'MT-AS-0796', 5, 8, 10, NULL, NULL, 'VESSEL BLAST FREEZER', NULL, '2023-03-24 12:12:12', 3, NULL, NULL, 1),
(797, 'MT-AS-0797', 2, 8, 68, NULL, NULL, 'VESSEL BLAST FREEZER 2', NULL, '2023-03-24 12:12:12', 3, NULL, NULL, 1),
(798, 'MT-AS-0798', 2, 8, 68, NULL, NULL, 'VESSEL BLAST FREEZER 3', NULL, '2023-03-24 12:12:12', 3, NULL, NULL, 1),
(799, 'MT-AS-0799', 5, 8, 10, NULL, NULL, 'VESSEL COLDROOM', NULL, '2023-03-24 12:12:12', 3, NULL, NULL, 1),
(800, 'MT-AS-0800', 5, 8, 11, NULL, NULL, 'VESSEL NH3 PUMP 1', NULL, '2023-03-24 12:12:12', 3, NULL, NULL, 1),
(801, 'MT-AS-0801', 1, 7, 27, NULL, NULL, 'VESSEL NH3 PUMP 1', NULL, '2023-03-24 12:12:12', 3, NULL, NULL, 1),
(802, 'MT-AS-0802', 5, 8, 11, NULL, NULL, 'VESSEL NH3 PUMP 2', NULL, '2023-03-24 12:12:12', 3, NULL, NULL, 1),
(803, 'MT-AS-0803', 1, 7, 27, NULL, NULL, 'VESSEL NH3 PUMP 2', NULL, '2023-03-24 12:12:12', 3, NULL, NULL, 1),
(804, 'MT-AS-0804', 2, 8, 11, NULL, NULL, 'VESSEL PUMP NH3 1', NULL, '2023-03-24 12:12:12', 3, NULL, NULL, 1),
(805, 'MT-AS-0805', 2, 8, 11, NULL, NULL, 'VESSEL PUMP NH3 2', NULL, '2023-03-24 12:12:12', 3, NULL, NULL, 1),
(806, 'MT-AS-0806', 2, 8, 11, NULL, NULL, 'VESSEL PUMP NH3 3', NULL, '2023-03-24 12:12:12', 3, NULL, NULL, 1),
(807, 'MT-AS-0807', 2, 8, 11, NULL, NULL, 'VESSEL PUMP NH3 4', NULL, '2023-03-24 12:12:12', 3, NULL, NULL, 1),
(808, 'MT-AS-0808', 2, 8, 11, NULL, NULL, 'VESSEL PUMP NH3 5', NULL, '2023-03-24 12:12:12', 3, NULL, NULL, 1),
(809, 'MT-AS-0809', 2, 8, 11, NULL, NULL, 'VESSEL PUMP NH3 6', NULL, '2023-03-24 12:12:12', 3, NULL, NULL, 1),
(810, 'MT-AS-0810', 2, 8, 11, NULL, NULL, 'VESSEL PUMP NH3 7', NULL, '2023-03-24 12:12:12', 3, NULL, NULL, 1),
(811, 'MT-AS-0811', 2, 8, 11, NULL, NULL, 'VESSEL PUMP NH3 8', NULL, '2023-03-24 12:12:12', 3, NULL, NULL, 1),
(812, 'MT-AS-0812', 5, 8, 4, NULL, NULL, 'Walkway system A AHU 8', NULL, '2023-03-24 12:12:12', 3, NULL, NULL, 1),
(813, 'MT-AS-0813', 5, 8, 4, NULL, NULL, 'Walkway system A AHU 9', NULL, '2023-03-24 12:12:12', 3, NULL, NULL, 1),
(814, 'MT-AS-0814', 1, 7, 33, NULL, NULL, 'WASH MACHINE เครื่องล้างถาด อาคาร1', NULL, '2023-03-24 12:12:12', 3, NULL, NULL, 1),
(815, 'MT-AS-0815', 1, 7, 60, NULL, NULL, 'WASTE WATER TREATMENT SYSTEM(ระบบบำบัด)', NULL, '2023-03-24 12:12:12', 3, NULL, NULL, 1),
(816, 'MT-AS-0816', 2, 8, 71, NULL, NULL, 'Wastewater Treatment System', NULL, '2023-03-24 12:12:12', 3, NULL, NULL, 1),
(817, 'MT-AS-0817', 5, 8, 25, NULL, NULL, 'WATER PUMP', NULL, '2023-03-24 12:12:12', 3, NULL, NULL, 1),
(818, 'MT-AS-0818', 1, 7, 25, NULL, NULL, 'WATER PUMP (ปั้มพญานาค) อ.2', NULL, '2023-03-24 12:12:12', 3, NULL, NULL, 1),
(819, 'MT-AS-0819', 1, 7, 25, NULL, NULL, 'WATER PUMP (ปั้มพญานาค) อ.3', NULL, '2023-03-24 12:12:12', 3, NULL, NULL, 1),
(820, 'MT-AS-0820', 1, 7, 25, NULL, NULL, 'WATER PUMP (ปั้มพญานาค) อ.4', NULL, '2023-03-24 12:12:12', 3, NULL, NULL, 1),
(821, 'MT-AS-0821', 5, 8, 25, NULL, NULL, 'WATER PUMP 1', NULL, '2023-03-24 12:12:12', 3, NULL, NULL, 1),
(822, 'MT-AS-0822', 1, 7, 25, NULL, NULL, 'WATER PUMP 15 Hp', NULL, '2023-03-24 12:12:12', 3, NULL, NULL, 1),
(823, 'MT-AS-0823', 5, 8, 25, NULL, NULL, 'WATER PUMP 2', NULL, '2023-03-24 12:12:12', 3, NULL, NULL, 1),
(824, 'MT-AS-0824', 1, 7, 25, NULL, NULL, 'WATER PUMP 5 Hp', NULL, '2023-03-24 12:12:12', 3, NULL, NULL, 1),
(825, 'MT-AS-0825', 1, 7, 25, NULL, NULL, 'WATER PUMP 7.5 Hp', NULL, '2023-03-24 12:12:12', 3, NULL, NULL, 1),
(826, 'MT-AS-0826', 1, 7, 25, NULL, NULL, 'WATER PUMP S.P.A 7.5 Hp', NULL, '2023-03-24 12:12:12', 3, NULL, NULL, 1),
(827, 'MT-AS-0827', 2, 8, 71, NULL, NULL, 'Water Treatment System', NULL, '2023-03-24 12:12:12', 3, NULL, NULL, 1),
(828, 'MT-AS-0828', 1, 7, 25, NULL, NULL, 'WATER WELL 20 Hp', NULL, '2023-03-24 12:12:12', 3, NULL, NULL, 1),
(829, 'MT-AS-0829', 1, 7, 2, NULL, NULL, 'WEIGHT 1 Kg. (ลูกตุ้ม)', NULL, '2023-03-24 12:12:12', 3, NULL, NULL, 1),
(830, 'MT-AS-0830', 1, 7, 2, NULL, NULL, 'WEIGHT 10 Kg. (ลูกตุ้ม)', NULL, '2023-03-24 12:12:12', 3, NULL, NULL, 1),
(831, 'MT-AS-0831', 1, 7, 2, NULL, NULL, 'WEIGHT 2 Kg. (ลูกตุ้ม)', NULL, '2023-03-24 12:12:12', 3, NULL, NULL, 1),
(832, 'MT-AS-0832', 1, 7, 2, NULL, NULL, 'WEIGHT 20 Kg. (ลูกตุ้ม)', NULL, '2023-03-24 12:12:12', 3, NULL, NULL, 1),
(833, 'MT-AS-0833', 1, 7, 2, NULL, NULL, 'WEIGHT 5 Kg. (ลูกตุ้ม)', NULL, '2023-03-24 12:12:12', 3, NULL, NULL, 1),
(834, 'MT-AS-0834', 1, 7, 2, NULL, NULL, 'WEIGHT 500 Kg. (ลูกตุ้ม)', NULL, '2023-03-24 12:12:12', 3, NULL, NULL, 1),
(835, 'MT-AS-0835', 2, 8, 21, NULL, NULL, 'WORKER CONVERYER 1', NULL, '2023-03-24 12:12:12', 3, NULL, NULL, 1),
(836, 'MT-AS-0836', 1, 7, 70, NULL, NULL, 'WORKER CONVERYER 1', NULL, '2023-03-24 12:12:12', 3, NULL, NULL, 1),
(837, 'MT-AS-0837', 2, 8, 21, NULL, NULL, 'WORKER CONVERYER 2', NULL, '2023-03-24 12:12:12', 3, NULL, NULL, 1),
(838, 'MT-AS-0838', 1, 7, 70, NULL, NULL, 'WORKER CONVERYER 2', NULL, '2023-03-24 12:12:12', 3, NULL, NULL, 1),
(839, 'MT-AS-0839', 2, 8, 21, NULL, NULL, 'WORKER CONVERYER 3', NULL, '2023-03-24 12:12:12', 3, NULL, NULL, 1),
(840, 'MT-AS-0840', 1, 7, 70, NULL, NULL, 'WORKER CONVERYER 3', NULL, '2023-03-24 12:12:12', 3, NULL, NULL, 1),
(841, 'MT-AS-0841', 2, 8, 21, NULL, NULL, 'WORKER CONVERYER 4', NULL, '2023-03-24 12:12:12', 3, NULL, NULL, 1),
(842, 'MT-AS-0842', 1, 7, 70, NULL, NULL, 'WORKER CONVERYER 4', NULL, '2023-03-24 12:12:12', 3, NULL, NULL, 1),
(843, 'MT-AS-0843', 2, 8, 21, NULL, NULL, 'WORKER CONVERYER 5', NULL, '2023-03-24 12:12:12', 3, NULL, NULL, 1),
(844, 'MT-AS-0844', 1, 7, 70, NULL, NULL, 'WORKER CONVERYER 5', NULL, '2023-03-24 12:12:12', 3, NULL, NULL, 1),
(845, 'MT-AS-0845', 2, 8, 21, NULL, NULL, 'WORKER CONVERYER 6', NULL, '2023-03-24 12:12:12', 3, NULL, NULL, 1),
(846, 'MT-AS-0846', 1, 7, 70, NULL, NULL, 'WORKER CONVERYER 6', NULL, '2023-03-24 12:12:12', 3, NULL, NULL, 1),
(847, 'MT-AS-0847', 2, 8, 21, NULL, NULL, 'WORKER CONVERYER 7', NULL, '2023-03-24 12:12:12', 3, NULL, NULL, 1),
(848, 'MT-AS-0848', 1, 7, 70, NULL, NULL, 'WORKER CONVERYER 7', NULL, '2023-03-24 12:12:12', 3, NULL, NULL, 1),
(849, 'MT-AS-0849', 2, 8, 70, NULL, NULL, 'WORKER CONVERYER 8', NULL, '2023-03-24 12:12:12', 3, NULL, NULL, 1),
(850, 'MT-AS-0850', 1, 7, 45, NULL, NULL, 'WORKER CONVEYOR 2Hp', NULL, '2023-03-24 12:12:12', 3, NULL, NULL, 1),
(851, 'MT-AS-0851', 1, 7, 45, NULL, NULL, 'WORKER CONVEYOR 3Hp', NULL, '2023-03-24 12:12:12', 3, NULL, NULL, 1),
(852, 'MT-AS-0852', 1, 7, 45, NULL, NULL, 'WORKER CONVEYOR 7.5Hp', NULL, '2023-03-24 12:12:12', 3, NULL, NULL, 1),
(853, 'MT-AS-0853', 1, 7, 105, NULL, NULL, 'กรงใส่ปลา', NULL, '2023-03-24 12:12:12', 3, NULL, NULL, 1),
(854, 'MT-AS-0854', 1, 7, 100, NULL, NULL, 'กระจก', NULL, '2023-03-24 12:12:12', 3, NULL, NULL, 1),
(855, 'MT-AS-0855', 1, 7, 100, NULL, NULL, 'กระถางต้นไม้', NULL, '2023-03-24 12:12:12', 3, NULL, NULL, 1),
(856, 'MT-AS-0856', 1, 7, 124, NULL, NULL, 'ก๊อกน้ำ', NULL, '2023-03-24 12:12:12', 3, NULL, NULL, 1),
(857, 'MT-AS-0857', 1, 7, 100, NULL, NULL, 'กันชน', NULL, '2023-03-24 12:12:12', 3, NULL, NULL, 1),
(858, 'MT-AS-0858', 1, 7, 100, NULL, NULL, 'ขอบปูน', NULL, '2023-03-24 12:12:12', 3, NULL, NULL, 1),
(859, 'MT-AS-0859', 1, 7, 100, NULL, NULL, 'ขอบผนัง', NULL, '2023-03-24 12:12:12', 3, NULL, NULL, 1),
(860, 'MT-AS-0860', 1, 7, 100, NULL, NULL, 'คลองสาธารณะ', NULL, '2023-03-24 12:12:12', 3, NULL, NULL, 1),
(861, 'MT-AS-0861', 1, 7, 88, NULL, NULL, 'คลังแห้ง', NULL, '2023-03-24 12:12:12', 3, NULL, NULL, 1),
(862, 'MT-AS-0862', 1, 7, 4, NULL, NULL, 'คลังแห้ง คอยด์ 1-2', NULL, '2023-03-24 12:12:12', 3, NULL, NULL, 1),
(863, 'MT-AS-0863', 1, 7, 4, NULL, NULL, 'คลังแห้ง คอยด์ 3-4', NULL, '2023-03-24 12:12:12', 3, NULL, NULL, 1),
(864, 'MT-AS-0864', 1, 7, 36, NULL, NULL, 'คอมเพรสเซอร์ลูกสูบ 90 KW. ห้องเครื่องอาคาร1', NULL, '2023-03-24 12:12:12', 3, NULL, NULL, 1),
(865, 'MT-AS-0865', 1, 7, 36, NULL, NULL, 'คอมเพรสเซอร์สกรู 185KW.', NULL, '2023-03-24 12:12:12', 3, NULL, NULL, 1),
(866, 'MT-AS-0866', 1, 7, 9, NULL, NULL, 'คอมเพรสเซอร์สกรู 280KW. SPARAL FREEZER อ.1', NULL, '2023-03-24 12:12:12', 3, NULL, NULL, 1),
(867, 'MT-AS-0867', 1, 7, 143, NULL, NULL, 'งานสร้างความปลอดภัย', NULL, '2023-03-24 12:12:12', 3, NULL, NULL, 1),
(868, 'MT-AS-0868', 1, 7, 143, NULL, NULL, 'งานสร้างฝ่ายการตลาด', NULL, '2023-03-24 12:12:12', 3, NULL, NULL, 1),
(869, 'MT-AS-0869', 1, 7, 143, NULL, NULL, 'งานสร้างฝ่ายขนส่ง', NULL, '2023-03-24 12:12:12', 3, NULL, NULL, 1),
(870, 'MT-AS-0870', 1, 7, 143, NULL, NULL, 'งานสร้างฝ่ายคลังสินค้า', NULL, '2023-03-24 12:12:12', 3, NULL, NULL, 1),
(871, 'MT-AS-0871', 1, 7, 143, NULL, NULL, 'งานสร้างฝ่ายคุณภาพ', NULL, '2023-03-24 12:12:12', 3, NULL, NULL, 1),
(872, 'MT-AS-0872', 1, 7, 143, NULL, NULL, 'งานสร้างฝ่ายจัดซื้อ', NULL, '2023-03-24 12:12:12', 3, NULL, NULL, 1),
(873, 'MT-AS-0873', 1, 7, 143, NULL, NULL, 'งานสร้างฝ่ายบริการลูกค้า', NULL, '2023-03-24 12:12:12', 3, NULL, NULL, 1),
(874, 'MT-AS-0874', 1, 7, 143, NULL, NULL, 'งานสร้างฝ่ายบัญชี', NULL, '2023-03-24 12:12:12', 3, NULL, NULL, 1),
(875, 'MT-AS-0875', 1, 7, 143, NULL, NULL, 'งานสร้างฝ่ายบุคคล/ธุรการ', NULL, '2023-03-24 12:12:12', 3, NULL, NULL, 1);
INSERT INTO `tb_machine_master` (`id_machine`, `machine_code`, `ref_id_site`, `ref_id_dept`, `ref_id_menu`, `ref_id_sub_menu`, `model_name`, `name_machine`, `detail_machine`, `mc_adddate`, `ref_id_user_add`, `mc_editdate`, `ref_id_user_edit`, `status_machine`) VALUES
(876, 'MT-AS-0876', 1, 7, 143, NULL, NULL, 'งานสร้างฝ่ายวิศวกรรม', NULL, '2023-03-24 12:12:12', 3, NULL, NULL, 1),
(877, 'MT-AS-0877', 1, 7, 143, NULL, NULL, 'งานสร้างฝ่ายอินเวนเทอรี่', NULL, '2023-03-24 12:12:12', 3, NULL, NULL, 1),
(878, 'MT-AS-0878', 1, 7, 143, NULL, NULL, 'งานสร้างฝ่ายไอที', NULL, '2023-03-24 12:12:12', 3, NULL, NULL, 1),
(879, 'MT-AS-0879', 1, 7, 147, NULL, NULL, 'งานแจ้งสร้าง', NULL, '2023-03-24 12:12:12', 3, NULL, NULL, 1),
(880, 'MT-AS-0880', 1, 7, 97, NULL, NULL, 'ช่องจอดรับวัตถุดิบ', NULL, '2023-03-24 12:12:12', 3, NULL, NULL, 1),
(881, 'MT-AS-0881', 1, 7, 97, NULL, NULL, 'ช่องโหลด', NULL, '2023-03-24 12:12:12', 3, NULL, NULL, 1),
(882, 'MT-AS-0882', 2, 8, 92, NULL, NULL, 'ช่องโหลด 1', NULL, '2023-03-24 12:12:12', 3, NULL, NULL, 1),
(883, 'MT-AS-0883', 2, 8, 92, NULL, NULL, 'ช่องโหลด 10', NULL, '2023-03-24 12:12:12', 3, NULL, NULL, 1),
(884, 'MT-AS-0884', 2, 8, 92, NULL, NULL, 'ช่องโหลด 11', NULL, '2023-03-24 12:12:12', 3, NULL, NULL, 1),
(885, 'MT-AS-0885', 2, 8, 92, NULL, NULL, 'ช่องโหลด 12', NULL, '2023-03-24 12:12:12', 3, NULL, NULL, 1),
(886, 'MT-AS-0886', 2, 8, 92, NULL, NULL, 'ช่องโหลด 13', NULL, '2023-03-24 12:12:12', 3, NULL, NULL, 1),
(887, 'MT-AS-0887', 2, 8, 92, NULL, NULL, 'ช่องโหลด 14', NULL, '2023-03-24 12:12:12', 3, NULL, NULL, 1),
(888, 'MT-AS-0888', 2, 8, 92, NULL, NULL, 'ช่องโหลด 2', NULL, '2023-03-24 12:12:12', 3, NULL, NULL, 1),
(889, 'MT-AS-0889', 2, 8, 92, NULL, NULL, 'ช่องโหลด 3', NULL, '2023-03-24 12:12:12', 3, NULL, NULL, 1),
(890, 'MT-AS-0890', 2, 8, 92, NULL, NULL, 'ช่องโหลด 4', NULL, '2023-03-24 12:12:12', 3, NULL, NULL, 1),
(891, 'MT-AS-0891', 2, 8, 92, NULL, NULL, 'ช่องโหลด 5', NULL, '2023-03-24 12:12:12', 3, NULL, NULL, 1),
(892, 'MT-AS-0892', 2, 8, 92, NULL, NULL, 'ช่องโหลด 6', NULL, '2023-03-24 12:12:12', 3, NULL, NULL, 1),
(893, 'MT-AS-0893', 2, 8, 92, NULL, NULL, 'ช่องโหลด 7', NULL, '2023-03-24 12:12:12', 3, NULL, NULL, 1),
(894, 'MT-AS-0894', 2, 8, 92, NULL, NULL, 'ช่องโหลด 8', NULL, '2023-03-24 12:12:12', 3, NULL, NULL, 1),
(895, 'MT-AS-0895', 2, 8, 92, NULL, NULL, 'ช่องโหลด 9', NULL, '2023-03-24 12:12:12', 3, NULL, NULL, 1),
(896, 'MT-AS-0896', 2, 8, 89, NULL, NULL, 'ช๊อปช่าง', NULL, '2023-03-24 12:12:12', 3, NULL, NULL, 1),
(897, 'MT-AS-0897', 1, 7, 85, NULL, NULL, 'ชักโครก', NULL, '2023-03-24 12:12:12', 3, NULL, NULL, 1),
(898, 'MT-AS-0898', 1, 7, 122, NULL, NULL, 'ชั้นวางของ', NULL, '2023-03-24 12:12:12', 3, NULL, NULL, 1),
(899, 'MT-AS-0899', 1, 7, 80, NULL, NULL, 'ฒฐ-332', NULL, '2023-03-24 12:12:12', 3, NULL, NULL, 1),
(900, 'MT-AS-0900', 1, 7, 80, NULL, NULL, 'ฒฐ-334', NULL, '2023-03-24 12:12:12', 3, NULL, NULL, 1),
(901, 'MT-AS-0901', 1, 7, 100, NULL, NULL, 'ต้นไม้', NULL, '2023-03-24 12:12:12', 3, NULL, NULL, 1),
(902, 'MT-AS-0902', 1, 7, 105, NULL, NULL, 'ตะแกรงรางน้ำ', NULL, '2023-03-24 12:12:12', 3, NULL, NULL, 1),
(903, 'MT-AS-0903', 1, 7, 136, NULL, NULL, 'ตาชั่ง', NULL, '2023-03-24 12:12:12', 3, NULL, NULL, 1),
(904, 'MT-AS-0904', 5, 8, 8, NULL, NULL, 'ตาชั่ง 100 kg', NULL, '2023-03-24 12:12:12', 3, NULL, NULL, 1),
(905, 'MT-AS-0905', 5, 8, 8, NULL, NULL, 'ตาชั่งรถบรรทุก 80 ตัน', NULL, '2023-03-24 12:12:12', 3, NULL, NULL, 1),
(906, 'MT-AS-0906', 5, 8, 8, NULL, NULL, 'ตาชั่ั่ง 100 Kg.', NULL, '2023-03-24 12:12:12', 3, NULL, NULL, 1),
(907, 'MT-AS-0907', 5, 8, 3, NULL, NULL, 'ตาช่าง 60 kg', NULL, '2023-03-24 12:12:12', 3, NULL, NULL, 1),
(908, 'MT-AS-0908', 1, 7, 113, NULL, NULL, 'ตู้ชาร์จแบตฯ', NULL, '2023-03-24 12:12:12', 3, NULL, NULL, 1),
(909, 'MT-AS-0909', 1, 7, 132, NULL, NULL, 'ตู้ดับเพลิง', NULL, '2023-03-24 12:12:12', 3, NULL, NULL, 1),
(910, 'MT-AS-0910', 1, 7, 121, NULL, NULL, 'ตู้ล๊อกเกอร์', NULL, '2023-03-24 12:12:12', 3, NULL, NULL, 1),
(911, 'MT-AS-0911', 1, 7, 121, NULL, NULL, 'ตู้เก็บของ', NULL, '2023-03-24 12:12:12', 3, NULL, NULL, 1),
(912, 'MT-AS-0912', 1, 7, 134, NULL, NULL, 'ตู้เก็บสายดับเพลิง', NULL, '2023-03-24 12:12:12', 3, NULL, NULL, 1),
(913, 'MT-AS-0913', 1, 7, 133, NULL, NULL, 'ตู้เก็บอุปกรณ์', NULL, '2023-03-24 12:12:12', 3, NULL, NULL, 1),
(914, 'MT-AS-0914', 1, 7, 44, NULL, NULL, 'ตู้เย็นออฟฟิศ', NULL, '2023-03-24 12:12:12', 3, NULL, NULL, 1),
(915, 'MT-AS-0915', 1, 7, 44, NULL, NULL, 'ตู้เย็นออฟฟิศหน้าบริษัท', NULL, '2023-03-24 12:12:12', 3, NULL, NULL, 1),
(916, 'MT-AS-0916', 1, 7, 114, NULL, NULL, 'ตู้ไฟ', NULL, '2023-03-24 12:12:12', 3, NULL, NULL, 1),
(917, 'MT-AS-0917', 7, 4, 80, NULL, NULL, 'ถน-8888', NULL, '2023-03-24 12:12:12', 3, NULL, NULL, 1),
(918, 'MT-AS-0918', 1, 7, 128, NULL, NULL, 'ถังขยะ', NULL, '2023-03-24 12:12:12', 3, NULL, NULL, 1),
(919, 'MT-AS-0919', 1, 7, 141, NULL, NULL, 'ถังดับเพลิง', NULL, '2023-03-24 12:12:12', 3, NULL, NULL, 1),
(920, 'MT-AS-0920', 1, 7, 128, NULL, NULL, 'ถังน้ำ', NULL, '2023-03-24 12:12:12', 3, NULL, NULL, 1),
(921, 'MT-AS-0921', 1, 7, 96, NULL, NULL, 'ถาดฟรีส', NULL, '2023-03-24 12:12:12', 3, NULL, NULL, 1),
(922, 'MT-AS-0922', 1, 7, 140, NULL, NULL, 'ถุงบอกทิศทางลม', NULL, '2023-03-24 12:12:12', 3, NULL, NULL, 1),
(923, 'MT-AS-0923', 1, 7, 129, NULL, NULL, 'ท่อน้ำ', NULL, '2023-03-24 12:12:12', 3, NULL, NULL, 1),
(924, 'MT-AS-0924', 1, 7, 97, NULL, NULL, 'ทางเข้า-ออก FL', NULL, '2023-03-24 12:12:12', 3, NULL, NULL, 1),
(925, 'MT-AS-0925', 2, 8, 88, NULL, NULL, 'ทางเข้าลานโหลด 3', NULL, '2023-03-24 12:12:12', 3, NULL, NULL, 1),
(926, 'MT-AS-0926', 2, 8, 88, NULL, NULL, 'ทางเข้าลานโหลด 4', NULL, '2023-03-24 12:12:12', 3, NULL, NULL, 1),
(927, 'MT-AS-0927', 2, 8, 88, NULL, NULL, 'ทางเข้าลานโหลดฟรีโซน', NULL, '2023-03-24 12:12:12', 3, NULL, NULL, 1),
(928, 'MT-AS-0928', 2, 8, 88, NULL, NULL, 'ทางเข้าลานโหลดเจนโซน', NULL, '2023-03-24 12:12:12', 3, NULL, NULL, 1),
(929, 'MT-AS-0929', 1, 7, 139, NULL, NULL, 'ธงชาติ', NULL, '2023-03-24 12:12:12', 3, NULL, NULL, 1),
(930, 'MT-AS-0930', 1, 7, 139, NULL, NULL, 'ธงบริษัท', NULL, '2023-03-24 12:12:12', 3, NULL, NULL, 1),
(931, 'MT-AS-0931', 1, 7, 139, NULL, NULL, 'ธงพระมหากษัตริย์', NULL, '2023-03-24 12:12:12', 3, NULL, NULL, 1),
(932, 'MT-AS-0932', 1, 7, 117, NULL, NULL, 'นาฬิกา', NULL, '2023-03-24 12:12:12', 3, NULL, NULL, 1),
(933, 'MT-AS-0933', 1, 7, 4, NULL, NULL, 'บริเวณที่พักปลา คอยค์ 1', NULL, '2023-03-24 12:12:12', 3, NULL, NULL, 1),
(934, 'MT-AS-0934', 1, 7, 4, NULL, NULL, 'บริเวณที่พักปลา คอยค์ 2', NULL, '2023-03-24 12:12:12', 3, NULL, NULL, 1),
(935, 'MT-AS-0935', 1, 7, 125, NULL, NULL, 'บ่อน้ำ', NULL, '2023-03-24 12:12:12', 3, NULL, NULL, 1),
(936, 'MT-AS-0936', 1, 7, 60, NULL, NULL, 'บ่อน้ำเสีย', NULL, '2023-03-24 12:12:12', 3, NULL, NULL, 1),
(937, 'MT-AS-0937', 1, 7, 125, NULL, NULL, 'บ่อปลา', NULL, '2023-03-24 12:12:12', 3, NULL, NULL, 1),
(938, 'MT-AS-0938', 1, 7, 60, NULL, NULL, 'บ่อพักน้ำ', NULL, '2023-03-24 12:12:12', 3, NULL, NULL, 1),
(939, 'MT-AS-0939', 1, 7, 142, NULL, NULL, 'บอร์ดประชาสัมพันธ์', NULL, '2023-03-24 12:12:12', 3, NULL, NULL, 1),
(940, 'MT-AS-0940', 1, 7, 144, NULL, NULL, 'บันได', NULL, '2023-03-24 12:12:12', 3, NULL, NULL, 1),
(941, 'MT-AS-0941', 1, 7, 143, NULL, NULL, 'บ้านพัก', NULL, '2023-03-24 12:12:12', 3, NULL, NULL, 1),
(942, 'MT-AS-0942', 1, 7, 100, NULL, NULL, 'ประตู', NULL, '2023-03-24 12:12:12', 3, NULL, NULL, 1),
(943, 'MT-AS-0943', 1, 7, 74, NULL, NULL, 'ประตู Speedoor', NULL, '2023-03-24 12:12:12', 3, NULL, NULL, 1),
(944, 'MT-AS-0944', 1, 7, 103, NULL, NULL, 'ประตูช่องโหลด', NULL, '2023-03-24 12:12:12', 3, NULL, NULL, 1),
(945, 'MT-AS-0945', 1, 7, 74, NULL, NULL, 'ประตูออโต้', NULL, '2023-03-24 12:12:12', 3, NULL, NULL, 1),
(946, 'MT-AS-0946', 5, 8, 86, NULL, NULL, 'ประตูโอเวอร์เฮดโหลด 1 ประตู 1', NULL, '2023-03-24 12:12:12', 3, NULL, NULL, 1),
(947, 'MT-AS-0947', 5, 8, 86, NULL, NULL, 'ประตูโอเวอร์เฮดโหลด 1 ประตู 2', NULL, '2023-03-24 12:12:12', 3, NULL, NULL, 1),
(948, 'MT-AS-0948', 5, 8, 86, NULL, NULL, 'ประตูโอเวอร์เฮดโหลด 1 ประตู 3', NULL, '2023-03-24 12:12:12', 3, NULL, NULL, 1),
(949, 'MT-AS-0949', 5, 8, 86, NULL, NULL, 'ประตูโอเวอร์เฮดโหลด 1 ประตู 4', NULL, '2023-03-24 12:12:12', 3, NULL, NULL, 1),
(950, 'MT-AS-0950', 5, 8, 86, NULL, NULL, 'ประตูโอเวอร์เฮดโหลด 1 ประตู 5', NULL, '2023-03-24 12:12:12', 3, NULL, NULL, 1),
(951, 'MT-AS-0951', 5, 8, 86, NULL, NULL, 'ประตูโอเวอร์เฮดโหลด 2 ประตู 1', NULL, '2023-03-24 12:12:12', 3, NULL, NULL, 1),
(952, 'MT-AS-0952', 5, 8, 86, NULL, NULL, 'ประตูโอเวอร์เฮดโหลด 2 ประตู 2', NULL, '2023-03-24 12:12:12', 3, NULL, NULL, 1),
(953, 'MT-AS-0953', 5, 8, 86, NULL, NULL, 'ประตูโอเวอร์เฮดโหลด 2 ประตู 3', NULL, '2023-03-24 12:12:12', 3, NULL, NULL, 1),
(954, 'MT-AS-0954', 5, 8, 86, NULL, NULL, 'ประตูโอเวอร์เฮดโหลด 2 ประตู 4', NULL, '2023-03-24 12:12:12', 3, NULL, NULL, 1),
(955, 'MT-AS-0955', 5, 8, 86, NULL, NULL, 'ประตูโอเวอร์เฮดโหลด 2 ประตู 5', NULL, '2023-03-24 12:12:12', 3, NULL, NULL, 1),
(956, 'MT-AS-0956', 1, 7, 111, NULL, NULL, 'ปลั๊กพาวเวอร์', NULL, '2023-03-24 12:12:12', 3, NULL, NULL, 1),
(957, 'MT-AS-0957', 1, 7, 111, NULL, NULL, 'ปลั๊กเสียบ', NULL, '2023-03-24 12:12:12', 3, NULL, NULL, 1),
(958, 'MT-AS-0958', 1, 7, 111, NULL, NULL, 'ปลั๊กแบตเตอรี่', NULL, '2023-03-24 12:12:12', 3, NULL, NULL, 1),
(959, 'MT-AS-0959', 1, 7, 111, NULL, NULL, 'ปลั๊กไฟ', NULL, '2023-03-24 12:12:12', 3, NULL, NULL, 1),
(960, 'MT-AS-0960', 2, 8, 84, NULL, NULL, 'ป้อม รปภ', NULL, '2023-03-24 12:12:12', 3, NULL, NULL, 1),
(961, 'MT-AS-0961', 5, 8, 84, NULL, NULL, 'ป้อม รปภ.', NULL, '2023-03-24 12:12:12', 3, NULL, NULL, 1),
(962, 'MT-AS-0962', 1, 7, 11, NULL, NULL, 'ปั้มน้ำ', NULL, '2023-03-24 12:12:12', 3, NULL, NULL, 1),
(963, 'MT-AS-0963', 1, 7, 11, NULL, NULL, 'ปั้มลม', NULL, '2023-03-24 12:12:12', 3, NULL, NULL, 1),
(964, 'MT-AS-0964', 1, 7, 50, NULL, NULL, 'ปั้มไฮเพรชเชอร์ อาคาร1', NULL, '2023-03-24 12:12:12', 3, NULL, NULL, 1),
(965, 'MT-AS-0965', 1, 7, 50, NULL, NULL, 'ปั้มไฮเพรชเชอร์ อาคาร2', NULL, '2023-03-24 12:12:12', 3, NULL, NULL, 1),
(966, 'MT-AS-0966', 1, 7, 131, NULL, NULL, 'ป้ายบริษัท', NULL, '2023-03-24 12:12:12', 3, NULL, NULL, 1),
(967, 'MT-AS-0967', 1, 7, 142, NULL, NULL, 'ป้ายเตือน', NULL, '2023-03-24 12:12:12', 3, NULL, NULL, 1),
(968, 'MT-AS-0968', 1, 7, 100, NULL, NULL, 'ผนังห้อง', NULL, '2023-03-24 12:12:12', 3, NULL, NULL, 1),
(969, 'MT-AS-0969', 1, 7, 100, NULL, NULL, 'ผ้าใบดำ', NULL, '2023-03-24 12:12:12', 3, NULL, NULL, 1),
(970, 'MT-AS-0970', 1, 7, 100, NULL, NULL, 'ผ้าใบบังแดด', NULL, '2023-03-24 12:12:12', 3, NULL, NULL, 1),
(971, 'MT-AS-0971', 1, 7, 100, NULL, NULL, 'ฝ้าผนัง', NULL, '2023-03-24 12:12:12', 3, NULL, NULL, 1),
(972, 'MT-AS-0972', 1, 7, 110, NULL, NULL, 'พัดลม', NULL, '2023-03-24 12:12:12', 3, NULL, NULL, 1),
(973, 'MT-AS-0973', 1, 7, 138, NULL, NULL, 'พาเลท', NULL, '2023-03-24 12:12:12', 3, NULL, NULL, 1),
(974, 'MT-AS-0974', 1, 7, 101, NULL, NULL, 'พื้น', NULL, '2023-03-24 12:12:12', 3, NULL, NULL, 1),
(975, 'MT-AS-0975', 1, 7, 106, NULL, NULL, 'ม่าน', NULL, '2023-03-24 12:12:12', 3, NULL, NULL, 1),
(976, 'MT-AS-0976', 1, 7, 106, NULL, NULL, 'ม่านชักรอก', NULL, '2023-03-24 12:12:12', 3, NULL, NULL, 1),
(977, 'MT-AS-0977', 1, 7, 123, NULL, NULL, 'รถ 10 ล้อ', NULL, '2023-03-24 12:12:12', 3, NULL, NULL, 1),
(978, 'MT-AS-0978', 1, 7, 123, NULL, NULL, 'รถ 4 ล้อ', NULL, '2023-03-24 12:12:12', 3, NULL, NULL, 1),
(979, 'MT-AS-0979', 1, 7, 123, NULL, NULL, 'รถ 6 ล้อ', NULL, '2023-03-24 12:12:12', 3, NULL, NULL, 1),
(980, 'MT-AS-0980', 1, 7, 123, NULL, NULL, 'รถกระบะ', NULL, '2023-03-24 12:12:12', 3, NULL, NULL, 1),
(981, 'MT-AS-0981', 1, 7, 123, NULL, NULL, 'รถดับเพลิง', NULL, '2023-03-24 12:12:12', 3, NULL, NULL, 1),
(982, 'MT-AS-0982', 1, 7, 123, NULL, NULL, 'รถตู้', NULL, '2023-03-24 12:12:12', 3, NULL, NULL, 1),
(983, 'MT-AS-0983', 1, 7, 123, NULL, NULL, 'รถยนต์', NULL, '2023-03-24 12:12:12', 3, NULL, NULL, 1),
(984, 'MT-AS-0984', 1, 7, 123, NULL, NULL, 'รถเก๋ง', NULL, '2023-03-24 12:12:12', 3, NULL, NULL, 1),
(985, 'MT-AS-0985', 1, 7, 137, NULL, NULL, 'รถเข็นฟรีส', NULL, '2023-03-24 12:12:12', 3, NULL, NULL, 1),
(986, 'MT-AS-0986', 2, 8, 31, NULL, NULL, 'รถแฮนด์ลิฟท์ เบอร์ 1', NULL, '2023-03-24 12:12:12', 3, NULL, NULL, 1),
(987, 'MT-AS-0987', 2, 8, 31, NULL, NULL, 'รถแฮนด์ลิฟท์ เบอร์ 10', NULL, '2023-03-24 12:12:12', 3, NULL, NULL, 1),
(988, 'MT-AS-0988', 2, 8, 31, NULL, NULL, 'รถแฮนด์ลิฟท์ เบอร์ 11', NULL, '2023-03-24 12:12:12', 3, NULL, NULL, 1),
(989, 'MT-AS-0989', 2, 8, 31, NULL, NULL, 'รถแฮนด์ลิฟท์ เบอร์ 12', NULL, '2023-03-24 12:12:12', 3, NULL, NULL, 1),
(990, 'MT-AS-0990', 2, 8, 31, NULL, NULL, 'รถแฮนด์ลิฟท์ เบอร์ 13', NULL, '2023-03-24 12:12:12', 3, NULL, NULL, 1),
(991, 'MT-AS-0991', 2, 8, 31, NULL, NULL, 'รถแฮนด์ลิฟท์ เบอร์ 2', NULL, '2023-03-24 12:12:12', 3, NULL, NULL, 1),
(992, 'MT-AS-0992', 2, 8, 31, NULL, NULL, 'รถแฮนด์ลิฟท์ เบอร์ 3', NULL, '2023-03-24 12:12:12', 3, NULL, NULL, 1),
(993, 'MT-AS-0993', 2, 8, 31, NULL, NULL, 'รถแฮนด์ลิฟท์ เบอร์ 4', NULL, '2023-03-24 12:12:12', 3, NULL, NULL, 1),
(994, 'MT-AS-0994', 2, 8, 31, NULL, NULL, 'รถแฮนด์ลิฟท์ เบอร์ 5', NULL, '2023-03-24 12:12:12', 3, NULL, NULL, 1),
(995, 'MT-AS-0995', 2, 8, 31, NULL, NULL, 'รถแฮนด์ลิฟท์ เบอร์ 6', NULL, '2023-03-24 12:12:12', 3, NULL, NULL, 1),
(996, 'MT-AS-0996', 2, 8, 31, NULL, NULL, 'รถแฮนด์ลิฟท์ เบอร์ 7', NULL, '2023-03-24 12:12:12', 3, NULL, NULL, 1),
(997, 'MT-AS-0997', 2, 8, 31, NULL, NULL, 'รถแฮนด์ลิฟท์ เบอร์ 8', NULL, '2023-03-24 12:12:12', 3, NULL, NULL, 1),
(998, 'MT-AS-0998', 2, 8, 31, NULL, NULL, 'รถแฮนด์ลิฟท์ เบอร์ 9', NULL, '2023-03-24 12:12:12', 3, NULL, NULL, 1),
(999, 'MT-AS-0999', 1, 7, 100, NULL, NULL, 'รางน้ำ', NULL, '2023-03-24 12:12:12', 3, NULL, NULL, 1),
(1000, 'MT-AS-1000', 1, 7, 135, NULL, NULL, 'ราวตากผ้า', NULL, '2023-03-24 12:12:12', 3, NULL, NULL, 1),
(1001, 'MT-AS-1001', 1, 7, 100, NULL, NULL, 'ราวเหล็ก', NULL, '2023-03-24 12:12:12', 3, NULL, NULL, 1),
(1002, 'MT-AS-1002', 1, 7, 97, NULL, NULL, 'ลานจอดรถ', NULL, '2023-03-24 12:12:12', 3, NULL, NULL, 1),
(1003, 'MT-AS-1003', 1, 7, 97, NULL, NULL, 'ลานรับปลา', NULL, '2023-03-24 12:12:12', 3, NULL, NULL, 1),
(1004, 'MT-AS-1004', 1, 7, 4, NULL, NULL, 'ลานรับวัตถุดิบ(อาคาร1)', NULL, '2023-03-24 12:12:12', 3, NULL, NULL, 1),
(1005, 'MT-AS-1005', 1, 7, 4, NULL, NULL, 'ลานรับวัตถุดิบฟรีส (อาคาร 4)', NULL, '2023-03-24 12:12:12', 3, NULL, NULL, 1),
(1006, 'MT-AS-1006', 1, 7, 97, NULL, NULL, 'ลานโหลด', NULL, '2023-03-24 12:12:12', 3, NULL, NULL, 1),
(1007, 'MT-AS-1007', 2, 8, 88, NULL, NULL, 'ลานโหลด 3', NULL, '2023-03-24 12:12:12', 3, NULL, NULL, 1),
(1008, 'MT-AS-1008', 2, 8, 88, NULL, NULL, 'ลานโหลด 4', NULL, '2023-03-24 12:12:12', 3, NULL, NULL, 1),
(1009, 'MT-AS-1009', 2, 8, 88, NULL, NULL, 'ลานโหลดฟรีโซน', NULL, '2023-03-24 12:12:12', 3, NULL, NULL, 1),
(1010, 'MT-AS-1010', 2, 8, 88, NULL, NULL, 'ลานโหลดเจนโซน', NULL, '2023-03-24 12:12:12', 3, NULL, NULL, 1),
(1011, 'MT-AS-1011', 1, 7, 65, NULL, NULL, 'ลิฟท์ยกของอ.8', NULL, '2023-03-24 12:12:12', 3, NULL, NULL, 1),
(1012, 'MT-AS-1012', 5, 8, 78, NULL, NULL, 'ลูกตุ้ม 10 Kg.', NULL, '2023-03-24 12:12:12', 3, NULL, NULL, 1),
(1013, 'MT-AS-1013', 1, 7, 124, NULL, NULL, 'วาล์วน้ำ', NULL, '2023-03-24 12:12:12', 3, NULL, NULL, 1),
(1014, 'MT-AS-1014', 1, 7, 100, NULL, NULL, 'ศาลพระภูมิ', NULL, '2023-03-24 12:12:12', 3, NULL, NULL, 1),
(1015, 'MT-AS-1015', 1, 7, 100, NULL, NULL, 'สนามหญ้า', NULL, '2023-03-24 12:12:12', 3, NULL, NULL, 1),
(1016, 'MT-AS-1016', 1, 7, 116, NULL, NULL, 'สปอร์ตไลท์', NULL, '2023-03-24 12:12:12', 3, NULL, NULL, 1),
(1017, 'MT-AS-1017', 1, 7, 4, NULL, NULL, 'ส่วนผลิต (อาคาร 8 ) คอยค์ 1', NULL, '2023-03-24 12:12:12', 3, NULL, NULL, 1),
(1018, 'MT-AS-1018', 1, 7, 4, NULL, NULL, 'ส่วนผลิต (อาคาร 8 ) คอยค์ 2', NULL, '2023-03-24 12:12:12', 3, NULL, NULL, 1),
(1019, 'MT-AS-1019', 1, 7, 4, NULL, NULL, 'ส่วนผลิต (อาคาร 8 ) คอยค์ 3', NULL, '2023-03-24 12:12:12', 3, NULL, NULL, 1),
(1020, 'MT-AS-1020', 1, 7, 4, NULL, NULL, 'ส่วนผลิต (อาคาร 8 ) คอยค์ 4', NULL, '2023-03-24 12:12:12', 3, NULL, NULL, 1),
(1021, 'MT-AS-1021', 1, 7, 4, NULL, NULL, 'ส่วนผลิต (อาคาร 8 ) คอยค์ 5', NULL, '2023-03-24 12:12:12', 3, NULL, NULL, 1),
(1022, 'MT-AS-1022', 1, 7, 115, NULL, NULL, 'สวิทช์ไฟ', NULL, '2023-03-24 12:12:12', 3, NULL, NULL, 1),
(1023, 'MT-AS-1023', 5, 8, 92, NULL, NULL, 'สะพานโหลด 1 ช่อง 4', NULL, '2023-03-24 12:12:12', 3, NULL, NULL, 1),
(1024, 'MT-AS-1024', 5, 8, 92, NULL, NULL, 'สะพานโหลด 1 ช่อง 5', NULL, '2023-03-24 12:12:12', 3, NULL, NULL, 1),
(1025, 'MT-AS-1025', 5, 8, 92, NULL, NULL, 'สะพานโหลด 2 ช่อง 4', NULL, '2023-03-24 12:12:12', 3, NULL, NULL, 1),
(1026, 'MT-AS-1026', 5, 8, 92, NULL, NULL, 'สะพานโหลด 2 ช่อง 5', NULL, '2023-03-24 12:12:12', 3, NULL, NULL, 1),
(1027, 'MT-AS-1027', 1, 7, 130, NULL, NULL, 'สายฉีดน้ำ', NULL, '2023-03-24 12:12:12', 3, NULL, NULL, 1),
(1028, 'MT-AS-1028', 1, 7, 127, NULL, NULL, 'สายชำระ', NULL, '2023-03-24 12:12:12', 3, NULL, NULL, 1),
(1029, 'MT-AS-1029', 1, 7, 141, NULL, NULL, 'สายดับเพลิง', NULL, '2023-03-24 12:12:12', 3, NULL, NULL, 1),
(1030, 'MT-AS-1030', 1, 7, 127, NULL, NULL, 'สายยางน้ำ', NULL, '2023-03-24 12:12:12', 3, NULL, NULL, 1),
(1031, 'MT-AS-1031', 1, 7, 111, NULL, NULL, 'สายไฟ', NULL, '2023-03-24 12:12:12', 3, NULL, NULL, 1),
(1032, 'MT-AS-1032', 2, 8, 81, NULL, NULL, 'สำนักงานศุลกากร', NULL, '2023-03-24 12:12:12', 3, NULL, NULL, 1),
(1033, 'MT-AS-1033', 1, 7, 100, NULL, NULL, 'หน้าต่าง', NULL, '2023-03-24 12:12:12', 3, NULL, NULL, 1),
(1034, 'MT-AS-1034', 1, 7, 111, NULL, NULL, 'หลอดไฟ', NULL, '2023-03-24 12:12:12', 3, NULL, NULL, 1),
(1035, 'MT-AS-1035', 1, 7, 111, NULL, NULL, 'หลอดไฟรั่วกำแพง', NULL, '2023-03-24 12:12:12', 3, NULL, NULL, 1),
(1036, 'MT-AS-1036', 1, 7, 104, NULL, NULL, 'หลังคา', NULL, '2023-03-24 12:12:12', 3, NULL, NULL, 1),
(1037, 'MT-AS-1037', 5, 8, 79, NULL, NULL, 'ห้อง B203', NULL, '2023-03-24 12:12:12', 3, NULL, NULL, 1),
(1038, 'MT-AS-1038', 5, 8, 4, NULL, NULL, 'ห้อง B203 คอยล์ 1', NULL, '2023-03-24 12:12:12', 3, NULL, NULL, 1),
(1039, 'MT-AS-1039', 5, 8, 4, NULL, NULL, 'ห้อง B203 คอยล์ 2', NULL, '2023-03-24 12:12:12', 3, NULL, NULL, 1),
(1040, 'MT-AS-1040', 5, 8, 79, NULL, NULL, 'ห้อง B204', NULL, '2023-03-24 12:12:12', 3, NULL, NULL, 1),
(1041, 'MT-AS-1041', 5, 8, 4, NULL, NULL, 'ห้อง B204 คอยล์ 1', NULL, '2023-03-24 12:12:12', 3, NULL, NULL, 1),
(1042, 'MT-AS-1042', 5, 8, 4, NULL, NULL, 'ห้อง B204 คอยล์ 2', NULL, '2023-03-24 12:12:12', 3, NULL, NULL, 1),
(1043, 'MT-AS-1043', 5, 8, 79, NULL, NULL, 'ห้อง B205', NULL, '2023-03-24 12:12:12', 3, NULL, NULL, 1),
(1044, 'MT-AS-1044', 5, 8, 4, NULL, NULL, 'ห้อง B205 คอยล์ 1', NULL, '2023-03-24 12:12:12', 3, NULL, NULL, 1),
(1045, 'MT-AS-1045', 5, 8, 4, NULL, NULL, 'ห้อง B205 คอยล์ 2', NULL, '2023-03-24 12:12:12', 3, NULL, NULL, 1),
(1046, 'MT-AS-1046', 5, 8, 79, NULL, NULL, 'ห้อง B206', NULL, '2023-03-24 12:12:12', 3, NULL, NULL, 1),
(1047, 'MT-AS-1047', 5, 8, 4, NULL, NULL, 'ห้อง B206 คอยล์ 1', NULL, '2023-03-24 12:12:12', 3, NULL, NULL, 1),
(1048, 'MT-AS-1048', 5, 8, 4, NULL, NULL, 'ห้อง B206 คอยล์ 2', NULL, '2023-03-24 12:12:12', 3, NULL, NULL, 1),
(1049, 'MT-AS-1049', 5, 8, 79, NULL, NULL, 'ห้อง B207', NULL, '2023-03-24 12:12:12', 3, NULL, NULL, 1),
(1050, 'MT-AS-1050', 5, 8, 4, NULL, NULL, 'ห้อง B207 คอยล์ 1', NULL, '2023-03-24 12:12:12', 3, NULL, NULL, 1),
(1051, 'MT-AS-1051', 5, 8, 4, NULL, NULL, 'ห้อง B207 คอยล์ 2', NULL, '2023-03-24 12:12:12', 3, NULL, NULL, 1),
(1052, 'MT-AS-1052', 1, 7, 98, NULL, NULL, 'ห้อง Chill', NULL, '2023-03-24 12:12:12', 3, NULL, NULL, 1),
(1053, 'MT-AS-1053', 1, 7, 4, NULL, NULL, 'ห้อง CHILL (อาคาร 8 )', NULL, '2023-03-24 12:12:12', 3, NULL, NULL, 1),
(1054, 'MT-AS-1054', 1, 7, 4, NULL, NULL, 'ห้อง Chill 30 คอยด์ 1', NULL, '2023-03-24 12:12:12', 3, NULL, NULL, 1),
(1055, 'MT-AS-1055', 1, 7, 4, NULL, NULL, 'ห้อง Chill 30 คอยด์ 2', NULL, '2023-03-24 12:12:12', 3, NULL, NULL, 1),
(1056, 'MT-AS-1056', 1, 7, 4, NULL, NULL, 'ห้อง CHILL ROOM อาคาร1', NULL, '2023-03-24 12:12:12', 3, NULL, NULL, 1),
(1057, 'MT-AS-1057', 5, 8, 81, NULL, NULL, 'ห้อง CS B2', NULL, '2023-03-24 12:12:12', 3, NULL, NULL, 1),
(1058, 'MT-AS-1058', 5, 8, 81, NULL, NULL, 'ห้อง CS JPK', NULL, '2023-03-24 12:12:12', 3, NULL, NULL, 1),
(1059, 'MT-AS-1059', 2, 8, 90, NULL, NULL, 'ห้อง MDB อาคาร 2', NULL, '2023-03-24 12:12:12', 3, NULL, NULL, 1),
(1060, 'MT-AS-1060', 1, 7, 4, NULL, NULL, 'ห้อง P4', NULL, '2023-03-24 12:12:12', 3, NULL, NULL, 1),
(1061, 'MT-AS-1061', 2, 8, 83, NULL, NULL, 'ห้อง Server', NULL, '2023-03-24 12:12:12', 3, NULL, NULL, 1),
(1062, 'MT-AS-1062', 1, 7, 84, NULL, NULL, 'ห้อง Server', NULL, '2023-03-24 12:12:12', 3, NULL, NULL, 1),
(1063, 'MT-AS-1063', 1, 7, 4, NULL, NULL, 'ห้อง SMALL COLD ROOM (อ.8 )', NULL, '2023-03-24 12:12:12', 3, NULL, NULL, 1),
(1064, 'MT-AS-1064', 1, 7, 4, NULL, NULL, 'ห้องASRS 1 (อาคาร 8 ) คอยค์ 1', NULL, '2023-03-24 12:12:12', 3, NULL, NULL, 1),
(1065, 'MT-AS-1065', 1, 7, 4, NULL, NULL, 'ห้องASRS 1 (อาคาร 8 ) คอยค์ 2', NULL, '2023-03-24 12:12:12', 3, NULL, NULL, 1),
(1066, 'MT-AS-1066', 1, 7, 4, NULL, NULL, 'ห้องASRS 1 (อาคาร 8 ) คอยค์ 3', NULL, '2023-03-24 12:12:12', 3, NULL, NULL, 1),
(1067, 'MT-AS-1067', 1, 7, 4, NULL, NULL, 'ห้องASRS 1 (อาคาร 8 ) คอยค์ 4', NULL, '2023-03-24 12:12:12', 3, NULL, NULL, 1),
(1068, 'MT-AS-1068', 1, 7, 4, NULL, NULL, 'ห้องASRS 2 (อาคาร 8 ) คอยค์ 1', NULL, '2023-03-24 12:12:12', 3, NULL, NULL, 1),
(1069, 'MT-AS-1069', 1, 7, 4, NULL, NULL, 'ห้องASRS 2 (อาคาร 8 ) คอยค์ 2', NULL, '2023-03-24 12:12:12', 3, NULL, NULL, 1),
(1070, 'MT-AS-1070', 2, 8, 91, NULL, NULL, 'ห้องควบคุมระบบทำความเย็น', NULL, '2023-03-24 12:12:12', 3, NULL, NULL, 1),
(1071, 'MT-AS-1071', 2, 8, 90, NULL, NULL, 'ห้องควบคุมโซล่าเซล', NULL, '2023-03-24 12:12:12', 3, NULL, NULL, 1),
(1072, 'MT-AS-1072', 1, 7, 85, NULL, NULL, 'ห้องน้ำ', NULL, '2023-03-24 12:12:12', 3, NULL, NULL, 1),
(1073, 'MT-AS-1073', 1, 7, 85, NULL, NULL, 'ห้องน้ำชาย', NULL, '2023-03-24 12:12:12', 3, NULL, NULL, 1),
(1074, 'MT-AS-1074', 2, 8, 85, NULL, NULL, 'ห้องน้ำชายด้านหน้า', NULL, '2023-03-24 12:12:12', 3, NULL, NULL, 1),
(1075, 'MT-AS-1075', 2, 8, 85, NULL, NULL, 'ห้องน้ำชายด้านหลัง', NULL, '2023-03-24 12:12:12', 3, NULL, NULL, 1),
(1076, 'MT-AS-1076', 2, 8, 85, NULL, NULL, 'ห้องน้ำชายออฟฟิศชั้น 1', NULL, '2023-03-24 12:12:12', 3, NULL, NULL, 1),
(1077, 'MT-AS-1077', 2, 8, 85, NULL, NULL, 'ห้องน้ำชายออฟฟิศชั้น 2', NULL, '2023-03-24 12:12:12', 3, NULL, NULL, 1),
(1078, 'MT-AS-1078', 2, 8, 85, NULL, NULL, 'ห้องน้ำชายออฟฟิศชั้น 3', NULL, '2023-03-24 12:12:12', 3, NULL, NULL, 1),
(1079, 'MT-AS-1079', 1, 7, 85, NULL, NULL, 'ห้องน้ำหญิง', NULL, '2023-03-24 12:12:12', 3, NULL, NULL, 1),
(1080, 'MT-AS-1080', 2, 8, 85, NULL, NULL, 'ห้องน้ำหญิงด้านหน้า', NULL, '2023-03-24 12:12:12', 3, NULL, NULL, 1),
(1081, 'MT-AS-1081', 2, 8, 85, NULL, NULL, 'ห้องน้ำหญิงด้านหลัง', NULL, '2023-03-24 12:12:12', 3, NULL, NULL, 1),
(1082, 'MT-AS-1082', 2, 8, 85, NULL, NULL, 'ห้องน้ำหญิงออฟฟิศชั้น 1', NULL, '2023-03-24 12:12:12', 3, NULL, NULL, 1),
(1083, 'MT-AS-1083', 2, 8, 85, NULL, NULL, 'ห้องน้ำหญิงออฟฟิศชั้น 2', NULL, '2023-03-24 12:12:12', 3, NULL, NULL, 1),
(1084, 'MT-AS-1084', 2, 8, 85, NULL, NULL, 'ห้องน้ำหญิงออฟฟิศชั้น 3', NULL, '2023-03-24 12:12:12', 3, NULL, NULL, 1),
(1085, 'MT-AS-1085', 5, 8, 85, NULL, NULL, 'ห้องน้ำออฟฟิศชั้น 2', NULL, '2023-03-24 12:12:12', 3, NULL, NULL, 1),
(1086, 'MT-AS-1086', 5, 8, 85, NULL, NULL, 'ห้องน้ำออฟฟิศชั้น 3', NULL, '2023-03-24 12:12:12', 3, NULL, NULL, 1),
(1087, 'MT-AS-1087', 5, 8, 85, NULL, NULL, 'ห้องน้ำอาคาร B2', NULL, '2023-03-24 12:12:12', 3, NULL, NULL, 1),
(1088, 'MT-AS-1088', 5, 8, 85, NULL, NULL, 'ห้องน้ำโหลด 1', NULL, '2023-03-24 12:12:12', 3, NULL, NULL, 1),
(1089, 'MT-AS-1089', 5, 8, 85, NULL, NULL, 'ห้องน้ำโหลด 2', NULL, '2023-03-24 12:12:12', 3, NULL, NULL, 1),
(1090, 'MT-AS-1090', 5, 8, 82, NULL, NULL, 'ห้องประชุม 1', NULL, '2023-03-24 12:12:12', 3, NULL, NULL, 1),
(1091, 'MT-AS-1091', 5, 8, 82, NULL, NULL, 'ห้องประชุม 2', NULL, '2023-03-24 12:12:12', 3, NULL, NULL, 1),
(1092, 'MT-AS-1092', 5, 8, 82, NULL, NULL, 'ห้องประชุม 3', NULL, '2023-03-24 12:12:12', 3, NULL, NULL, 1),
(1093, 'MT-AS-1093', 2, 8, 82, NULL, NULL, 'ห้องประชุมชั้น 1', NULL, '2023-03-24 12:12:12', 3, NULL, NULL, 1),
(1094, 'MT-AS-1094', 2, 8, 82, NULL, NULL, 'ห้องประชุมชั้น 2', NULL, '2023-03-24 12:12:12', 3, NULL, NULL, 1),
(1095, 'MT-AS-1095', 2, 8, 82, NULL, NULL, 'ห้องประชุมชั้น 3', NULL, '2023-03-24 12:12:12', 3, NULL, NULL, 1),
(1096, 'MT-AS-1096', 1, 7, 88, NULL, NULL, 'ห้องพักปลา', NULL, '2023-03-24 12:12:12', 3, NULL, NULL, 1),
(1097, 'MT-AS-1097', 1, 7, 96, NULL, NULL, 'ห้องฟรีส', NULL, '2023-03-24 12:12:12', 3, NULL, NULL, 1),
(1098, 'MT-AS-1098', 2, 8, 28, NULL, NULL, 'ห้องฟรีส 1', NULL, '2023-03-24 12:12:12', 3, NULL, NULL, 1),
(1099, 'MT-AS-1099', 1, 7, 99, NULL, NULL, 'ห้องฟรีส 1', NULL, '2023-03-24 12:12:12', 3, NULL, NULL, 1),
(1100, 'MT-AS-1100', 2, 8, 28, NULL, NULL, 'ห้องฟรีส 2', NULL, '2023-03-24 12:12:12', 3, NULL, NULL, 1),
(1101, 'MT-AS-1101', 1, 7, 99, NULL, NULL, 'ห้องฟรีส 2', NULL, '2023-03-24 12:12:12', 3, NULL, NULL, 1),
(1102, 'MT-AS-1102', 2, 8, 28, NULL, NULL, 'ห้องฟรีส 3', NULL, '2023-03-24 12:12:12', 3, NULL, NULL, 1),
(1103, 'MT-AS-1103', 1, 7, 99, NULL, NULL, 'ห้องฟรีส 3', NULL, '2023-03-24 12:12:12', 3, NULL, NULL, 1),
(1104, 'MT-AS-1104', 2, 8, 96, NULL, NULL, 'ห้องฟรีส 4', NULL, '2023-03-24 12:12:12', 3, NULL, NULL, 1),
(1105, 'MT-AS-1105', 1, 7, 99, NULL, NULL, 'ห้องฟรีส 4', NULL, '2023-03-24 12:12:12', 3, NULL, NULL, 1),
(1106, 'MT-AS-1106', 2, 8, 96, NULL, NULL, 'ห้องฟรีส 5', NULL, '2023-03-24 12:12:12', 3, NULL, NULL, 1),
(1107, 'MT-AS-1107', 1, 7, 99, NULL, NULL, 'ห้องฟรีส 5', NULL, '2023-03-24 12:12:12', 3, NULL, NULL, 1),
(1108, 'MT-AS-1108', 2, 8, 96, NULL, NULL, 'ห้องฟรีส 6', NULL, '2023-03-24 12:12:12', 3, NULL, NULL, 1),
(1109, 'MT-AS-1109', 1, 7, 99, NULL, NULL, 'ห้องฟรีส 6', NULL, '2023-03-24 12:12:12', 3, NULL, NULL, 1),
(1110, 'MT-AS-1110', 1, 7, 96, NULL, NULL, 'ห้องฟรีส 7', NULL, '2023-03-24 12:12:12', 3, NULL, NULL, 1),
(1111, 'MT-AS-1111', 1, 7, 96, NULL, NULL, 'ห้องฟรีส 8', NULL, '2023-03-24 12:12:12', 3, NULL, NULL, 1),
(1112, 'MT-AS-1112', 1, 7, 88, NULL, NULL, 'ห้องรับรอง', NULL, '2023-03-24 12:12:12', 3, NULL, NULL, 1),
(1113, 'MT-AS-1113', 2, 8, 81, NULL, NULL, 'ห้องรับรองลูกค้า', NULL, '2023-03-24 12:12:12', 3, NULL, NULL, 1),
(1114, 'MT-AS-1114', 1, 7, 88, NULL, NULL, 'ห้องรับวัตถุดิบ', NULL, '2023-03-24 12:12:12', 3, NULL, NULL, 1),
(1115, 'MT-AS-1115', 2, 8, 88, NULL, NULL, 'ห้องรับสด', NULL, '2023-03-24 12:12:12', 3, NULL, NULL, 1),
(1116, 'MT-AS-1116', 2, 8, 4, NULL, NULL, 'ห้องละลายสินค้า 10 คอยล์ 1', NULL, '2023-03-24 12:12:12', 3, NULL, NULL, 1),
(1117, 'MT-AS-1117', 2, 8, 4, NULL, NULL, 'ห้องละลายสินค้า 8 คอยล์ 1', NULL, '2023-03-24 12:12:12', 3, NULL, NULL, 1),
(1118, 'MT-AS-1118', 1, 7, 88, NULL, NULL, 'ห้องอบปลา', NULL, '2023-03-24 12:12:12', 3, NULL, NULL, 1),
(1119, 'MT-AS-1119', 1, 7, 4, NULL, NULL, 'ห้องอบปลา คอยค์ 1', NULL, '2023-03-24 12:12:12', 3, NULL, NULL, 1),
(1120, 'MT-AS-1120', 1, 7, 4, NULL, NULL, 'ห้องอบปลา คอยค์ 2', NULL, '2023-03-24 12:12:12', 3, NULL, NULL, 1),
(1121, 'MT-AS-1121', 2, 8, 4, NULL, NULL, 'ห้องเก็บ 1 คอยล์ 1', NULL, '2023-03-24 12:12:12', 3, NULL, NULL, 1),
(1122, 'MT-AS-1122', 2, 8, 4, NULL, NULL, 'ห้องเก็บ 1 คอยล์ 2', NULL, '2023-03-24 12:12:12', 3, NULL, NULL, 1),
(1123, 'MT-AS-1123', 2, 8, 4, NULL, NULL, 'ห้องเก็บ 1 คอยล์ 3', NULL, '2023-03-24 12:12:12', 3, NULL, NULL, 1),
(1124, 'MT-AS-1124', 2, 8, 4, NULL, NULL, 'ห้องเก็บ 1 คอยล์ 4', NULL, '2023-03-24 12:12:12', 3, NULL, NULL, 1),
(1125, 'MT-AS-1125', 1, 7, 4, NULL, NULL, 'ห้องเก็บ 10 คอยด์ 1', NULL, '2023-03-24 12:12:12', 3, NULL, NULL, 1),
(1126, 'MT-AS-1126', 1, 7, 4, NULL, NULL, 'ห้องเก็บ 10 คอยด์ 2', NULL, '2023-03-24 12:12:12', 3, NULL, NULL, 1),
(1127, 'MT-AS-1127', 1, 7, 4, NULL, NULL, 'ห้องเก็บ 10 คอยด์ 3', NULL, '2023-03-24 12:12:12', 3, NULL, NULL, 1),
(1128, 'MT-AS-1128', 1, 7, 4, NULL, NULL, 'ห้องเก็บ 11 คอยด์ 1', NULL, '2023-03-24 12:12:12', 3, NULL, NULL, 1),
(1129, 'MT-AS-1129', 1, 7, 4, NULL, NULL, 'ห้องเก็บ 11 คอยด์ 2', NULL, '2023-03-24 12:12:12', 3, NULL, NULL, 1),
(1130, 'MT-AS-1130', 2, 8, 4, NULL, NULL, 'ห้องเก็บ 11 คอยล์ 1', NULL, '2023-03-24 12:12:12', 3, NULL, NULL, 1),
(1131, 'MT-AS-1131', 2, 8, 4, NULL, NULL, 'ห้องเก็บ 11 คอยล์ 2', NULL, '2023-03-24 12:12:12', 3, NULL, NULL, 1),
(1132, 'MT-AS-1132', 2, 8, 4, NULL, NULL, 'ห้องเก็บ 11 คอยล์ 3', NULL, '2023-03-24 12:12:12', 3, NULL, NULL, 1),
(1133, 'MT-AS-1133', 2, 8, 4, NULL, NULL, 'ห้องเก็บ 11 คอยล์ 4', NULL, '2023-03-24 12:12:12', 3, NULL, NULL, 1),
(1134, 'MT-AS-1134', 2, 8, 4, NULL, NULL, 'ห้องเก็บ 11 คอยล์ 5', NULL, '2023-03-24 12:12:12', 3, NULL, NULL, 1),
(1135, 'MT-AS-1135', 2, 8, 4, NULL, NULL, 'ห้องเก็บ 12', NULL, '2023-03-24 12:12:12', 3, NULL, NULL, 1),
(1136, 'MT-AS-1136', 1, 7, 4, NULL, NULL, 'ห้องเก็บ 12 คอยด์ 1', NULL, '2023-03-24 12:12:12', 3, NULL, NULL, 1),
(1137, 'MT-AS-1137', 1, 7, 4, NULL, NULL, 'ห้องเก็บ 12 คอยด์ 2', NULL, '2023-03-24 12:12:12', 3, NULL, NULL, 1),
(1138, 'MT-AS-1138', 1, 7, 4, NULL, NULL, 'ห้องเก็บ 13 คอยด์ 1', NULL, '2023-03-24 12:12:12', 3, NULL, NULL, 1),
(1139, 'MT-AS-1139', 1, 7, 4, NULL, NULL, 'ห้องเก็บ 13 คอยด์ 2', NULL, '2023-03-24 12:12:12', 3, NULL, NULL, 1),
(1140, 'MT-AS-1140', 1, 7, 4, NULL, NULL, 'ห้องเก็บ 14 คอยด์ 1', NULL, '2023-03-24 12:12:12', 3, NULL, NULL, 1),
(1141, 'MT-AS-1141', 1, 7, 4, NULL, NULL, 'ห้องเก็บ 14 คอยด์ 2', NULL, '2023-03-24 12:12:12', 3, NULL, NULL, 1),
(1142, 'MT-AS-1142', 1, 7, 4, NULL, NULL, 'ห้องเก็บ 14 คอยด์ 3', NULL, '2023-03-24 12:12:12', 3, NULL, NULL, 1),
(1143, 'MT-AS-1143', 1, 7, 4, NULL, NULL, 'ห้องเก็บ 15 คอยด์ 1', NULL, '2023-03-24 12:12:12', 3, NULL, NULL, 1),
(1144, 'MT-AS-1144', 1, 7, 4, NULL, NULL, 'ห้องเก็บ 15 คอยด์ 2', NULL, '2023-03-24 12:12:12', 3, NULL, NULL, 1),
(1145, 'MT-AS-1145', 1, 7, 4, NULL, NULL, 'ห้องเก็บ 16 คอยด์ 1', NULL, '2023-03-24 12:12:12', 3, NULL, NULL, 1),
(1146, 'MT-AS-1146', 1, 7, 4, NULL, NULL, 'ห้องเก็บ 16 คอยด์ 2', NULL, '2023-03-24 12:12:12', 3, NULL, NULL, 1),
(1147, 'MT-AS-1147', 1, 7, 4, NULL, NULL, 'ห้องเก็บ 17 คอยด์ 1', NULL, '2023-03-24 12:12:12', 3, NULL, NULL, 1),
(1148, 'MT-AS-1148', 1, 7, 4, NULL, NULL, 'ห้องเก็บ 17 คอยด์ 2', NULL, '2023-03-24 12:12:12', 3, NULL, NULL, 1),
(1149, 'MT-AS-1149', 1, 7, 4, NULL, NULL, 'ห้องเก็บ 18 คอยด์ 1', NULL, '2023-03-24 12:12:12', 3, NULL, NULL, 1),
(1150, 'MT-AS-1150', 1, 7, 4, NULL, NULL, 'ห้องเก็บ 18 คอยด์ 2', NULL, '2023-03-24 12:12:12', 3, NULL, NULL, 1),
(1151, 'MT-AS-1151', 1, 7, 4, NULL, NULL, 'ห้องเก็บ 19 คอยด์ 1', NULL, '2023-03-24 12:12:12', 3, NULL, NULL, 1),
(1152, 'MT-AS-1152', 1, 7, 4, NULL, NULL, 'ห้องเก็บ 19 คอยด์ 2', NULL, '2023-03-24 12:12:12', 3, NULL, NULL, 1),
(1153, 'MT-AS-1153', 2, 8, 4, NULL, NULL, 'ห้องเก็บ 2 คอยล์ 1', NULL, '2023-03-24 12:12:12', 3, NULL, NULL, 1),
(1154, 'MT-AS-1154', 2, 8, 4, NULL, NULL, 'ห้องเก็บ 2 คอยล์ 2', NULL, '2023-03-24 12:12:12', 3, NULL, NULL, 1),
(1155, 'MT-AS-1155', 2, 8, 4, NULL, NULL, 'ห้องเก็บ 2 คอยล์ 3', NULL, '2023-03-24 12:12:12', 3, NULL, NULL, 1),
(1156, 'MT-AS-1156', 1, 7, 4, NULL, NULL, 'ห้องเก็บ 20 คอยด์ 1', NULL, '2023-03-24 12:12:12', 3, NULL, NULL, 1),
(1157, 'MT-AS-1157', 1, 7, 4, NULL, NULL, 'ห้องเก็บ 20 คอยด์ 2', NULL, '2023-03-24 12:12:12', 3, NULL, NULL, 1),
(1158, 'MT-AS-1158', 1, 7, 4, NULL, NULL, 'ห้องเก็บ 21 คอยด์ 1', NULL, '2023-03-24 12:12:12', 3, NULL, NULL, 1),
(1159, 'MT-AS-1159', 1, 7, 4, NULL, NULL, 'ห้องเก็บ 21 คอยด์ 2', NULL, '2023-03-24 12:12:12', 3, NULL, NULL, 1),
(1160, 'MT-AS-1160', 1, 7, 4, NULL, NULL, 'ห้องเก็บ 22 คอยด์ 1', NULL, '2023-03-24 12:12:12', 3, NULL, NULL, 1),
(1161, 'MT-AS-1161', 1, 7, 4, NULL, NULL, 'ห้องเก็บ 22 คอยด์ 2', NULL, '2023-03-24 12:12:12', 3, NULL, NULL, 1),
(1162, 'MT-AS-1162', 1, 7, 4, NULL, NULL, 'ห้องเก็บ 23 คอยด์ 1', NULL, '2023-03-24 12:12:12', 3, NULL, NULL, 1),
(1163, 'MT-AS-1163', 1, 7, 4, NULL, NULL, 'ห้องเก็บ 23 คอยด์ 2', NULL, '2023-03-24 12:12:12', 3, NULL, NULL, 1),
(1164, 'MT-AS-1164', 1, 7, 4, NULL, NULL, 'ห้องเก็บ 24 คอยด์ 1', NULL, '2023-03-24 12:12:12', 3, NULL, NULL, 1),
(1165, 'MT-AS-1165', 1, 7, 4, NULL, NULL, 'ห้องเก็บ 24 คอยด์ 2', NULL, '2023-03-24 12:12:12', 3, NULL, NULL, 1),
(1166, 'MT-AS-1166', 1, 7, 4, NULL, NULL, 'ห้องเก็บ 25 คอยด์ 1', NULL, '2023-03-24 12:12:12', 3, NULL, NULL, 1),
(1167, 'MT-AS-1167', 1, 7, 4, NULL, NULL, 'ห้องเก็บ 25 คอยด์ 2', NULL, '2023-03-24 12:12:12', 3, NULL, NULL, 1),
(1168, 'MT-AS-1168', 1, 7, 4, NULL, NULL, 'ห้องเก็บ 28 คอยด์ 1', NULL, '2023-03-24 12:12:12', 3, NULL, NULL, 1),
(1169, 'MT-AS-1169', 1, 7, 4, NULL, NULL, 'ห้องเก็บ 28 คอยด์ 2', NULL, '2023-03-24 12:12:12', 3, NULL, NULL, 1),
(1170, 'MT-AS-1170', 1, 7, 4, NULL, NULL, 'ห้องเก็บ 29 คอยด์ 1', NULL, '2023-03-24 12:12:12', 3, NULL, NULL, 1),
(1171, 'MT-AS-1171', 1, 7, 4, NULL, NULL, 'ห้องเก็บ 29 คอยด์ 2', NULL, '2023-03-24 12:12:12', 3, NULL, NULL, 1),
(1172, 'MT-AS-1172', 1, 7, 4, NULL, NULL, 'ห้องเก็บ 29 คอยด์ 3', NULL, '2023-03-24 12:12:12', 3, NULL, NULL, 1),
(1173, 'MT-AS-1173', 1, 7, 4, NULL, NULL, 'ห้องเก็บ 29 คอยด์ 4', NULL, '2023-03-24 12:12:12', 3, NULL, NULL, 1),
(1174, 'MT-AS-1174', 2, 8, 4, NULL, NULL, 'ห้องเก็บ 3 คอยล์ 1', NULL, '2023-03-24 12:12:12', 3, NULL, NULL, 1),
(1175, 'MT-AS-1175', 2, 8, 4, NULL, NULL, 'ห้องเก็บ 3 คอยล์ 2', NULL, '2023-03-24 12:12:12', 3, NULL, NULL, 1),
(1176, 'MT-AS-1176', 2, 8, 4, NULL, NULL, 'ห้องเก็บ 3 คอยล์ 3', NULL, '2023-03-24 12:12:12', 3, NULL, NULL, 1),
(1177, 'MT-AS-1177', 2, 8, 4, NULL, NULL, 'ห้องเก็บ 3 คอยล์ 4', NULL, '2023-03-24 12:12:12', 3, NULL, NULL, 1),
(1178, 'MT-AS-1178', 2, 8, 4, NULL, NULL, 'ห้องเก็บ 4 คอยล์ 1', NULL, '2023-03-24 12:12:12', 3, NULL, NULL, 1),
(1179, 'MT-AS-1179', 2, 8, 4, NULL, NULL, 'ห้องเก็บ 4 คอยล์ 2', NULL, '2023-03-24 12:12:12', 3, NULL, NULL, 1),
(1180, 'MT-AS-1180', 1, 7, 4, NULL, NULL, 'ห้องเก็บ 6 คอยด์ 1', NULL, '2023-03-24 12:12:12', 3, NULL, NULL, 1),
(1181, 'MT-AS-1181', 1, 7, 4, NULL, NULL, 'ห้องเก็บ 6 คอยด์ 2', NULL, '2023-03-24 12:12:12', 3, NULL, NULL, 1),
(1182, 'MT-AS-1182', 2, 8, 4, NULL, NULL, 'ห้องเก็บ 6 คอยล์ 1', NULL, '2023-03-24 12:12:12', 3, NULL, NULL, 1),
(1183, 'MT-AS-1183', 2, 8, 4, NULL, NULL, 'ห้องเก็บ 6 คอยล์ 2', NULL, '2023-03-24 12:12:12', 3, NULL, NULL, 1),
(1184, 'MT-AS-1184', 1, 7, 4, NULL, NULL, 'ห้องเก็บ 7 คอยด์ 1', NULL, '2023-03-24 12:12:12', 3, NULL, NULL, 1),
(1185, 'MT-AS-1185', 1, 7, 4, NULL, NULL, 'ห้องเก็บ 7 คอยด์ 2', NULL, '2023-03-24 12:12:12', 3, NULL, NULL, 1),
(1186, 'MT-AS-1186', 1, 7, 4, NULL, NULL, 'ห้องเก็บ 7 คอยด์ 3', NULL, '2023-03-24 12:12:12', 3, NULL, NULL, 1),
(1187, 'MT-AS-1187', 2, 8, 4, NULL, NULL, 'ห้องเก็บ 7 คอยล์ 1', NULL, '2023-03-24 12:12:12', 3, NULL, NULL, 1),
(1188, 'MT-AS-1188', 1, 7, 4, NULL, NULL, 'ห้องเก็บ 8 คอยด์ 1', NULL, '2023-03-24 12:12:12', 3, NULL, NULL, 1),
(1189, 'MT-AS-1189', 1, 7, 4, NULL, NULL, 'ห้องเก็บ 8 คอยด์ 2', NULL, '2023-03-24 12:12:12', 3, NULL, NULL, 1),
(1190, 'MT-AS-1190', 1, 7, 4, NULL, NULL, 'ห้องเก็บ 8 คอยด์ 3', NULL, '2023-03-24 12:12:12', 3, NULL, NULL, 1),
(1191, 'MT-AS-1191', 1, 7, 4, NULL, NULL, 'ห้องเก็บ 8 คอยด์ 4', NULL, '2023-03-24 12:12:12', 3, NULL, NULL, 1),
(1192, 'MT-AS-1192', 1, 7, 4, NULL, NULL, 'ห้องเก็บ 9 คอยด์ 1', NULL, '2023-03-24 12:12:12', 3, NULL, NULL, 1),
(1193, 'MT-AS-1193', 1, 7, 4, NULL, NULL, 'ห้องเก็บ 9 คอยด์ 2', NULL, '2023-03-24 12:12:12', 3, NULL, NULL, 1),
(1194, 'MT-AS-1194', 1, 7, 4, NULL, NULL, 'ห้องเก็บ 9 คอยด์ 3', NULL, '2023-03-24 12:12:12', 3, NULL, NULL, 1),
(1195, 'MT-AS-1195', 1, 7, 4, NULL, NULL, 'ห้องเก็บ 9 คอยด์ 4', NULL, '2023-03-24 12:12:12', 3, NULL, NULL, 1),
(1196, 'MT-AS-1196', 2, 8, 4, NULL, NULL, 'ห้องเก็บ 9 คอยล์ 1', NULL, '2023-03-24 12:12:12', 3, NULL, NULL, 1),
(1197, 'MT-AS-1197', 2, 8, 4, NULL, NULL, 'ห้องเก็บ 9 คอยล์ 2', NULL, '2023-03-24 12:12:12', 3, NULL, NULL, 1),
(1198, 'MT-AS-1198', 2, 8, 4, NULL, NULL, 'ห้องเก็บ 9 คอยล์ 3', NULL, '2023-03-24 12:12:12', 3, NULL, NULL, 1),
(1199, 'MT-AS-1199', 5, 8, 4, NULL, NULL, 'ห้องเก็บ AM01 คอยล์ 1', NULL, '2023-03-24 12:12:12', 3, NULL, NULL, 1),
(1200, 'MT-AS-1200', 5, 8, 4, NULL, NULL, 'ห้องเก็บ AM01 คอยล์ 2', NULL, '2023-03-24 12:12:12', 3, NULL, NULL, 1),
(1201, 'MT-AS-1201', 5, 8, 4, NULL, NULL, 'ห้องเก็บ AM01 คอยล์ 3', NULL, '2023-03-24 12:12:12', 3, NULL, NULL, 1),
(1202, 'MT-AS-1202', 5, 8, 4, NULL, NULL, 'ห้องเก็บ AM01 คอยล์ 4', NULL, '2023-03-24 12:12:12', 3, NULL, NULL, 1),
(1203, 'MT-AS-1203', 5, 8, 4, NULL, NULL, 'ห้องเก็บ AM02 คอยล์ 1', NULL, '2023-03-24 12:12:12', 3, NULL, NULL, 1),
(1204, 'MT-AS-1204', 5, 8, 4, NULL, NULL, 'ห้องเก็บ AM02 คอยล์ 2', NULL, '2023-03-24 12:12:12', 3, NULL, NULL, 1),
(1205, 'MT-AS-1205', 5, 8, 4, NULL, NULL, 'ห้องเก็บ AM02 คอยล์ 3', NULL, '2023-03-24 12:12:12', 3, NULL, NULL, 1),
(1206, 'MT-AS-1206', 5, 8, 4, NULL, NULL, 'ห้องเก็บ AM02 คอยล์ 4', NULL, '2023-03-24 12:12:12', 3, NULL, NULL, 1),
(1207, 'MT-AS-1207', 5, 8, 4, NULL, NULL, 'ห้องเก็บ AM03 คอยล์ 1', NULL, '2023-03-24 12:12:12', 3, NULL, NULL, 1),
(1208, 'MT-AS-1208', 5, 8, 4, NULL, NULL, 'ห้องเก็บ AM03 คอยล์ 2', NULL, '2023-03-24 12:12:12', 3, NULL, NULL, 1),
(1209, 'MT-AS-1209', 5, 8, 4, NULL, NULL, 'ห้องเก็บ AM03 คอยล์ 3', NULL, '2023-03-24 12:12:12', 3, NULL, NULL, 1),
(1210, 'MT-AS-1210', 5, 8, 4, NULL, NULL, 'ห้องเก็บ AM03 คอยล์ 4', NULL, '2023-03-24 12:12:12', 3, NULL, NULL, 1),
(1211, 'MT-AS-1211', 5, 8, 4, NULL, NULL, 'ห้องเก็บ ARO1 คอยล์ 1', NULL, '2023-03-24 12:12:12', 3, NULL, NULL, 1),
(1212, 'MT-AS-1212', 5, 8, 4, NULL, NULL, 'ห้องเก็บ ARO2 คอยล์ 1', NULL, '2023-03-24 12:12:12', 3, NULL, NULL, 1),
(1213, 'MT-AS-1213', 5, 8, 4, NULL, NULL, 'ห้องเก็บ ARO2 คอยล์ 2', NULL, '2023-03-24 12:12:12', 3, NULL, NULL, 1),
(1214, 'MT-AS-1214', 5, 8, 4, NULL, NULL, 'ห้องเก็บ ARO2 คอยล์ 3', NULL, '2023-03-24 12:12:12', 3, NULL, NULL, 1),
(1215, 'MT-AS-1215', 5, 8, 4, NULL, NULL, 'ห้องเก็บ ARO3 คอยล์ 1', NULL, '2023-03-24 12:12:12', 3, NULL, NULL, 1),
(1216, 'MT-AS-1216', 5, 8, 4, NULL, NULL, 'ห้องเก็บ ARO3 คอยล์ 2', NULL, '2023-03-24 12:12:12', 3, NULL, NULL, 1),
(1217, 'MT-AS-1217', 1, 7, 4, NULL, NULL, 'ห้องเก็บ เบอร์ 1', NULL, '2023-03-24 12:12:12', 3, NULL, NULL, 1),
(1218, 'MT-AS-1218', 1, 7, 4, NULL, NULL, 'ห้องเก็บ เบอร์ 2', NULL, '2023-03-24 12:12:12', 3, NULL, NULL, 1),
(1219, 'MT-AS-1219', 1, 7, 4, NULL, NULL, 'ห้องเก็บ เบอร์ 3', NULL, '2023-03-24 12:12:12', 3, NULL, NULL, 1),
(1220, 'MT-AS-1220', 1, 7, 4, NULL, NULL, 'ห้องเก็บ เบอร์ 4', NULL, '2023-03-24 12:12:12', 3, NULL, NULL, 1),
(1221, 'MT-AS-1221', 1, 7, 4, NULL, NULL, 'ห้องเก็บ เบอร์ 5 คอยด์ 1', NULL, '2023-03-24 12:12:12', 3, NULL, NULL, 1),
(1222, 'MT-AS-1222', 1, 7, 4, NULL, NULL, 'ห้องเก็บ เบอร์ 5 คอยด์ 2', NULL, '2023-03-24 12:12:12', 3, NULL, NULL, 1),
(1223, 'MT-AS-1223', 1, 7, 95, NULL, NULL, 'ห้องเก็บสินค้า', NULL, '2023-03-24 12:12:12', 3, NULL, NULL, 1),
(1224, 'MT-AS-1224', 1, 7, 88, NULL, NULL, 'ห้องเก็บสินค้า 1', NULL, '2023-03-24 12:12:12', 3, NULL, NULL, 1),
(1225, 'MT-AS-1225', 1, 7, 88, NULL, NULL, 'ห้องเก็บสินค้า 10', NULL, '2023-03-24 12:12:12', 3, NULL, NULL, 1),
(1226, 'MT-AS-1226', 1, 7, 88, NULL, NULL, 'ห้องเก็บสินค้า 11', NULL, '2023-03-24 12:12:12', 3, NULL, NULL, 1),
(1227, 'MT-AS-1227', 1, 7, 88, NULL, NULL, 'ห้องเก็บสินค้า 12', NULL, '2023-03-24 12:12:12', 3, NULL, NULL, 1),
(1228, 'MT-AS-1228', 1, 7, 88, NULL, NULL, 'ห้องเก็บสินค้า 13', NULL, '2023-03-24 12:12:12', 3, NULL, NULL, 1),
(1229, 'MT-AS-1229', 1, 7, 88, NULL, NULL, 'ห้องเก็บสินค้า 14', NULL, '2023-03-24 12:12:12', 3, NULL, NULL, 1),
(1230, 'MT-AS-1230', 1, 7, 88, NULL, NULL, 'ห้องเก็บสินค้า 15', NULL, '2023-03-24 12:12:12', 3, NULL, NULL, 1),
(1231, 'MT-AS-1231', 1, 7, 88, NULL, NULL, 'ห้องเก็บสินค้า 16', NULL, '2023-03-24 12:12:12', 3, NULL, NULL, 1),
(1232, 'MT-AS-1232', 1, 7, 88, NULL, NULL, 'ห้องเก็บสินค้า 17', NULL, '2023-03-24 12:12:12', 3, NULL, NULL, 1),
(1233, 'MT-AS-1233', 1, 7, 88, NULL, NULL, 'ห้องเก็บสินค้า 18', NULL, '2023-03-24 12:12:12', 3, NULL, NULL, 1),
(1234, 'MT-AS-1234', 1, 7, 88, NULL, NULL, 'ห้องเก็บสินค้า 19', NULL, '2023-03-24 12:12:12', 3, NULL, NULL, 1),
(1235, 'MT-AS-1235', 1, 7, 88, NULL, NULL, 'ห้องเก็บสินค้า 2', NULL, '2023-03-24 12:12:12', 3, NULL, NULL, 1),
(1236, 'MT-AS-1236', 1, 7, 88, NULL, NULL, 'ห้องเก็บสินค้า 20', NULL, '2023-03-24 12:12:12', 3, NULL, NULL, 1),
(1237, 'MT-AS-1237', 1, 7, 88, NULL, NULL, 'ห้องเก็บสินค้า 21', NULL, '2023-03-24 12:12:12', 3, NULL, NULL, 1),
(1238, 'MT-AS-1238', 1, 7, 88, NULL, NULL, 'ห้องเก็บสินค้า 22', NULL, '2023-03-24 12:12:12', 3, NULL, NULL, 1),
(1239, 'MT-AS-1239', 1, 7, 88, NULL, NULL, 'ห้องเก็บสินค้า 23', NULL, '2023-03-24 12:12:12', 3, NULL, NULL, 1),
(1240, 'MT-AS-1240', 1, 7, 88, NULL, NULL, 'ห้องเก็บสินค้า 24', NULL, '2023-03-24 12:12:12', 3, NULL, NULL, 1),
(1241, 'MT-AS-1241', 1, 7, 88, NULL, NULL, 'ห้องเก็บสินค้า 25', NULL, '2023-03-24 12:12:12', 3, NULL, NULL, 1),
(1242, 'MT-AS-1242', 1, 7, 88, NULL, NULL, 'ห้องเก็บสินค้า 3', NULL, '2023-03-24 12:12:12', 3, NULL, NULL, 1),
(1243, 'MT-AS-1243', 1, 7, 88, NULL, NULL, 'ห้องเก็บสินค้า 30', NULL, '2023-03-24 12:12:12', 3, NULL, NULL, 1),
(1244, 'MT-AS-1244', 1, 7, 88, NULL, NULL, 'ห้องเก็บสินค้า 4', NULL, '2023-03-24 12:12:12', 3, NULL, NULL, 1),
(1245, 'MT-AS-1245', 1, 7, 88, NULL, NULL, 'ห้องเก็บสินค้า 5', NULL, '2023-03-24 12:12:12', 3, NULL, NULL, 1),
(1246, 'MT-AS-1246', 1, 7, 88, NULL, NULL, 'ห้องเก็บสินค้า 6', NULL, '2023-03-24 12:12:12', 3, NULL, NULL, 1),
(1247, 'MT-AS-1247', 1, 7, 88, NULL, NULL, 'ห้องเก็บสินค้า 7', NULL, '2023-03-24 12:12:12', 3, NULL, NULL, 1),
(1248, 'MT-AS-1248', 1, 7, 88, NULL, NULL, 'ห้องเก็บสินค้า 8', NULL, '2023-03-24 12:12:12', 3, NULL, NULL, 1),
(1249, 'MT-AS-1249', 1, 7, 88, NULL, NULL, 'ห้องเก็บสินค้า 9', NULL, '2023-03-24 12:12:12', 3, NULL, NULL, 1),
(1250, 'MT-AS-1250', 1, 7, 88, NULL, NULL, 'ห้องเก็บสินค้า ASRS1', NULL, '2023-03-24 12:12:12', 3, NULL, NULL, 1),
(1251, 'MT-AS-1251', 1, 7, 88, NULL, NULL, 'ห้องเก็บสินค้า ASRS2', NULL, '2023-03-24 12:12:12', 3, NULL, NULL, 1),
(1252, 'MT-AS-1252', 1, 7, 88, NULL, NULL, 'ห้องเก็บสินค้า P3', NULL, '2023-03-24 12:12:12', 3, NULL, NULL, 1),
(1253, 'MT-AS-1253', 1, 7, 88, NULL, NULL, 'ห้องเก็บสินค้า P4', NULL, '2023-03-24 12:12:12', 3, NULL, NULL, 1),
(1254, 'MT-AS-1254', 1, 7, 88, NULL, NULL, 'ห้องเก็บสินค้าโมบาย', NULL, '2023-03-24 12:12:12', 3, NULL, NULL, 1),
(1255, 'MT-AS-1255', 1, 7, 88, NULL, NULL, 'ห้องเก็บสินค้าโมบาย 1', NULL, '2023-03-24 12:12:12', 3, NULL, NULL, 1),
(1256, 'MT-AS-1256', 1, 7, 88, NULL, NULL, 'ห้องเก็บสินค้าโมบาย 2', NULL, '2023-03-24 12:12:12', 3, NULL, NULL, 1),
(1257, 'MT-AS-1257', 1, 7, 88, NULL, NULL, 'ห้องเก็บสินค้าโมบาย 3', NULL, '2023-03-24 12:12:12', 3, NULL, NULL, 1),
(1258, 'MT-AS-1258', 1, 7, 88, NULL, NULL, 'ห้องเก็บสินค้าโมบาย 4', NULL, '2023-03-24 12:12:12', 3, NULL, NULL, 1),
(1259, 'MT-AS-1259', 1, 7, 88, NULL, NULL, 'ห้องเก็บสินค้าโมบาย 5', NULL, '2023-03-24 12:12:12', 3, NULL, NULL, 1),
(1260, 'MT-AS-1260', 1, 7, 88, NULL, NULL, 'ห้องเก็บสินค้าโมบาย 6', NULL, '2023-03-24 12:12:12', 3, NULL, NULL, 1),
(1261, 'MT-AS-1261', 5, 8, 143, NULL, NULL, 'ห้องแต่งตัวทีมฟรีส', NULL, '2023-03-24 12:12:12', 3, NULL, NULL, 1),
(1262, 'MT-AS-1262', 1, 7, 94, NULL, NULL, 'ห้องแพ็ค', NULL, '2023-03-24 12:12:12', 3, NULL, NULL, 1),
(1263, 'MT-AS-1263', 1, 7, 4, NULL, NULL, 'ห้องแพ็ค (อาคาร 4)', NULL, '2023-03-24 12:12:12', 3, NULL, NULL, 1),
(1264, 'MT-AS-1264', 1, 7, 4, NULL, NULL, 'ห้องแพ็ค 1 (อาคาร 1)', NULL, '2023-03-24 12:12:12', 3, NULL, NULL, 1),
(1265, 'MT-AS-1265', 1, 7, 4, NULL, NULL, 'ห้องแพ็ค 2 (อาคาร 1)', NULL, '2023-03-24 12:12:12', 3, NULL, NULL, 1),
(1266, 'MT-AS-1266', 5, 8, 4, NULL, NULL, 'ห้องแพ็คกิ้งฟรีส', NULL, '2023-03-24 12:12:12', 3, NULL, NULL, 1),
(1267, 'MT-AS-1267', 1, 7, 4, NULL, NULL, 'ห้องโมบาย 1 (อาคาร8) คอยค์ 1', NULL, '2023-03-24 12:12:12', 3, NULL, NULL, 1),
(1268, 'MT-AS-1268', 1, 7, 4, NULL, NULL, 'ห้องโมบาย 1 (อาคาร8) คอยค์ 2', NULL, '2023-03-24 12:12:12', 3, NULL, NULL, 1),
(1269, 'MT-AS-1269', 1, 7, 4, NULL, NULL, 'ห้องโมบาย 1 คอยด์ 1', NULL, '2023-03-24 12:12:12', 3, NULL, NULL, 1),
(1270, 'MT-AS-1270', 1, 7, 4, NULL, NULL, 'ห้องโมบาย 1 คอยด์ 2', NULL, '2023-03-24 12:12:12', 3, NULL, NULL, 1),
(1271, 'MT-AS-1271', 1, 7, 4, NULL, NULL, 'ห้องโมบาย 1 คอยด์ 3', NULL, '2023-03-24 12:12:12', 3, NULL, NULL, 1),
(1272, 'MT-AS-1272', 1, 7, 4, NULL, NULL, 'ห้องโมบาย 1 คอยด์ 4', NULL, '2023-03-24 12:12:12', 3, NULL, NULL, 1),
(1273, 'MT-AS-1273', 1, 7, 4, NULL, NULL, 'ห้องโมบาย 1 คอยด์ 5', NULL, '2023-03-24 12:12:12', 3, NULL, NULL, 1),
(1274, 'MT-AS-1274', 1, 7, 4, NULL, NULL, 'ห้องโมบาย 1 คอยด์ 6', NULL, '2023-03-24 12:12:12', 3, NULL, NULL, 1),
(1275, 'MT-AS-1275', 1, 7, 4, NULL, NULL, 'ห้องโมบาย 2 คอยด์ 1', NULL, '2023-03-24 12:12:12', 3, NULL, NULL, 1),
(1276, 'MT-AS-1276', 1, 7, 4, NULL, NULL, 'ห้องโมบาย 2 คอยด์ 10', NULL, '2023-03-24 12:12:12', 3, NULL, NULL, 1),
(1277, 'MT-AS-1277', 1, 7, 4, NULL, NULL, 'ห้องโมบาย 2 คอยด์ 2', NULL, '2023-03-24 12:12:12', 3, NULL, NULL, 1),
(1278, 'MT-AS-1278', 1, 7, 4, NULL, NULL, 'ห้องโมบาย 2 คอยด์ 3', NULL, '2023-03-24 12:12:12', 3, NULL, NULL, 1),
(1279, 'MT-AS-1279', 1, 7, 4, NULL, NULL, 'ห้องโมบาย 2 คอยด์ 4', NULL, '2023-03-24 12:12:12', 3, NULL, NULL, 1),
(1280, 'MT-AS-1280', 1, 7, 4, NULL, NULL, 'ห้องโมบาย 2 คอยด์ 5', NULL, '2023-03-24 12:12:12', 3, NULL, NULL, 1),
(1281, 'MT-AS-1281', 1, 7, 4, NULL, NULL, 'ห้องโมบาย 2 คอยด์ 6', NULL, '2023-03-24 12:12:12', 3, NULL, NULL, 1),
(1282, 'MT-AS-1282', 1, 7, 4, NULL, NULL, 'ห้องโมบาย 2 คอยด์ 7', NULL, '2023-03-24 12:12:12', 3, NULL, NULL, 1),
(1283, 'MT-AS-1283', 1, 7, 4, NULL, NULL, 'ห้องโมบาย 2 คอยด์ 8', NULL, '2023-03-24 12:12:12', 3, NULL, NULL, 1),
(1284, 'MT-AS-1284', 1, 7, 4, NULL, NULL, 'ห้องโมบาย 2 คอยด์ 9', NULL, '2023-03-24 12:12:12', 3, NULL, NULL, 1),
(1285, 'MT-AS-1285', 1, 7, 4, NULL, NULL, 'ห้องโมบาย 3 คอยด์ 1', NULL, '2023-03-24 12:12:12', 3, NULL, NULL, 1),
(1286, 'MT-AS-1286', 1, 7, 4, NULL, NULL, 'ห้องโมบาย 3 คอยด์ 2', NULL, '2023-03-24 12:12:12', 3, NULL, NULL, 1),
(1287, 'MT-AS-1287', 1, 7, 4, NULL, NULL, 'ห้องโมบาย 3 คอยด์ 3', NULL, '2023-03-24 12:12:12', 3, NULL, NULL, 1),
(1288, 'MT-AS-1288', 1, 7, 4, NULL, NULL, 'ห้องโมบาย 3 คอยด์ 4', NULL, '2023-03-24 12:12:12', 3, NULL, NULL, 1),
(1289, 'MT-AS-1289', 1, 7, 4, NULL, NULL, 'ห้องโมบาย 4 คอยด์ 1', NULL, '2023-03-24 12:12:12', 3, NULL, NULL, 1),
(1290, 'MT-AS-1290', 1, 7, 4, NULL, NULL, 'ห้องโมบาย 4 คอยด์ 2', NULL, '2023-03-24 12:12:12', 3, NULL, NULL, 1),
(1291, 'MT-AS-1291', 1, 7, 4, NULL, NULL, 'ห้องโมบาย 5 คอยด์ 1', NULL, '2023-03-24 12:12:12', 3, NULL, NULL, 1),
(1292, 'MT-AS-1292', 1, 7, 4, NULL, NULL, 'ห้องโมบาย 5 คอยด์ 2', NULL, '2023-03-24 12:12:12', 3, NULL, NULL, 1),
(1293, 'MT-AS-1293', 1, 7, 4, NULL, NULL, 'ห้องโมบาย 5 คอยด์ 3', NULL, '2023-03-24 12:12:12', 3, NULL, NULL, 1),
(1294, 'MT-AS-1294', 1, 7, 4, NULL, NULL, 'ห้องโมบาย 5 คอยด์ 4', NULL, '2023-03-24 12:12:12', 3, NULL, NULL, 1),
(1295, 'MT-AS-1295', 1, 7, 4, NULL, NULL, 'ห้องโมบาย 6 คอยด์ 1', NULL, '2023-03-24 12:12:12', 3, NULL, NULL, 1),
(1296, 'MT-AS-1296', 1, 7, 4, NULL, NULL, 'ห้องโมบาย 6 คอยด์ 2', NULL, '2023-03-24 12:12:12', 3, NULL, NULL, 1),
(1297, 'MT-AS-1297', 1, 7, 4, NULL, NULL, 'ห้องโมบาย 6 คอยด์ 3', NULL, '2023-03-24 12:12:12', 3, NULL, NULL, 1),
(1298, 'MT-AS-1298', 1, 7, 4, NULL, NULL, 'ห้องโมบาย 6 คอยด์ 4', NULL, '2023-03-24 12:12:12', 3, NULL, NULL, 1),
(1299, 'MT-AS-1299', 1, 7, 4, NULL, NULL, 'ห้องโมบาย 6 คอยด์ 5', NULL, '2023-03-24 12:12:12', 3, NULL, NULL, 1),
(1300, 'MT-AS-1300', 1, 7, 4, NULL, NULL, 'ห้องโมบาย 6 คอยด์ 6', NULL, '2023-03-24 12:12:12', 3, NULL, NULL, 1),
(1301, 'MT-AS-1301', 1, 7, 143, NULL, NULL, 'หอพัก', NULL, '2023-03-24 12:12:12', 3, NULL, NULL, 1),
(1302, 'MT-AS-1302', 1, 7, 102, NULL, NULL, 'ออฟฟิต', NULL, '2023-03-24 12:12:12', 3, NULL, NULL, 1),
(1303, 'MT-AS-1303', 1, 7, 102, NULL, NULL, 'ออฟฟิต CS', NULL, '2023-03-24 12:12:12', 3, NULL, NULL, 1),
(1304, 'MT-AS-1304', 5, 8, 81, NULL, NULL, 'ออฟฟิศ 1 อาคาร THPD', NULL, '2023-03-24 12:12:12', 3, NULL, NULL, 1),
(1305, 'MT-AS-1305', 5, 8, 81, NULL, NULL, 'ออฟฟิศ 2 อาคาร THPD', NULL, '2023-03-24 12:12:12', 3, NULL, NULL, 1),
(1306, 'MT-AS-1306', 5, 8, 81, NULL, NULL, 'ออฟฟิศ 3 อาคาร THPD', NULL, '2023-03-24 12:12:12', 3, NULL, NULL, 1),
(1307, 'MT-AS-1307', 2, 8, 81, NULL, NULL, 'ออฟฟิศ CS', NULL, '2023-03-24 12:12:12', 3, NULL, NULL, 1),
(1308, 'MT-AS-1308', 2, 8, 81, NULL, NULL, 'ออฟฟิศชั้น 1', NULL, '2023-03-24 12:12:12', 3, NULL, NULL, 1),
(1309, 'MT-AS-1309', 2, 8, 81, NULL, NULL, 'ออฟฟิศชั้น 2', NULL, '2023-03-24 12:12:12', 3, NULL, NULL, 1),
(1310, 'MT-AS-1310', 2, 8, 81, NULL, NULL, 'ออฟฟิศชั้น 3', NULL, '2023-03-24 12:12:12', 3, NULL, NULL, 1),
(1311, 'MT-AS-1311', 5, 8, 81, NULL, NULL, 'ออฟฟิศวิศวกรรม', NULL, '2023-03-24 12:12:12', 3, NULL, NULL, 1),
(1312, 'MT-AS-1312', 5, 8, 81, NULL, NULL, 'ออฟฟิิศสำนักงานชั้น 2', NULL, '2023-03-24 12:12:12', 3, NULL, NULL, 1),
(1313, 'MT-AS-1313', 1, 7, 143, NULL, NULL, 'อาคาร', NULL, '2023-03-24 12:12:12', 3, NULL, NULL, 1),
(1314, 'MT-AS-1314', 1, 7, 143, NULL, NULL, 'อาคาร 1', NULL, '2023-03-24 12:12:12', 3, NULL, NULL, 1),
(1315, 'MT-AS-1315', 1, 7, 143, NULL, NULL, 'อาคาร 2', NULL, '2023-03-24 12:12:12', 3, NULL, NULL, 1),
(1316, 'MT-AS-1316', 1, 7, 143, NULL, NULL, 'อาคาร 3', NULL, '2023-03-24 12:12:12', 3, NULL, NULL, 1),
(1317, 'MT-AS-1317', 1, 7, 143, NULL, NULL, 'อาคาร 4', NULL, '2023-03-24 12:12:12', 3, NULL, NULL, 1),
(1318, 'MT-AS-1318', 1, 7, 143, NULL, NULL, 'อาคาร 5', NULL, '2023-03-24 12:12:12', 3, NULL, NULL, 1),
(1319, 'MT-AS-1319', 1, 7, 143, NULL, NULL, 'อาคาร 6', NULL, '2023-03-24 12:12:12', 3, NULL, NULL, 1),
(1320, 'MT-AS-1320', 1, 7, 143, NULL, NULL, 'อาคาร 7', NULL, '2023-03-24 12:12:12', 3, NULL, NULL, 1),
(1321, 'MT-AS-1321', 1, 7, 143, NULL, NULL, 'อาคาร 8', NULL, '2023-03-24 12:12:12', 3, NULL, NULL, 1),
(1322, 'MT-AS-1322', 2, 8, 143, NULL, NULL, 'อาคาร A', NULL, '2023-03-24 12:12:12', 3, NULL, NULL, 1),
(1323, 'MT-AS-1323', 2, 8, 143, NULL, NULL, 'อาคาร B', NULL, '2023-03-24 12:12:12', 3, NULL, NULL, 1),
(1324, 'MT-AS-1324', 5, 8, 143, NULL, NULL, 'อาคาร B1', NULL, '2023-03-24 12:12:12', 3, NULL, NULL, 1),
(1325, 'MT-AS-1325', 5, 8, 143, NULL, NULL, 'อาคาร B2', NULL, '2023-03-24 12:12:12', 3, NULL, NULL, 1),
(1326, 'MT-AS-1326', 2, 8, 143, NULL, NULL, 'อาคาร C', NULL, '2023-03-24 12:12:12', 3, NULL, NULL, 1),
(1327, 'MT-AS-1327', 5, 8, 143, NULL, NULL, 'อาคาร JPK', NULL, '2023-03-24 12:12:12', 3, NULL, NULL, 1),
(1328, 'MT-AS-1328', 1, 7, 119, NULL, NULL, 'อ่างจุ่มเท้า', NULL, '2023-03-24 12:12:12', 3, NULL, NULL, 1),
(1329, 'MT-AS-1329', 1, 7, 119, NULL, NULL, 'อ่างล้างจาน', NULL, '2023-03-24 12:12:12', 3, NULL, NULL, 1),
(1330, 'MT-AS-1330', 1, 7, 119, NULL, NULL, 'อ่างล้างมือ', NULL, '2023-03-24 12:12:12', 3, NULL, NULL, 1),
(1331, 'MT-AS-1331', 1, 7, 119, NULL, NULL, 'อ่างล้างหน้า', NULL, '2023-03-24 12:12:12', 3, NULL, NULL, 1),
(1332, 'MT-AS-1332', 5, 8, 77, NULL, NULL, 'อินฟาเรด เทอร์โมมิเตอร์', NULL, '2023-03-24 12:12:12', 3, NULL, NULL, 1),
(1333, 'MT-AS-1333', 1, 7, 14, NULL, NULL, 'อีแว๊ป ดาดฟ้า อาคาร4', NULL, '2023-03-24 12:12:12', 3, NULL, NULL, 1),
(1334, 'MT-AS-1334', 1, 7, 14, NULL, NULL, 'อีแว๊ป ดาดฟ้า อาคาร6', NULL, '2023-03-24 12:12:12', 3, NULL, NULL, 1);
INSERT INTO `tb_machine_master` (`id_machine`, `machine_code`, `ref_id_site`, `ref_id_dept`, `ref_id_menu`, `ref_id_sub_menu`, `model_name`, `name_machine`, `detail_machine`, `mc_adddate`, `ref_id_user_add`, `mc_editdate`, `ref_id_user_edit`, `status_machine`) VALUES
(1335, 'MT-AS-1335', 1, 7, 14, NULL, NULL, 'อีแว๊ป ดาดฟ้าอาคาร1', NULL, '2023-03-24 12:12:12', 3, NULL, NULL, 1),
(1336, 'MT-AS-1336', 1, 7, 14, NULL, NULL, 'อีแว๊ป ดาดฟ้าอาคาร3', NULL, '2023-03-24 12:12:12', 3, NULL, NULL, 1),
(1337, 'MT-AS-1337', 1, 7, 120, NULL, NULL, 'เก้าอี้', NULL, '2023-03-24 12:12:12', 3, NULL, NULL, 1),
(1338, 'MT-AS-1338', 2, 8, 56, NULL, NULL, 'เครื่อง Metal Detector', NULL, '2023-03-24 12:12:12', 3, NULL, NULL, 1),
(1339, 'MT-AS-1339', 1, 7, 109, NULL, NULL, 'เครื่องกดสบู่เหลว', NULL, '2023-03-24 12:12:12', 3, NULL, NULL, 1),
(1340, 'MT-AS-1340', 2, 8, 72, NULL, NULL, 'เครื่องขัดพื้น (่Scrubber Floor)', NULL, '2023-03-24 12:12:12', 3, NULL, NULL, 1),
(1341, 'MT-AS-1341', 5, 8, 149, NULL, NULL, 'เครื่องฉีดน้ำแรงดันสูง', NULL, '2023-03-24 12:12:12', 3, NULL, NULL, 1),
(1342, 'MT-AS-1342', 1, 7, 109, NULL, NULL, 'เครื่องฉีดแอลกอฮอล์', NULL, '2023-03-24 12:12:12', 3, NULL, NULL, 1),
(1343, 'MT-AS-1343', 1, 7, 56, NULL, NULL, 'เครื่องตรวจจับโลหะ อาคาร1', NULL, '2023-03-24 12:12:12', 3, NULL, NULL, 1),
(1344, 'MT-AS-1344', 5, 8, 6, NULL, NULL, 'เครื่องตรวจวัดแอมโมเนีย', NULL, '2023-03-24 12:12:12', 3, NULL, NULL, 1),
(1345, 'MT-AS-1345', 5, 8, 6, NULL, NULL, 'เครื่องตรวจวัดแอมโมเนียแบบพกพา', NULL, '2023-03-24 12:12:12', 3, NULL, NULL, 1),
(1346, 'MT-AS-1346', 1, 7, 107, NULL, NULL, 'เครื่องถ่ายเอกสาร', NULL, '2023-03-24 12:12:12', 3, NULL, NULL, 1),
(1347, 'MT-AS-1347', 1, 7, 43, NULL, NULL, 'เครื่องทำน้ำเย็น อ.6', NULL, '2023-03-24 12:12:12', 3, NULL, NULL, 1),
(1348, 'MT-AS-1348', 1, 7, 43, NULL, NULL, 'เครื่องทำน้ำเย็นออฟฟิศหน้าบริษัท', NULL, '2023-03-24 12:12:12', 3, NULL, NULL, 1),
(1349, 'MT-AS-1349', 1, 7, 43, NULL, NULL, 'เครื่องทำน้ำเย็นโรงอาหาร', NULL, '2023-03-24 12:12:12', 3, NULL, NULL, 1),
(1350, 'MT-AS-1350', 1, 7, 107, NULL, NULL, 'เครื่องปริ้น', NULL, '2023-03-24 12:12:12', 3, NULL, NULL, 1),
(1351, 'MT-AS-1351', 5, 8, 149, NULL, NULL, 'เครื่องพ่นยา,สำหรับฉีดล้าง', NULL, '2023-03-24 12:12:12', 3, NULL, NULL, 1),
(1352, 'MT-AS-1352', 2, 8, 146, NULL, NULL, 'เครื่องพันฟิล์ม', NULL, '2023-03-24 12:12:12', 3, NULL, NULL, 1),
(1353, 'MT-AS-1353', 1, 7, 61, NULL, NULL, 'เครื่องยิงทราย', NULL, '2023-03-24 12:12:12', 3, NULL, NULL, 1),
(1354, 'MT-AS-1354', 2, 8, 55, NULL, NULL, 'เครื่องรัดกล่อง (Stap the Box)', NULL, '2023-03-24 12:12:12', 3, NULL, NULL, 1),
(1355, 'MT-AS-1355', 2, 8, 55, NULL, NULL, 'เครื่องรัดกล่อง (Stape the Box)', NULL, '2023-03-24 12:12:12', 3, NULL, NULL, 1),
(1356, 'MT-AS-1356', 1, 7, 55, NULL, NULL, 'เครื่องรัดกล่อง อาคาร1', NULL, '2023-03-24 12:12:12', 3, NULL, NULL, 1),
(1357, 'MT-AS-1357', 5, 8, 32, NULL, NULL, 'เครื่องรีดถุง', NULL, '2023-03-24 12:12:12', 3, NULL, NULL, 1),
(1358, 'MT-AS-1358', 2, 8, 32, NULL, NULL, 'เครื่องรีดถุงเพลา 2 ชั้นสเตนเลส(Press Beg)', NULL, '2023-03-24 12:12:12', 3, NULL, NULL, 1),
(1359, 'MT-AS-1359', 2, 8, 145, NULL, NULL, 'เครื่องล้างกะบะ', NULL, '2023-03-24 12:12:12', 3, NULL, NULL, 1),
(1360, 'MT-AS-1360', 5, 8, 33, NULL, NULL, 'เครื่องล้างถาด', NULL, '2023-03-24 12:12:12', 3, NULL, NULL, 1),
(1361, 'MT-AS-1361', 1, 7, 108, NULL, NULL, 'เครื่องเคลือบบัตร', NULL, '2023-03-24 12:12:12', 3, NULL, NULL, 1),
(1362, 'MT-AS-1362', 2, 8, 26, NULL, NULL, 'เครื่องไฟดักแมลง 1', NULL, '2023-03-24 12:12:12', 3, NULL, NULL, 1),
(1363, 'MT-AS-1363', 2, 8, 26, NULL, NULL, 'เครื่องไฟดักแมลง 10', NULL, '2023-03-24 12:12:12', 3, NULL, NULL, 1),
(1364, 'MT-AS-1364', 2, 8, 26, NULL, NULL, 'เครื่องไฟดักแมลง 11', NULL, '2023-03-24 12:12:12', 3, NULL, NULL, 1),
(1365, 'MT-AS-1365', 2, 8, 26, NULL, NULL, 'เครื่องไฟดักแมลง 12', NULL, '2023-03-24 12:12:12', 3, NULL, NULL, 1),
(1366, 'MT-AS-1366', 2, 8, 26, NULL, NULL, 'เครื่องไฟดักแมลง 13', NULL, '2023-03-24 12:12:12', 3, NULL, NULL, 1),
(1367, 'MT-AS-1367', 2, 8, 26, NULL, NULL, 'เครื่องไฟดักแมลง 14', NULL, '2023-03-24 12:12:12', 3, NULL, NULL, 1),
(1368, 'MT-AS-1368', 2, 8, 26, NULL, NULL, 'เครื่องไฟดักแมลง 2', NULL, '2023-03-24 12:12:12', 3, NULL, NULL, 1),
(1369, 'MT-AS-1369', 2, 8, 26, NULL, NULL, 'เครื่องไฟดักแมลง 3', NULL, '2023-03-24 12:12:12', 3, NULL, NULL, 1),
(1370, 'MT-AS-1370', 2, 8, 26, NULL, NULL, 'เครื่องไฟดักแมลง 4', NULL, '2023-03-24 12:12:12', 3, NULL, NULL, 1),
(1371, 'MT-AS-1371', 2, 8, 26, NULL, NULL, 'เครื่องไฟดักแมลง 5', NULL, '2023-03-24 12:12:12', 3, NULL, NULL, 1),
(1372, 'MT-AS-1372', 2, 8, 26, NULL, NULL, 'เครื่องไฟดักแมลง 6', NULL, '2023-03-24 12:12:12', 3, NULL, NULL, 1),
(1373, 'MT-AS-1373', 2, 8, 26, NULL, NULL, 'เครื่องไฟดักแมลง 7', NULL, '2023-03-24 12:12:12', 3, NULL, NULL, 1),
(1374, 'MT-AS-1374', 2, 8, 26, NULL, NULL, 'เครื่องไฟดักแมลง 8', NULL, '2023-03-24 12:12:12', 3, NULL, NULL, 1),
(1375, 'MT-AS-1375', 2, 8, 26, NULL, NULL, 'เครื่องไฟดักแมลง 9', NULL, '2023-03-24 12:12:12', 3, NULL, NULL, 1),
(1376, 'MT-AS-1376', 5, 8, 81, NULL, NULL, 'เคาเตอร์ประชาสัมพันธ์', NULL, '2023-03-24 12:12:12', 3, NULL, NULL, 1),
(1377, 'MT-AS-1377', 1, 7, 112, NULL, NULL, 'เตาอบ', NULL, '2023-03-24 12:12:12', 3, NULL, NULL, 1),
(1378, 'MT-AS-1378', 5, 8, 5, NULL, NULL, 'เทอร์โมมิเตอร์', NULL, '2023-03-24 12:12:12', 3, NULL, NULL, 1),
(1379, 'MT-AS-1379', 5, 8, 5, NULL, NULL, 'เทอร์โมมิเตอร์(มาสเตอร์)', NULL, '2023-03-24 12:12:12', 3, NULL, NULL, 1),
(1380, 'MT-AS-1380', 1, 7, 100, NULL, NULL, 'เสากันชน', NULL, '2023-03-24 12:12:12', 3, NULL, NULL, 1),
(1381, 'MT-AS-1381', 1, 7, 113, NULL, NULL, 'แบตเตอร์รี่', NULL, '2023-03-24 12:12:12', 3, NULL, NULL, 1),
(1382, 'MT-AS-1382', 1, 7, 42, NULL, NULL, 'แอร์', NULL, '2023-03-24 12:12:12', 3, NULL, NULL, 1),
(1383, 'MT-AS-1383', 1, 7, 42, NULL, NULL, 'แอร์ [220 V]บ้านพักลูกค้า อ.6', NULL, '2023-03-24 12:12:12', 3, NULL, NULL, 1),
(1384, 'MT-AS-1384', 1, 7, 42, NULL, NULL, 'แอร์ [220 V]บ้านพักลูกค้า อ.7', NULL, '2023-03-24 12:12:12', 3, NULL, NULL, 1),
(1385, 'MT-AS-1385', 1, 7, 42, NULL, NULL, 'แอร์ [220 V]ป้อมตาชั่งรถบรรทุก อ.8', NULL, '2023-03-24 12:12:12', 3, NULL, NULL, 1),
(1386, 'MT-AS-1386', 1, 7, 42, NULL, NULL, 'แอร์ [220 V]สำนักงานชั่วคราวPLP อ.8', NULL, '2023-03-24 12:12:12', 3, NULL, NULL, 1),
(1387, 'MT-AS-1387', 1, 7, 42, NULL, NULL, 'แอร์ [220 V]ห้องInventory อ.6', NULL, '2023-03-24 12:12:12', 3, NULL, NULL, 1),
(1388, 'MT-AS-1388', 1, 7, 42, NULL, NULL, 'แอร์ [220 V]ห้องคอนโทรลโซล่า อ.1', NULL, '2023-03-24 12:12:12', 3, NULL, NULL, 1),
(1389, 'MT-AS-1389', 1, 7, 42, NULL, NULL, 'แอร์ [220 V]ห้องคุณอัจฉรา ออฟฟิศหน้าบริษัท', NULL, '2023-03-24 12:12:12', 3, NULL, NULL, 1),
(1390, 'MT-AS-1390', 1, 7, 42, NULL, NULL, 'แอร์ [220 V]ห้องบัญชี-การเงิน ออฟฟิศหน้าบริษัท', NULL, '2023-03-24 12:12:12', 3, NULL, NULL, 1),
(1391, 'MT-AS-1391', 1, 7, 42, NULL, NULL, 'แอร์ [220 V]ห้องพัฒนาธุรกิจ ออฟฟิศหน้าบริษัท', NULL, '2023-03-24 12:12:12', 3, NULL, NULL, 1),
(1392, 'MT-AS-1392', 1, 7, 42, NULL, NULL, 'แอร์ [220 V]ห้องพัฒนาธุรกิจ2 ออฟฟิศหน้าบริษัท', NULL, '2023-03-24 12:12:12', 3, NULL, NULL, 1),
(1393, 'MT-AS-1393', 1, 7, 42, NULL, NULL, 'แอร์ [220 V]ห้องพัฒนาธุรกิจ3 ออฟฟิศหน้าบริษัท', NULL, '2023-03-24 12:12:12', 3, NULL, NULL, 1),
(1394, 'MT-AS-1394', 1, 7, 42, NULL, NULL, 'แอร์ [220 V]ห้องพัฒนาธุรกิจ4 ออฟฟิศหน้าบริษัท', NULL, '2023-03-24 12:12:12', 3, NULL, NULL, 1),
(1395, 'MT-AS-1395', 1, 7, 42, NULL, NULL, 'แอร์ [380 V]ห้องประชุม ออฟฟิศหน้าบริษัท', NULL, '2023-03-24 12:12:12', 3, NULL, NULL, 1),
(1396, 'MT-AS-1396', 1, 7, 42, NULL, NULL, 'แอร์[220 V]CONTROL MOBILE RACK อ.6', NULL, '2023-03-24 12:12:12', 3, NULL, NULL, 1),
(1397, 'MT-AS-1397', 1, 7, 42, NULL, NULL, 'แอร์[220 V]ป้อมตาชั่งรถบรรทุกหน้าบริษัท', NULL, '2023-03-24 12:12:12', 3, NULL, NULL, 1),
(1398, 'MT-AS-1398', 1, 7, 42, NULL, NULL, 'แอร์[220 V]ห้องCUSโรงอาหาร', NULL, '2023-03-24 12:12:12', 3, NULL, NULL, 1),
(1399, 'MT-AS-1399', 1, 7, 42, NULL, NULL, 'แอร์[220 V]ห้องการตลาดออฟฟิศหน้าบริษัท', NULL, '2023-03-24 12:12:12', 3, NULL, NULL, 1),
(1400, 'MT-AS-1400', 1, 7, 42, NULL, NULL, 'แอร์[220 V]ห้องคอนโทรลSpiral อาคาร1', NULL, '2023-03-24 12:12:12', 3, NULL, NULL, 1),
(1401, 'MT-AS-1401', 1, 7, 42, NULL, NULL, 'แอร์[220 V]ห้องคอนโทรลอาคาร1', NULL, '2023-03-24 12:12:12', 3, NULL, NULL, 1),
(1402, 'MT-AS-1402', 1, 7, 42, NULL, NULL, 'แอร์[220 V]ห้องคอนโทรลโซล่า อ.6', NULL, '2023-03-24 12:12:12', 3, NULL, NULL, 1),
(1403, 'MT-AS-1403', 1, 7, 42, NULL, NULL, 'แอร์[220 V]ห้องทำงาน CUS อ.6', NULL, '2023-03-24 12:12:12', 3, NULL, NULL, 1),
(1404, 'MT-AS-1404', 1, 7, 42, NULL, NULL, 'แอร์[220 V]ห้องประชุม อาคาร 6', NULL, '2023-03-24 12:12:12', 3, NULL, NULL, 1),
(1405, 'MT-AS-1405', 1, 7, 42, NULL, NULL, 'แอร์[220 V]ห้องผู้จัการฝ่ายวิศวกรรม ออฟฟิศหน้า', NULL, '2023-03-24 12:12:12', 3, NULL, NULL, 1),
(1406, 'MT-AS-1406', 1, 7, 42, NULL, NULL, 'แอร์[220 V]ห้องรับประทานอาหารว่าง อาคาร1', NULL, '2023-03-24 12:12:12', 3, NULL, NULL, 1),
(1407, 'MT-AS-1407', 1, 7, 42, NULL, NULL, 'แอร์[220 V]ห้องลอจิสติกส์ออฟฟิศหน้าบริษัท', NULL, '2023-03-24 12:12:12', 3, NULL, NULL, 1),
(1408, 'MT-AS-1408', 1, 7, 42, NULL, NULL, 'แอร์[220 V]ห้องสัมมนา อาคาร1', NULL, '2023-03-24 12:12:12', 3, NULL, NULL, 1),
(1409, 'MT-AS-1409', 1, 7, 42, NULL, NULL, 'แอร์[220 V]ห้องเซิฟเวอร์ออฟฟิศหน้าบริษัท', NULL, '2023-03-24 12:12:12', 3, NULL, NULL, 1),
(1410, 'MT-AS-1410', 1, 7, 42, NULL, NULL, 'แอร์[380 V]หน้าประตูห้องบัญชีคลังออฟฟิศหน้าบริษัท', NULL, '2023-03-24 12:12:12', 3, NULL, NULL, 1),
(1411, 'MT-AS-1411', 1, 7, 42, NULL, NULL, 'แอร์[380 V]ห้องCUSโรงอาหาร', NULL, '2023-03-24 12:12:12', 3, NULL, NULL, 1),
(1412, 'MT-AS-1412', 1, 7, 42, NULL, NULL, 'แอร์[380 V]ห้องMDB ROOM อ.8', NULL, '2023-03-24 12:12:12', 3, NULL, NULL, 1),
(1413, 'MT-AS-1413', 1, 7, 42, NULL, NULL, 'แอร์[380 V]ห้องคอนโทรล อ.3', NULL, '2023-03-24 12:12:12', 3, NULL, NULL, 1),
(1414, 'MT-AS-1414', 1, 7, 42, NULL, NULL, 'แอร์[380 V]ห้องคอนโทรล อ.4', NULL, '2023-03-24 12:12:12', 3, NULL, NULL, 1),
(1415, 'MT-AS-1415', 1, 7, 42, NULL, NULL, 'แอร์[380 V]ห้องคอนโทรล อ.6', NULL, '2023-03-24 12:12:12', 3, NULL, NULL, 1),
(1416, 'MT-AS-1416', 1, 7, 42, NULL, NULL, 'แอร์[380 V]ห้องคอนโทรล อ.8', NULL, '2023-03-24 12:12:12', 3, NULL, NULL, 1),
(1417, 'MT-AS-1417', 1, 7, 42, NULL, NULL, 'แอร์[380 V]ห้องคุณจิตชัย ออฟฟิศหน้าบริษัท', NULL, '2023-03-24 12:12:12', 3, NULL, NULL, 1),
(1418, 'MT-AS-1418', 1, 7, 42, NULL, NULL, 'แอร์[380 V]ห้องสมุด ออฟฟิศหน้าบริษัท', NULL, '2023-03-24 12:12:12', 3, NULL, NULL, 1),
(1419, 'MT-AS-1419', 1, 7, 42, NULL, NULL, 'แอร์[380 V]ห้องสัมมนา อาคาร1', NULL, '2023-03-24 12:12:12', 3, NULL, NULL, 1),
(1420, 'MT-AS-1420', 1, 7, 42, NULL, NULL, 'แอร์[380 V]ห้องโถงล่าง ออฟฟิศหน้าบริษัท', NULL, '2023-03-24 12:12:12', 3, NULL, NULL, 1),
(1421, 'MT-AS-1421', 1, 7, 42, NULL, NULL, 'แอร์[380 Vห้องคอนโทรลโซล่า อ.4', NULL, '2023-03-24 12:12:12', 3, NULL, NULL, 1),
(1422, 'MT-AS-1422', 1, 7, 42, NULL, NULL, 'แอร์ทางเดิน CS อ.6', NULL, '2023-03-24 12:12:12', 3, NULL, NULL, 1),
(1423, 'MT-AS-1423', 1, 7, 42, NULL, NULL, 'แอร์หน้าห้องประชุม', NULL, '2023-03-24 12:12:12', 3, NULL, NULL, 1),
(1424, 'MT-AS-1424', 2, 8, 42, NULL, NULL, 'แอร์ห้อง Checking Post', NULL, '2023-03-24 12:12:12', 3, NULL, NULL, 1),
(1425, 'MT-AS-1425', 2, 8, 42, NULL, NULL, 'แอร์ห้อง CS', NULL, '2023-03-24 12:12:12', 3, NULL, NULL, 1),
(1426, 'MT-AS-1426', 2, 8, 42, NULL, NULL, 'แอร์ห้อง Sever  ตัวที่ 1', NULL, '2023-03-24 12:12:12', 3, NULL, NULL, 1),
(1427, 'MT-AS-1427', 2, 8, 42, NULL, NULL, 'แอร์ห้อง Sever  ตัวที่ 2', NULL, '2023-03-24 12:12:12', 3, NULL, NULL, 1),
(1428, 'MT-AS-1428', 1, 7, 42, NULL, NULL, 'แอร์ห้องQS.CUS โรงอาหาร', NULL, '2023-03-24 12:12:12', 3, NULL, NULL, 1),
(1429, 'MT-AS-1429', 2, 8, 42, NULL, NULL, 'แอร์ห้องคอนโทรล ตัวที่ 1', NULL, '2023-03-24 12:12:12', 3, NULL, NULL, 1),
(1430, 'MT-AS-1430', 2, 8, 42, NULL, NULL, 'แอร์ห้องคอนโทรล ตัวที่ 2', NULL, '2023-03-24 12:12:12', 3, NULL, NULL, 1),
(1431, 'MT-AS-1431', 2, 8, 42, NULL, NULL, 'แอร์ห้องคอนโทรล ตัวที่ 3', NULL, '2023-03-24 12:12:12', 3, NULL, NULL, 1),
(1432, 'MT-AS-1432', 1, 7, 42, NULL, NULL, 'แอร์ห้องคอนโทรล อ.7', NULL, '2023-03-24 12:12:12', 3, NULL, NULL, 1),
(1433, 'MT-AS-1433', 1, 7, 42, NULL, NULL, 'แอร์ห้องคอนโทรลระบบบำบัดน้ำเสีย', NULL, '2023-03-24 12:12:12', 3, NULL, NULL, 1),
(1434, 'MT-AS-1434', 2, 8, 42, NULL, NULL, 'แอร์ห้องทำงานกงศุลตัวที่ 1', NULL, '2023-03-24 12:12:12', 3, NULL, NULL, 1),
(1435, 'MT-AS-1435', 2, 8, 42, NULL, NULL, 'แอร์ห้องทำงานกงศุลตัวที่ 2', NULL, '2023-03-24 12:12:12', 3, NULL, NULL, 1),
(1436, 'MT-AS-1436', 2, 8, 42, NULL, NULL, 'แอร์ห้องทำงานกงศุลตัวที่ 3', NULL, '2023-03-24 12:12:12', 3, NULL, NULL, 1),
(1437, 'MT-AS-1437', 1, 7, 42, NULL, NULL, 'แอร์ห้องประชุม', NULL, '2023-03-24 12:12:12', 3, NULL, NULL, 1),
(1438, 'MT-AS-1438', 2, 8, 42, NULL, NULL, 'แอร์ห้องประชุมชั้น 1 ตัวที่ 1', NULL, '2023-03-24 12:12:12', 3, NULL, NULL, 1),
(1439, 'MT-AS-1439', 2, 8, 42, NULL, NULL, 'แอร์ห้องประชุมชั้น 2', NULL, '2023-03-24 12:12:12', 3, NULL, NULL, 1),
(1440, 'MT-AS-1440', 2, 8, 42, NULL, NULL, 'แอร์ห้องประชุมชั้น 3 ตัวที่ 1', NULL, '2023-03-24 12:12:12', 3, NULL, NULL, 1),
(1441, 'MT-AS-1441', 2, 8, 42, NULL, NULL, 'แอร์ห้องประชุมชั้น 3 ตัวที่ 2', NULL, '2023-03-24 12:12:12', 3, NULL, NULL, 1),
(1442, 'MT-AS-1442', 1, 7, 42, NULL, NULL, 'แอร์ห้องผู้จัดการCUS โรงอาหาร', NULL, '2023-03-24 12:12:12', 3, NULL, NULL, 1),
(1443, 'MT-AS-1443', 1, 7, 42, NULL, NULL, 'แอร์ห้องพนักงานCUS โรงอาหาร', NULL, '2023-03-24 12:12:12', 3, NULL, NULL, 1),
(1444, 'MT-AS-1444', 1, 7, 42, NULL, NULL, 'แอร์ห้องพนักงานWH', NULL, '2023-03-24 12:12:12', 3, NULL, NULL, 1),
(1445, 'MT-AS-1445', 1, 7, 42, NULL, NULL, 'แอร์ห้องรองผู้จัดการWH', NULL, '2023-03-24 12:12:12', 3, NULL, NULL, 1),
(1446, 'MT-AS-1446', 2, 8, 42, NULL, NULL, 'แอร์ห้องรับรองลูกค้า', NULL, '2023-03-24 12:12:12', 3, NULL, NULL, 1),
(1447, 'MT-AS-1447', 1, 7, 42, NULL, NULL, 'แอร์ห้องรับรองลูกค้าCUS', NULL, '2023-03-24 12:12:12', 3, NULL, NULL, 1),
(1448, 'MT-AS-1448', 2, 8, 42, NULL, NULL, 'แอร์ห้องโซล่าเซล ตัวที่ 1', NULL, '2023-03-24 12:12:12', 3, NULL, NULL, 1),
(1449, 'MT-AS-1449', 2, 8, 42, NULL, NULL, 'แอร์ห้องโซล่าเซล ตัวที่ 2', NULL, '2023-03-24 12:12:12', 3, NULL, NULL, 1),
(1450, 'MT-AS-1450', 2, 8, 42, NULL, NULL, 'แอร์ออฟฟิศชั้น 1 ตัวที่ 1', NULL, '2023-03-24 12:12:12', 3, NULL, NULL, 1),
(1451, 'MT-AS-1451', 2, 8, 42, NULL, NULL, 'แอร์ออฟฟิศชั้น 2 ตัวที่ 1', NULL, '2023-03-24 12:12:12', 3, NULL, NULL, 1),
(1452, 'MT-AS-1452', 2, 8, 42, NULL, NULL, 'แอร์ออฟฟิศชั้น 2 ตัวที่ 2', NULL, '2023-03-24 12:12:12', 3, NULL, NULL, 1),
(1453, 'MT-AS-1453', 2, 8, 42, NULL, NULL, 'แอร์ออฟฟิศชั้น 2 ตัวที่ 3', NULL, '2023-03-24 12:12:12', 3, NULL, NULL, 1),
(1454, 'MT-AS-1454', 2, 8, 42, NULL, NULL, 'แอร์ออฟฟิศชั้น 2 ตัวที่ 4', NULL, '2023-03-24 12:12:12', 3, NULL, NULL, 1),
(1455, 'MT-AS-1455', 2, 8, 42, NULL, NULL, 'แอร์ออฟฟิศชั้น 3 ตัวที่ 1', NULL, '2023-03-24 12:12:12', 3, NULL, NULL, 1),
(1456, 'MT-AS-1456', 2, 8, 42, NULL, NULL, 'แอร์ออฟฟิศชั้น 3 ตัวที่ 2', NULL, '2023-03-24 12:12:12', 3, NULL, NULL, 1),
(1457, 'MT-AS-1457', 1, 7, 120, NULL, NULL, 'โซฟา', NULL, '2023-03-24 12:12:12', 3, NULL, NULL, 1),
(1458, 'MT-AS-1458', 1, 7, 118, NULL, NULL, 'โต๊ะ', NULL, '2023-03-24 12:12:12', 3, NULL, NULL, 1),
(1459, 'MT-AS-1459', 5, 8, 118, NULL, NULL, 'โต๊ะเช็คเกอร์', NULL, '2023-03-24 12:12:12', 3, NULL, NULL, 1),
(1460, 'MT-AS-1460', 1, 7, 85, NULL, NULL, 'โถ่ปัสสาวะ', NULL, '2023-03-24 12:12:12', 3, NULL, NULL, 1),
(1461, 'MT-AS-1461', 2, 8, 88, NULL, NULL, 'โรงกรองน้ำ', NULL, '2023-03-24 12:12:12', 3, NULL, NULL, 1),
(1462, 'MT-AS-1462', 1, 7, 143, NULL, NULL, 'โรงกรองน้ำ', NULL, '2023-03-24 12:12:12', 3, NULL, NULL, 1),
(1463, 'MT-AS-1463', 1, 7, 100, NULL, NULL, 'โรงจอดรถ', NULL, '2023-03-24 12:12:12', 3, NULL, NULL, 1),
(1464, 'MT-AS-1464', 2, 8, 88, NULL, NULL, 'โรงอาหาร', NULL, '2023-03-24 12:12:12', 3, NULL, NULL, 1),
(1465, 'MT-AS-1465', 1, 7, 100, NULL, NULL, 'โรงอาหาร', NULL, '2023-03-24 12:12:12', 3, NULL, NULL, 1),
(1466, 'MT-AS-1466', 1, 7, 52, NULL, NULL, 'ไฟฉุกเฉิน อาคาร1', NULL, '2023-03-24 12:12:12', 3, NULL, NULL, 1),
(1467, 'MT-AS-1467', 1, 7, 52, NULL, NULL, 'ไฟฉุกเฉิน อาคาร2', NULL, '2023-03-24 12:12:12', 3, NULL, NULL, 1),
(1468, 'MT-AS-1468', 1, 7, 52, NULL, NULL, 'ไฟฉุกเฉิน อาคาร3', NULL, '2023-03-24 12:12:12', 3, NULL, NULL, 1),
(1469, 'MT-AS-1469', 1, 7, 52, NULL, NULL, 'ไฟฉุกเฉิน อาคาร4', NULL, '2023-03-24 12:12:12', 3, NULL, NULL, 1),
(1470, 'MT-AS-1470', 1, 7, 52, NULL, NULL, 'ไฟฉุกเฉิน อาคาร6', NULL, '2023-03-24 12:12:12', 3, NULL, NULL, 1),
(1471, 'MT-AS-1471', 1, 7, 26, NULL, NULL, 'ไฟดักแมลง อาคาร1', NULL, '2023-03-24 12:12:12', 3, NULL, NULL, 1),
(1472, 'MT-AS-1472', 1, 7, 26, NULL, NULL, 'ไฟดักแมลง อาคาร3', NULL, '2023-03-24 12:12:12', 3, NULL, NULL, 1),
(1473, 'MT-AS-1473', 1, 7, 26, NULL, NULL, 'ไฟดักแมลง อาคาร4', NULL, '2023-03-24 12:12:12', 3, NULL, NULL, 1),
(1474, 'MT-AS-1474', 1, 7, 26, NULL, NULL, 'ไฟดักแมลง อาคาร6', NULL, '2023-03-24 12:12:12', 3, NULL, NULL, 1),
(1475, 'MT-AS-1475', 1, 7, 26, NULL, NULL, 'ไฟดักแมลง อาคาร7', NULL, '2023-03-24 12:12:12', 3, NULL, NULL, 1),
(1476, 'MT-AS-1476', 1, 7, 26, NULL, NULL, 'ไฟดักแมลง อาคาร8', NULL, '2023-03-24 12:12:12', 3, NULL, NULL, 1),
(1477, 'MT-AS-1477', 1, 7, 26, NULL, NULL, 'ไฟดักแมลงทางเข้าSpiral อาคาร1', NULL, '2023-03-24 12:12:12', 3, NULL, NULL, 1),
(1478, 'MT-AS-1478', 1, 7, 150, NULL, NULL, 'ไฮเพรสเชอร์  EN2', NULL, '2023-03-24 12:12:12', 3, NULL, NULL, 1),
(1479, 'IT-AS-0001', 1, 13, 159, NULL, NULL, 'อุปกรณ์แผนก IT', 'ใช้แจ้งซ่อมอุปกรณ์แผนก IT ชั่วคราว', '2023-04-19 09:29:21', 8, NULL, NULL, 1),
(1480, 'MT-AS-1479', 3, 7, 165, NULL, NULL, 'ไม่ระบุ-ไม่ทราบชื่อ', 'ใช้แจ้งกรณีไม่มีข้อมูลเครื่องจักร', '2023-04-20 09:53:13', 4, NULL, NULL, 1),
(1481, 'MIS-AS-0001', 1, 14, 166, NULL, NULL, 'MIS ไม่ระบุ-ไม่ทราบชื่อ', 'ไม่ระบุ-ไม่ทราบชื่อ', '2023-04-21 09:27:45', 1, NULL, NULL, 2),
(1482, 'EN-AS-0001', 5, 8, 247, NULL, 'ออฟฟิศลูกค้าทูกบา', 'ออฟฟิศลูกค้าชั้น 3', 'ออฟฟิศห้องทำงาน', '2023-04-24 15:22:23', 17, NULL, NULL, 1),
(1483, 'IT-AS-0002', 1, 13, 156, NULL, NULL, 'งานซ่อมเกี่ยวกับ Hardware ทุก Device', 'งานซ่อมเกี่ยวกับ Hardware ทุก Device (PC-Notebook-Mobile-Other)', '2023-04-25 09:04:21', 1, NULL, NULL, 1),
(1484, 'IT-AS-0003', 1, 13, 157, NULL, NULL, 'งานซ่อมเกี่ยวกับ Software ทุก Device', 'งานซ่อมเกี่ยวกับ Software ทุก Device (OS-Software)', '2023-04-25 09:07:11', 1, NULL, NULL, 1),
(1485, 'IT-AS-0004', 1, 13, 158, NULL, NULL, 'งานซ่อมเกี่ยวกับ Network / LAN / WIFI', 'งานซ่อมเกี่ยวกับ Network เช่น อินเตอร์เน็ตมีปัญหา', '2023-04-25 09:08:04', 1, '2023-04-25 09:10:48', 1, 1),
(1486, 'IT-AS-0005', 1, 13, 155, NULL, NULL, 'งานซ่อมเกี่ยวกับ กล้องวงจรปิด CCTV', 'งานซ่อมเกี่ยวกับ กล้องวงจรปิด CCTV', '2023-04-25 09:08:52', 1, NULL, NULL, 1),
(1487, 'IT-AS-0006', 1, 13, 156, 164, NULL, 'งานซ่อมเกี่ยวกับ เครื่องพิมพ์ (Printer)', 'งานซ่อมเกี่ยวกับ เครื่องพิมพ์ (Printer) ทุกรุ่น ทุกประเภท (Laser / DOT / INK / Termal)', '2023-04-25 09:10:17', 1, '2023-04-25 09:12:13', 1, 1),
(1488, 'TP-AS-0001', 7, 4, 322, NULL, NULL, '71-0621', NULL, '2023-05-05 10:39:23', 50, NULL, NULL, 1),
(1489, 'TP-AS-0002', 7, 4, 322, NULL, NULL, '71-0622', NULL, '2023-05-05 10:40:29', 50, NULL, NULL, 1),
(1490, '65-MA-0-001', 4, 8, 333, NULL, NULL, 'งาน Dumper', NULL, '2023-05-30 16:16:16', 3, NULL, NULL, 1),
(1491, '65-EQ-0-001', 4, 8, 334, NULL, NULL, 'พาเลทคอนเทนเนอร์', NULL, '2023-05-30 16:16:16', 3, NULL, NULL, 1),
(1492, '65-EQ-0-002', 4, 8, 334, NULL, NULL, 'Socker เทปลา', NULL, '2023-05-30 16:16:16', 3, NULL, NULL, 1),
(1493, '65-EQ-0-003', 4, 8, 334, NULL, NULL, 'ปืนเป่าลม', NULL, '2023-05-30 16:16:16', 3, NULL, NULL, 1),
(1494, '65-EQ-0-004', 4, 8, 334, NULL, NULL, 'สว่านไร้สาย', NULL, '2023-05-30 16:16:16', 3, NULL, NULL, 1),
(1495, '65-EQ-0-005', 4, 8, 334, NULL, NULL, 'หน้ากากกันแอมโมเนียพร้อมตู้เก็บ', NULL, '2023-05-30 16:16:16', 3, NULL, NULL, 1),
(1496, '65-EQ-0-006', 4, 8, 334, NULL, NULL, 'ชั้นแขวนถุงมือ', NULL, '2023-05-30 16:16:16', 3, NULL, NULL, 1),
(1497, '65-EQ-0-007', 4, 8, 334, NULL, NULL, 'อ่างล้างมือพร้อมก็อกเซ็นเซอร์', NULL, '2023-05-30 16:16:16', 3, NULL, NULL, 1),
(1498, '65-EQ-0-008', 4, 8, 334, NULL, NULL, 'อ่างจุ่มเท้า', NULL, '2023-05-30 16:16:16', 3, NULL, NULL, 1),
(1499, '65-EQ-0-009', 4, 8, 334, NULL, NULL, 'ราวแขวนเอี๊ยม', NULL, '2023-05-30 16:16:16', 3, NULL, NULL, 1),
(1500, '65-EQ-0-010', 4, 8, 334, NULL, NULL, 'ชั้นวางรองเท้า', NULL, '2023-05-30 16:16:16', 3, NULL, NULL, 1),
(1501, '65-EQ-0-011', 4, 8, 334, NULL, NULL, 'เครื่องชั่งรถบรรทุก 80 ตัน', NULL, '2023-05-30 16:16:16', 3, NULL, NULL, 1),
(1502, '65-EQ-0-012', 4, 8, 334, NULL, NULL, 'รถลากชุบกาวาไนท์', NULL, '2023-05-30 16:16:16', 3, NULL, NULL, 1),
(1503, '65-EQ-0-013', 4, 8, 334, NULL, NULL, 'พัดลมผนัง 18 นิ้ว', NULL, '2023-05-30 16:16:16', 3, NULL, NULL, 1),
(1504, '65-EQ-0-014', 4, 8, 334, NULL, NULL, 'ตู้ล็อคเกอร์ 18 ช่อง', NULL, '2023-05-30 16:16:16', 3, NULL, NULL, 1),
(1505, '65-EQ-0-015', 4, 8, 334, NULL, NULL, 'ตู้กรองน้ำร้อน-เย็น', NULL, '2023-05-30 16:16:16', 3, NULL, NULL, 1),
(1506, '65-EQ-0-016', 4, 8, 334, NULL, NULL, 'เครื่องกรองน้ำดื่ม', NULL, '2023-05-30 16:16:16', 3, NULL, NULL, 1),
(1507, '65-EQ-0-017', 4, 8, 334, NULL, NULL, 'อ่างล้างมือสแตนเลส', NULL, '2023-05-30 16:16:16', 3, NULL, NULL, 1),
(1508, '65-EQ-0-018', 4, 8, 334, NULL, NULL, 'อ่างจุ่มเท้าสแตนเลส', NULL, '2023-05-30 16:16:16', 3, NULL, NULL, 1),
(1509, '65-EQ-0-019', 4, 8, 334, NULL, NULL, 'ชุดขาถาดเดรนน้ำพร้อมติดตั้ง', NULL, '2023-05-30 16:16:16', 3, NULL, NULL, 1),
(1510, '65-EQ-0-020', 4, 8, 334, NULL, NULL, 'ที่เสียบรองเท้าบู๊ท', NULL, '2023-05-30 16:16:16', 3, NULL, NULL, 1),
(1511, '65-EQ-0-021', 4, 8, 334, NULL, NULL, 'ขารองตู้ล็อคเกอร์', NULL, '2023-05-30 16:16:16', 3, NULL, NULL, 1),
(1512, '65-EQ-0-022', 4, 8, 334, NULL, NULL, 'โต๊ะเข็นสแตนเลส', NULL, '2023-05-30 16:16:16', 3, NULL, NULL, 1),
(1513, '65-EQ-0-023', 4, 8, 334, NULL, NULL, 'Electric Pallet Truck (Lithium)', NULL, '2023-05-30 16:16:16', 3, NULL, NULL, 1),
(1514, '65-EQ-0-024', 4, 8, 334, NULL, NULL, 'เทอร์โมมิเตอร์อินฟาเรด', NULL, '2023-05-30 16:16:16', 3, NULL, NULL, 1),
(1515, '65-EQ-0-025', 4, 8, 334, NULL, NULL, 'เทอร์โมมิเตอร์วัดร่างกาย', NULL, '2023-05-30 16:16:16', 3, NULL, NULL, 1),
(1516, '65-EQ-0-026', 4, 8, 334, NULL, NULL, 'เทอร์โมมิเตอร์ TESTO', NULL, '2023-05-30 16:16:16', 3, NULL, NULL, 1),
(1517, '65-EQ-0-027', 4, 8, 334, NULL, NULL, 'เครื่องดักแมลง', NULL, '2023-05-30 16:16:16', 3, NULL, NULL, 1),
(1518, '65-EQ-0-028', 4, 8, 334, NULL, NULL, 'เครื่องฉีดน้ำแรงดันสูง', NULL, '2023-05-30 16:16:16', 3, NULL, NULL, 1),
(1519, '65-EQ-0-029', 4, 8, 334, NULL, NULL, 'เครื่องเป่ามืออัตโนมัติ', NULL, '2023-05-30 16:16:16', 3, NULL, NULL, 1),
(1520, '65-EQ-0-030', 4, 8, 334, NULL, NULL, 'Handheld', NULL, '2023-05-30 16:16:16', 3, NULL, NULL, 1),
(1521, '65-EQ-0-031', 4, 8, 334, NULL, NULL, 'พาเลทคอนเทนเนอร์', NULL, '2023-05-30 16:16:16', 3, NULL, NULL, 1),
(1522, '65-EQ-0-032', 4, 8, 334, NULL, NULL, 'ถังน้ำ 500 ลิตร', NULL, '2023-05-30 16:16:16', 3, NULL, NULL, 1),
(1523, '65-EQ-0-033', 4, 8, 334, NULL, NULL, 'พัดลมติดผนัง', NULL, '2023-05-30 16:16:16', 3, NULL, NULL, 1),
(1524, '65-EQ-0-034', 4, 8, 334, NULL, NULL, 'โต๊ะสแตนเลส วางคอมพิวเตอร์', NULL, '2023-05-30 16:16:16', 3, NULL, NULL, 1),
(1525, '65-EQ-0-035', 4, 8, 334, NULL, NULL, 'เครื่องบันทึกเวลาระบบลายนิ้วมือ', NULL, '2023-05-30 16:16:16', 3, NULL, NULL, 1),
(1526, '65-EQ-0-036', 4, 8, 334, NULL, NULL, 'รถเข็นอุปกรณ์สำหรับเก็บอุปกรณ์ทำความสะอาด', NULL, '2023-05-30 16:16:16', 3, NULL, NULL, 1),
(1527, '65-EQ-0-037', 4, 8, 334, NULL, NULL, 'ชั้นวางรองเท้าสแตนเลส', NULL, '2023-05-30 16:16:16', 3, NULL, NULL, 1),
(1528, '65-EQ-0-038', 4, 8, 334, NULL, NULL, 'ถังดับเพลิง 2000 10Lbs', NULL, '2023-05-30 16:16:16', 3, NULL, NULL, 1),
(1529, '65-EQ-0-039', 4, 8, 334, NULL, NULL, 'สว่านเจาะปูน', NULL, '2023-05-30 16:16:16', 3, NULL, NULL, 1),
(1530, '65-EQ-0-040', 4, 8, 334, NULL, NULL, 'ตะกร้าใส่ปลา (พาเลทคอนเทนเนอร์)', NULL, '2023-05-30 16:16:16', 3, NULL, NULL, 1),
(1531, '65-EQ-0-041', 4, 8, 334, NULL, NULL, 'บันไดอลูมิเนียมทรง A ขึ้น 2 ข้าง 12 ชั้น', NULL, '2023-05-30 16:16:16', 3, NULL, NULL, 1),
(1532, '65-EQ-0-042', 4, 8, 334, NULL, NULL, 'ชุดบล็อค Koken+ประแจ', NULL, '2023-05-30 16:16:16', 3, NULL, NULL, 1),
(1533, '65-EQ-0-043', 4, 8, 334, NULL, NULL, 'บันไดอลูมิเนียม 7 ชั้น', NULL, '2023-05-30 16:16:16', 3, NULL, NULL, 1),
(1534, '65-EQ-0-044', 4, 8, 334, NULL, NULL, 'ตู้เชื่อม 2 ระบบ+ถังอาร์กอน 6 คิว', NULL, '2023-05-30 16:16:16', 3, NULL, NULL, 1),
(1535, '65-EQ-0-045', 4, 8, 334, NULL, NULL, 'ไฟเบอร์ตัดเหล็ก', NULL, '2023-05-30 16:16:16', 3, NULL, NULL, 1),
(1536, '65-EQ-0-046', 4, 8, 334, NULL, NULL, 'หินเจียรไฟฟ้า', NULL, '2023-05-30 16:16:16', 3, NULL, NULL, 1),
(1537, '65-EQ-0-047', 4, 8, 334, NULL, NULL, 'สว่านไฟฟ้า', NULL, '2023-05-30 16:16:16', 3, NULL, NULL, 1),
(1538, '65-EQ-0-048', 4, 8, 334, NULL, NULL, 'ไขควงชุด', NULL, '2023-05-30 16:16:16', 3, NULL, NULL, 1),
(1539, '65-EQ-0-049', 4, 8, 334, NULL, NULL, 'พาเลทคอนเทนเนอร์', NULL, '2023-05-30 16:16:16', 3, NULL, NULL, 1),
(1540, '65-EQ-0-050', 4, 8, 334, NULL, NULL, 'โต๊ะอาหารสแตนเลสพร้อมเก้าอี้นั่ง 4 ชุด', NULL, '2023-05-30 16:16:16', 3, NULL, NULL, 1),
(1541, '65-EQ-0-051', 4, 8, 334, NULL, NULL, 'พาเลทคอนเทนเนอร์', NULL, '2023-05-30 16:16:16', 3, NULL, NULL, 1),
(1542, '65-EQ-0-052', 4, 8, 334, NULL, NULL, 'ตู้เอกสารเหล็ก ประตู 2 บานทึบ สีเทา', NULL, '2023-05-30 16:16:16', 3, NULL, NULL, 1),
(1543, '65-EQ-0-053', 4, 8, 334, NULL, NULL, 'โต๊ะประชุม 100x200x75 ซม.', NULL, '2023-05-30 16:16:16', 3, NULL, NULL, 1),
(1544, '65-EQ-0-054', 4, 8, 334, NULL, NULL, 'เก้าอี้มีพักพิง 32 ตัว ขนาด 35x35x45 ซม.', NULL, '2023-05-30 16:16:16', 3, NULL, NULL, 1),
(1545, '65-EQ-0-055', 4, 8, 334, NULL, NULL, 'โต๊ะประชุมใหญ่ 200x400x75 ซม.', NULL, '2023-05-30 16:16:16', 3, NULL, NULL, 1),
(1546, '65-EQ-0-056', 4, 8, 334, NULL, NULL, 'ตู้เก็บรองเท้า 83x40x150 ซม.', NULL, '2023-05-30 16:16:16', 3, NULL, NULL, 1),
(1547, '65-EQ-0-057', 4, 8, 334, NULL, NULL, 'ชุดตู้ต่อ 57x784x190 ซม.', NULL, '2023-05-30 16:16:16', 3, NULL, NULL, 1),
(1548, '65-EQ-0-058', 4, 8, 334, NULL, NULL, 'ตู้เหล็ก Top เหล็กลอน 50x160x80 ซม.', NULL, '2023-05-30 16:16:16', 3, NULL, NULL, 1),
(1549, '65-EQ-0-059', 4, 8, 334, NULL, NULL, 'Coffee TABLE Set', NULL, '2023-05-30 16:16:16', 3, NULL, NULL, 1),
(1550, '65-EQ-0-060', 4, 8, 334, NULL, NULL, 'เก้าอี้ไม่มีพักพิง 2 ตัว ขนาด 35x35x45 ซม.', NULL, '2023-05-30 16:16:16', 3, NULL, NULL, 1),
(1551, '65-EQ-0-061', 4, 8, 334, NULL, NULL, 'เก้าอี้ 6 ตัว ขนาด 35x35x75 ซม.', NULL, '2023-05-30 16:16:16', 3, NULL, NULL, 1),
(1552, '65-EQ-0-062', 4, 8, 334, NULL, NULL, 'เคาน์เตอร์ 3 ตัว ขนาด 60x150x80 ซม.', NULL, '2023-05-30 16:16:16', 3, NULL, NULL, 1),
(1553, '65-EQ-0-063', 4, 8, 334, NULL, NULL, 'ชุดโต๊ะทำงาน 12 ชุด ขนาด 60x120x75 ซม.', NULL, '2023-05-30 16:16:16', 3, NULL, NULL, 1),
(1554, '65-EQ-0-064', 4, 8, 334, NULL, NULL, 'เคาน์เตอร์ 2 ชุด ขนาด 60x120x100 ซม.', NULL, '2023-05-30 16:16:16', 3, NULL, NULL, 1),
(1555, '65-EQ-0-065', 4, 8, 334, NULL, NULL, 'พาเลทคอนเทนเนอร์ 1,344 ตัว', NULL, '2023-05-30 16:16:16', 3, NULL, NULL, 1),
(1556, '65-EQ-0-066', 4, 8, 334, NULL, NULL, 'พาเลทคอนเทนเนอร์ 1,344 ตัว', NULL, '2023-05-30 16:16:16', 3, NULL, NULL, 1),
(1557, '65-EQ-0-067', 4, 8, 334, NULL, NULL, 'พาเลทคอนเทนเนอร์ 1,584 ตัว', NULL, '2023-05-30 16:16:16', 3, NULL, NULL, 1),
(1558, '65-EQ-0-068', 4, 8, 334, NULL, NULL, 'พาเลทคอนเทนเนอร์ 1,536 ตัว', NULL, '2023-05-30 16:16:16', 3, NULL, NULL, 1),
(1559, '65-EQ-0-069', 4, 8, 334, NULL, NULL, 'เครื่องพ่นแอลกอฮอล์อัตโนมัติ 4 เครื่อง', NULL, '2023-05-30 16:16:16', 3, NULL, NULL, 1),
(1560, '65-EQ-0-070', 4, 8, 334, NULL, NULL, 'เครื่องจ่ายสบู่/แอลกอฮอล์เจล อัตโนมัติ', NULL, '2023-05-30 16:16:16', 3, NULL, NULL, 1),
(1561, '65-EQ-0-071', 4, 8, 334, NULL, NULL, 'ชั้นางรองเท้าบูท 40 คู่ (ห้องซักล้าง)', NULL, '2023-05-30 16:16:16', 3, NULL, NULL, 1),
(1562, '65-EQ-0-072', 4, 8, 334, NULL, NULL, 'ผ้าใบสีเหลืองช่องโหลด แบบมือหมุน 2 ผืน', NULL, '2023-05-30 16:16:16', 3, NULL, NULL, 1),
(1563, '65-EQ-0-073', 4, 8, 334, NULL, NULL, 'พาเลทคอนเทนเนอร์ 2,208 ตัว', NULL, '2023-05-30 16:16:16', 3, NULL, NULL, 1),
(1564, '65-EQ-0-074', 4, 8, 334, NULL, NULL, 'ตู้ล็อคเกอร์ 18 ช่อง ครีม Zingular ZLK-6118', NULL, '2023-05-30 16:16:16', 3, NULL, NULL, 1),
(1565, '65-EQ-0-075', 4, 8, 334, NULL, NULL, 'ขารองตู้ล็อกเกอร์แสตนเลส', NULL, '2023-05-30 16:16:16', 3, NULL, NULL, 1),
(1566, '65-EQ-0-076', 4, 8, 334, NULL, NULL, 'ไซเรนกล่องควบคุมกันขโมยไร้สาย/รีโมท/เซ็นเซอร์', NULL, '2023-05-30 16:16:16', 3, NULL, NULL, 1),
(1567, '65-EQ-0-077', 4, 8, 334, NULL, NULL, 'พาเลทคอนเทนเนอร์ 1,625 ตัว', NULL, '2023-05-30 16:16:16', 3, NULL, NULL, 1),
(1568, '65-EQ-0-078', 4, 8, 334, NULL, NULL, 'พาเลทคอนเทนเนอร์ 672 ตัว', NULL, '2023-05-30 16:16:16', 3, NULL, NULL, 1),
(1569, '65-EQ-0-079', 4, 8, 334, NULL, NULL, 'ตู้กับข้าวสีขาว 72*35*132 (โรงอาหาร)', NULL, '2023-05-30 16:16:16', 3, NULL, NULL, 1),
(1570, '65-EQ-0-080', 4, 8, 334, NULL, NULL, 'ไดโว่สูบน้ำ Bonchi Wqd 15-15-1.5', NULL, '2023-05-30 16:16:16', 3, NULL, NULL, 1),
(1571, '65-EQ-0-081', 4, 8, 334, NULL, NULL, 'ที่วางถังดับเพลิงเหล็กพ่นสีแดงแบบถังเดียวพร้อมป้าย 20x30cm.', NULL, '2023-05-30 16:16:16', 3, NULL, NULL, 1),
(1572, '65-EQ-0-082', 4, 8, 334, NULL, NULL, 'Swith Hub CISCO CBS350-24P-41G-EU 24 Port GIGABIT', NULL, '2023-05-30 16:16:16', 3, NULL, NULL, 1),
(1573, '65-EQ-0-083', 4, 8, 334, NULL, NULL, 'Swith Hub CISCO CBS350-24P-41G-EU 24 Port GIGABIT', NULL, '2023-05-30 16:16:16', 3, NULL, NULL, 1),
(1574, '65-EQ-0-084', 4, 8, 334, NULL, NULL, 'ราวแขวนเสื้อแสตนเลส', NULL, '2023-05-30 16:16:16', 3, NULL, NULL, 1),
(1575, '65-EQ-0-085', 4, 8, 334, NULL, NULL, 'โต๊ะแสตนเลส ขนาด 60x180x75 เซนติเมตร', NULL, '2023-05-30 16:16:16', 3, NULL, NULL, 1),
(1576, '65-EQ-0-086', 4, 8, 334, NULL, NULL, 'เก้าอี้กลมแสตนเลส เส้นผ่าศูนย์กลาง 30 เซนติเมตร สูง 50 เซนติเมตร', NULL, '2023-05-30 16:16:16', 3, NULL, NULL, 1),
(1577, '65-EQ-0-087', 4, 8, 334, NULL, NULL, 'งานติดตั้งม่านพลาสติกพร้อมประตูวงกบ ทางเข้า-ออก ห้อง Mercury', NULL, '2023-05-30 16:16:16', 3, NULL, NULL, 1),
(1578, '65-EQ-0-088', 4, 8, 334, NULL, NULL, 'ซิ้งล้างจานพร้อมอุปกรณ์', NULL, '2023-05-30 16:16:16', 3, NULL, NULL, 1),
(1579, '65-EQ-0-089', 4, 8, 334, NULL, NULL, 'ชั้นวางรองเท้า ขนาด 300x750x1200 mm.', NULL, '2023-05-30 16:16:16', 3, NULL, NULL, 1),
(1580, '65-EQ-0-090', 4, 8, 334, NULL, NULL, 'เครื่องขัดพื้นอัตโนมัติ Tornado 55B', NULL, '2023-05-30 16:16:16', 3, NULL, NULL, 1),
(1581, '65-EQ-0-091', 4, 8, 334, NULL, NULL, 'ปั๊มลม 1/2HP PP-2 64L', NULL, '2023-05-30 16:16:16', 3, NULL, NULL, 1),
(1582, '66-EQ-0-092', 4, 8, 334, NULL, NULL, 'ชั้นวางรองเท้า 2 ชั้น ขนาด 35x100x50 ซม.', NULL, '2023-05-30 16:16:16', 3, NULL, NULL, 1),
(1583, '66-EQ-0-093', 4, 8, 334, NULL, NULL, 'รถแฮนด์ลิฟท์ (Hand Pallet Galvanized)', NULL, '2023-05-30 16:16:16', 3, NULL, NULL, 1),
(1584, '66-EQ-0-094', 4, 8, 334, NULL, NULL, 'Winch Unhloan (ใช้ดึงถุง Big Bag)', NULL, '2023-05-30 16:16:16', 3, NULL, NULL, 1),
(1585, '66-EQ-0-095', 4, 8, 334, NULL, NULL, 'ผ้าใบสีเหลืองช่องโหลดแบบมือหมุน ขนาด 1.80x3.2M.', NULL, '2023-05-30 16:16:16', 3, NULL, NULL, 1),
(1586, '65-OE-0-001', 4, 8, 335, NULL, NULL, 'Printer EPSON', NULL, '2023-05-30 16:16:16', 3, NULL, NULL, 1),
(1587, '65-OE-0-002', 4, 8, 335, NULL, NULL, 'เครื่องบันทึกเวลา', NULL, '2023-05-30 16:16:16', 3, NULL, NULL, 1),
(1588, '65-OE-0-003', 4, 8, 335, NULL, NULL, 'Printer Barcode', NULL, '2023-05-30 16:16:16', 3, NULL, NULL, 1),
(1589, '65-OE-0-004', 4, 8, 335, NULL, NULL, 'UPS', NULL, '2023-05-30 16:16:16', 3, NULL, NULL, 1),
(1590, '65-OE-0-005', 4, 8, 335, NULL, NULL, 'Ubiquiti ระบบ Network', NULL, '2023-05-30 16:16:16', 3, NULL, NULL, 1),
(1591, '65-OE-0-006', 4, 8, 335, NULL, NULL, 'Computer Sever', NULL, '2023-05-30 16:16:16', 3, NULL, NULL, 1),
(1592, '65-OE-0-007', 4, 8, 335, NULL, NULL, 'HDD เก็บข้อมูล', NULL, '2023-05-30 16:16:16', 3, NULL, NULL, 1),
(1593, '65-OE-0-008', 4, 8, 335, NULL, NULL, 'Projector', NULL, '2023-05-30 16:16:16', 3, NULL, NULL, 1),
(1594, '65-OE-0-009', 4, 8, 335, NULL, NULL, 'Printer EPSON', NULL, '2023-05-30 16:16:16', 3, NULL, NULL, 1),
(1595, '65-OE-0-010', 4, 8, 335, NULL, NULL, 'Computer พร้อมอุปกรณ์', NULL, '2023-05-30 16:16:16', 3, NULL, NULL, 1),
(1596, '65-OE-0-011', 4, 8, 335, NULL, NULL, 'Notebook DELL', NULL, '2023-05-30 16:16:16', 3, NULL, NULL, 1),
(1597, '65-OE-0-012', 4, 8, 335, NULL, NULL, 'อุปกรณ์ Conferrence', NULL, '2023-05-30 16:16:16', 3, NULL, NULL, 1),
(1598, '65-OE-0-013', 4, 8, 335, NULL, NULL, 'QNAP NAS4 BAY TOWER', NULL, '2023-05-30 16:16:16', 3, NULL, NULL, 1),
(1599, '65-OE-0-014', 4, 8, 335, NULL, NULL, 'ตู้แช่เย็น Sanden รุ่น SPX-0085', NULL, '2023-05-30 16:16:16', 3, NULL, NULL, 1),
(1600, '65-OE-0-015', 4, 8, 335, NULL, NULL, 'ตู้เย็น 2 ประตู (ฮิตาชิสีดำ) ครัว สนง.', NULL, '2023-05-30 16:16:16', 3, NULL, NULL, 1),
(1601, '65-OE-0-016', 4, 8, 335, NULL, NULL, 'ไมโครเวฟ ซัมซุง ขนาด 23 ลิตร', NULL, '2023-05-30 16:16:16', 3, NULL, NULL, 1),
(1602, '65-OE-0-017', 4, 8, 335, NULL, NULL, 'Printer Epson LQ-310 (Office)', NULL, '2023-05-30 16:16:16', 3, NULL, NULL, 1),
(1603, '65-OE-0-018', 4, 8, 335, NULL, NULL, 'โต๊ะพับ หน้าขาว ขาอีพ็อกซี่เกล็ดเงิน - ห้องประชุม 9 รปภ 1', NULL, '2023-05-30 16:16:16', 3, NULL, NULL, 1),
(1604, '65-OE-0-019', 4, 8, 335, NULL, NULL, 'Computer Dell Opitplex 3000MT-SNS30MT054 (at Office)', NULL, '2023-05-30 16:16:16', 3, NULL, NULL, 1),
(1605, '65-OE-0-020', 4, 8, 335, NULL, NULL, 'จอ Dell Monitor E222H-SNSE2222H (at Office)', NULL, '2023-05-30 16:16:16', 3, NULL, NULL, 1),
(1606, '65-OE-0-021', 4, 8, 335, NULL, NULL, 'Notebook Dell Latitued3420 (A/C)', NULL, '2023-05-30 16:16:16', 3, NULL, NULL, 1),
(1607, '65-OE-0-022', 4, 8, 335, NULL, NULL, 'Notebook Dell Latitued3420 (ส่วนกลางห้องประชุม)', NULL, '2023-05-30 16:16:16', 3, NULL, NULL, 1),
(1608, '65-OE-0-023', 4, 8, 335, NULL, NULL, 'เครื่องเคลือบพลาสติก Deli3895 (A3)', NULL, '2023-05-30 16:16:16', 3, NULL, NULL, 1),
(1609, '65-OE-0-024', 4, 8, 335, NULL, NULL, 'เครื่องโทรศัพท์ Yealink T31G-PRO', NULL, '2023-05-30 16:16:16', 3, NULL, NULL, 1),
(1610, '65-OE-0-025', 4, 8, 335, NULL, NULL, 'เครื่อง Scanner Brother', NULL, '2023-05-30 16:16:16', 3, NULL, NULL, 1),
(1611, '65-OE-0-026', 4, 8, 335, NULL, NULL, 'Samsung Tablet Galaxy Tab A8 LTE4+64 Gray', NULL, '2023-05-30 16:16:16', 3, NULL, NULL, 1),
(1612, '65-OE-0-027', 4, 8, 335, NULL, NULL, 'ตู้เก็บกุญแจ CHITOSE CK8-860 สีครีม (60 Keys)', NULL, '2023-05-30 16:16:16', 3, NULL, NULL, 1),
(1613, '65-OE-0-028', 4, 8, 335, NULL, NULL, 'ตู้เก็บกุญแจ CHITOSE CK8-860 สีครีม (200 Keys)', NULL, '2023-05-30 16:16:16', 3, NULL, NULL, 1),
(1614, '65-OE-0-029', 4, 8, 335, NULL, NULL, 'ตู้กรองน้ำดืมร้อน-เย็น GEM สีแดง', NULL, '2023-05-30 16:16:16', 3, NULL, NULL, 1);

-- --------------------------------------------------------

--
-- Table structure for table `tb_machine_responsibility`
--

CREATE TABLE `tb_machine_responsibility` (
  `id_mc_responsibility` int NOT NULL,
  `ref_id_user` int NOT NULL,
  `ref_id_machine_site` int NOT NULL
) ENGINE=InnoDB DEFAULT CHARSET=utf8mb4 COLLATE=utf8mb4_unicode_ci COMMENT='ตารางอ้างอิงพนักงานว่ารับผิดชอบเครื่องจักรใดบ้าง';

-- --------------------------------------------------------

--
-- Table structure for table `tb_machine_site`
--

CREATE TABLE `tb_machine_site` (
  `id_machine_site` int NOT NULL,
  `code_machine_site` varchar(50) COLLATE utf8mb4_unicode_ci NOT NULL,
  `serial_number` varchar(25) COLLATE utf8mb4_unicode_ci DEFAULT NULL,
  `recived_date` datetime DEFAULT NULL COMMENT 'REF_ID.วันทีีรับเข้า/หรือซื้อ',
  `ref_id_machine_master` int NOT NULL COMMENT 'REF_ID.เครื่องจักร Master',
  `ref_id_building` int DEFAULT NULL COMMENT 'REF_ID.อาคาร',
  `ref_id_location` int DEFAULT NULL COMMENT 'REF_ID.สถานที่',
  `ref_id_site` int NOT NULL COMMENT 'REF_ID.ไซต์งาน',
  `ref_id_supplier` int DEFAULT NULL COMMENT 'REF_ID.ซัพพลายฯ',
  `status_work` int DEFAULT NULL COMMENT '1-ใช้งานอยู่/2-อยู่ระหว่างการซ่อม',
  `detail_machine_site` longtext COLLATE utf8mb4_unicode_ci COMMENT 'รายละเอียดเพิ่มเติม',
  `mcs_adddate` datetime NOT NULL,
  `ref_id_user_add` int NOT NULL,
  `mcs_editdate` datetime DEFAULT NULL,
  `ref_id_user_edit` int DEFAULT NULL,
  `status_machine_site` int NOT NULL COMMENT '1-ใช้งาน/2-ยกเลิก'
) ENGINE=InnoDB DEFAULT CHARSET=utf8mb4 COLLATE=utf8mb4_unicode_ci COMMENT='เครื่องจักร/อุปกรณ์ไฟฟ้าแยกไซต์งาน';

--
-- Dumping data for table `tb_machine_site`
--

INSERT INTO `tb_machine_site` (`id_machine_site`, `code_machine_site`, `serial_number`, `recived_date`, `ref_id_machine_master`, `ref_id_building`, `ref_id_location`, `ref_id_site`, `ref_id_supplier`, `status_work`, `detail_machine_site`, `mcs_adddate`, `ref_id_user_add`, `mcs_editdate`, `ref_id_user_edit`, `status_machine_site`) VALUES
(1, 'WE.50.01.03', NULL, NULL, 834, 39, NULL, 1, NULL, 1, NULL, '2023-03-24 18:18:18', 3, NULL, NULL, 1),
(2, 'WE.50.01.04', NULL, NULL, 834, 39, NULL, 1, NULL, 1, NULL, '2023-03-24 18:18:18', 3, NULL, NULL, 1),
(3, 'WE.52.01.05', NULL, NULL, 829, 39, NULL, 1, NULL, 1, NULL, '2023-03-24 18:18:18', 3, NULL, NULL, 1),
(4, 'WE.52.01.06', NULL, NULL, 831, 39, NULL, 1, NULL, 1, NULL, '2023-03-24 18:18:18', 3, NULL, NULL, 1),
(5, 'WE.52.01.07', NULL, NULL, 831, 39, NULL, 1, NULL, 1, NULL, '2023-03-24 18:18:18', 3, NULL, NULL, 1),
(6, 'WE.52.01.08', NULL, NULL, 830, 39, NULL, 1, NULL, 1, NULL, '2023-03-24 18:18:18', 3, NULL, NULL, 1),
(7, 'WE.52.01.09', NULL, NULL, 832, 39, NULL, 1, NULL, 1, NULL, '2023-03-24 18:18:18', 3, NULL, NULL, 1),
(8, 'WE.60.01.10', NULL, NULL, 833, 39, NULL, 1, NULL, 1, NULL, '2023-03-24 18:18:18', 3, NULL, NULL, 1),
(9, 'WE.60.01.11', NULL, NULL, 832, 39, NULL, 1, NULL, 1, NULL, '2023-03-24 18:18:18', 3, NULL, NULL, 1),
(10, 'BL.M.61.03.05', NULL, NULL, 159, 21, NULL, 1, NULL, 1, NULL, '2023-03-24 18:18:18', 3, NULL, NULL, 1),
(11, 'BL.M.48.03.06', NULL, NULL, 159, 21, NULL, 1, NULL, 1, NULL, '2023-03-24 18:18:18', 3, NULL, NULL, 1),
(12, 'BL.M.50.02.08', NULL, NULL, 159, 22, NULL, 1, NULL, 1, NULL, '2023-03-24 18:18:18', 3, NULL, NULL, 1),
(13, 'BL.M.52.04.09', NULL, NULL, 168, 20, NULL, 1, NULL, 1, NULL, '2023-03-24 18:18:18', 3, NULL, NULL, 1),
(14, 'BL.M.61.07.10', NULL, NULL, 168, 25, NULL, 1, NULL, 1, NULL, '2023-03-24 18:18:18', 3, NULL, NULL, 1),
(15, 'BL.M.52.01.19', NULL, NULL, 159, 23, NULL, 1, NULL, 1, NULL, '2023-03-24 18:18:18', 3, NULL, NULL, 1),
(16, 'BL.M.52.04.20', NULL, NULL, 159, 20, NULL, 1, NULL, 1, NULL, '2023-03-24 18:18:18', 3, NULL, NULL, 1),
(17, 'BL.M.56.06.36', NULL, NULL, 159, 25, NULL, 1, NULL, 1, NULL, '2023-03-24 18:18:18', 3, NULL, NULL, 1),
(18, 'BL.M.58.07.61', NULL, NULL, 159, 25, NULL, 1, NULL, 1, NULL, '2023-03-24 18:18:18', 3, NULL, NULL, 1),
(19, 'DT.59.04.16', NULL, NULL, 242, 138, NULL, 1, NULL, 1, NULL, '2023-03-24 18:18:18', 3, NULL, NULL, 1),
(20, 'DT.63.01.23', NULL, NULL, 242, 149, NULL, 1, NULL, 1, NULL, '2023-03-24 18:18:18', 3, NULL, NULL, 1),
(21, 'GD.M.58.01.01', NULL, NULL, 556, 148, NULL, 1, NULL, 1, NULL, '2023-03-24 18:18:18', 3, NULL, NULL, 1),
(22, 'GD.M.58.03.02', NULL, NULL, 557, 146, NULL, 1, NULL, 1, NULL, '2023-03-24 18:18:18', 3, NULL, NULL, 1),
(23, 'GD.M.58.04.03', NULL, NULL, 558, 145, NULL, 1, NULL, 1, NULL, '2023-03-24 18:18:18', 3, NULL, NULL, 1),
(24, 'GD.M.58.06.04', NULL, NULL, 559, 143, NULL, 1, NULL, 1, NULL, '2023-03-24 18:18:18', 3, NULL, NULL, 1),
(25, 'GD.M.62.08.05', NULL, NULL, 560, 142, NULL, 1, NULL, 1, NULL, '2023-03-24 18:18:18', 3, NULL, NULL, 1),
(26, 'GD.M.62.08.06', NULL, NULL, 560, 142, NULL, 1, NULL, 1, NULL, '2023-03-24 18:18:18', 3, NULL, NULL, 1),
(27, 'LM.58.01.01', NULL, NULL, 658, 138, NULL, 1, NULL, 1, NULL, '2023-03-24 18:18:18', 3, NULL, NULL, 1),
(28, 'BL.M.55.01.03', NULL, NULL, 161, 39, NULL, 1, NULL, 1, NULL, '2023-03-24 18:18:18', 3, NULL, NULL, 1),
(29, 'BL.M.61.01.04', NULL, NULL, 165, 39, NULL, 1, NULL, 1, NULL, '2023-03-24 18:18:18', 3, NULL, NULL, 1),
(30, 'BL.M.60.03.07', NULL, NULL, 156, 39, NULL, 1, NULL, 1, NULL, '2023-03-24 18:18:18', 3, NULL, NULL, 1),
(31, 'BL.M.60.03.11', NULL, NULL, 164, 39, NULL, 1, NULL, 1, NULL, '2023-03-24 18:18:18', 3, NULL, NULL, 1),
(32, 'BL.M.53.01.25', NULL, NULL, 163, 39, NULL, 1, NULL, 1, NULL, '2023-03-24 18:18:18', 3, NULL, NULL, 1),
(33, 'BL.M.60.07.32', NULL, NULL, 156, 39, NULL, 1, NULL, 1, NULL, '2023-03-24 18:18:18', 3, NULL, NULL, 1),
(34, 'BL.M.60.07.33', NULL, NULL, 156, 39, NULL, 1, NULL, 1, NULL, '2023-03-24 18:18:18', 3, NULL, NULL, 1),
(35, 'BL.M.57.01.37', NULL, NULL, 160, 39, NULL, 1, NULL, 1, NULL, '2023-03-24 18:18:18', 3, NULL, NULL, 1),
(36, 'BL.M.57.01.38', NULL, NULL, 160, 39, NULL, 1, NULL, 1, NULL, '2023-03-24 18:18:18', 3, NULL, NULL, 1),
(37, 'BL.M.60.07.39', NULL, NULL, 166, 39, NULL, 1, NULL, 1, NULL, '2023-03-24 18:18:18', 3, NULL, NULL, 1),
(38, 'BL.M.60.07.40', NULL, NULL, 166, 39, NULL, 1, NULL, 1, NULL, '2023-03-24 18:18:18', 3, NULL, NULL, 1),
(39, 'BL.M.59.07.41', NULL, NULL, 162, 39, NULL, 1, NULL, 1, NULL, '2023-03-24 18:18:18', 3, NULL, NULL, 1),
(40, 'BL.M.60.07.42', NULL, NULL, 166, 39, NULL, 1, NULL, 1, NULL, '2023-03-24 18:18:18', 3, NULL, NULL, 1),
(41, 'BL.M.60.07.43', NULL, NULL, 166, 39, NULL, 1, NULL, 1, NULL, '2023-03-24 18:18:18', 3, NULL, NULL, 1),
(42, 'BL.M.60.07.45', NULL, NULL, 166, 39, NULL, 1, NULL, 1, NULL, '2023-03-24 18:18:18', 3, NULL, NULL, 1),
(43, 'BL.M.60.07.46', NULL, NULL, 156, 39, NULL, 1, NULL, 1, NULL, '2023-03-24 18:18:18', 3, NULL, NULL, 1),
(44, 'BL.M.60.07.47', NULL, NULL, 166, 39, NULL, 1, NULL, 1, NULL, '2023-03-24 18:18:18', 3, NULL, NULL, 1),
(45, 'BL.M.60.07.48', NULL, NULL, 166, 39, NULL, 1, NULL, 1, NULL, '2023-03-24 18:18:18', 3, NULL, NULL, 1),
(46, 'BL.M.60.07.49', NULL, NULL, 166, 39, NULL, 1, NULL, 1, NULL, '2023-03-24 18:18:18', 3, NULL, NULL, 1),
(47, 'BL.M.60.07.51', NULL, NULL, 166, 39, NULL, 1, NULL, 1, NULL, '2023-03-24 18:18:18', 3, NULL, NULL, 1),
(48, 'BL.M.60.07.54', NULL, NULL, 160, 39, NULL, 1, NULL, 1, NULL, '2023-03-24 18:18:18', 3, NULL, NULL, 1),
(49, 'BL.M.60.07.55', NULL, NULL, 156, 39, NULL, 1, NULL, 1, NULL, '2023-03-24 18:18:18', 3, NULL, NULL, 1),
(50, 'BL.M.60.07.57', NULL, NULL, 156, 39, NULL, 1, NULL, 1, NULL, '2023-03-24 18:18:18', 3, NULL, NULL, 1),
(51, 'JPK.CS.M.57.A.01', NULL, NULL, 211, 189, NULL, 5, NULL, 1, NULL, '2023-03-24 18:18:18', 3, NULL, NULL, 1),
(52, 'JPK.CS.M.57.A.02', NULL, NULL, 212, 189, NULL, 5, NULL, 1, NULL, '2023-03-24 18:18:18', 3, NULL, NULL, 1),
(53, 'JPK.CS.M.57.A.03', NULL, NULL, 213, 189, NULL, 5, NULL, 1, NULL, '2023-03-24 18:18:18', 3, NULL, NULL, 1),
(54, 'JPK.VS.M.57.A.01', NULL, NULL, 799, 189, NULL, 5, NULL, 1, NULL, '2023-03-24 18:18:18', 3, NULL, NULL, 1),
(55, 'JPK.AP.M.57.A.01', NULL, NULL, 800, 189, NULL, 5, NULL, 1, NULL, '2023-03-24 18:18:18', 3, NULL, NULL, 1),
(56, 'JPK.AP.M.57.A.02', NULL, NULL, 802, 189, NULL, 5, NULL, 1, NULL, '2023-03-24 18:18:18', 3, NULL, NULL, 1),
(57, 'JPK.IC.M.57.A.01', NULL, NULL, 579, 189, NULL, 5, NULL, 1, NULL, '2023-03-24 18:18:18', 3, NULL, NULL, 1),
(58, 'JPK.RC.M.57.A.01', NULL, NULL, 728, 189, NULL, 5, NULL, 1, NULL, '2023-03-24 18:18:18', 3, NULL, NULL, 1),
(59, 'JPK.EC.M.57.A.01', NULL, NULL, 287, 189, NULL, 5, NULL, 1, NULL, '2023-03-24 18:18:18', 3, NULL, NULL, 1),
(60, 'JPK.EC.M.57.A.02', NULL, NULL, 288, 189, NULL, 5, NULL, 1, NULL, '2023-03-24 18:18:18', 3, NULL, NULL, 1),
(61, 'JPK.PG.M.57.A.01', NULL, NULL, 140, 189, NULL, 5, NULL, 1, NULL, '2023-03-24 18:18:18', 3, NULL, NULL, 1),
(62, 'JPK.CR.M.57.A.M03', NULL, NULL, 206, 186, NULL, 5, NULL, 1, NULL, '2023-03-24 18:18:18', 3, NULL, NULL, 1),
(63, 'JPK.CR.M.57.A.M02', NULL, NULL, 207, 186, NULL, 5, NULL, 1, NULL, '2023-03-24 18:18:18', 3, NULL, NULL, 1),
(64, 'JPK.CR.M.57.A.M01', NULL, NULL, 208, 186, NULL, 5, NULL, 1, NULL, '2023-03-24 18:18:18', 3, NULL, NULL, 1),
(65, 'JPK.CR.M.57.AR01', NULL, NULL, 209, 186, NULL, 5, NULL, 1, NULL, '2023-03-24 18:18:18', 3, NULL, NULL, 1),
(66, 'JPK.CR.M.57.AR02', NULL, NULL, 210, 186, NULL, 5, NULL, 1, NULL, '2023-03-24 18:18:18', 3, NULL, NULL, 1),
(67, 'JPK.CR.M.57.AR03', NULL, NULL, 205, 186, NULL, 5, NULL, 1, NULL, '2023-03-24 18:18:18', 3, NULL, NULL, 1),
(68, 'JPK.AR.M.57.A.AT01', NULL, NULL, 127, 186, NULL, 5, NULL, 1, NULL, '2023-03-24 18:18:18', 3, NULL, NULL, 1),
(69, 'JPK.AR.M.57.A.AT02', NULL, NULL, 130, 186, NULL, 5, NULL, 1, NULL, '2023-03-24 18:18:18', 3, NULL, NULL, 1),
(70, 'JPK.AR.M.57.A.AT03', NULL, NULL, 132, 186, NULL, 5, NULL, 1, NULL, '2023-03-24 18:18:18', 3, NULL, NULL, 1),
(71, 'JPK.RM.M.57.A.RM01', NULL, NULL, 726, 186, NULL, 5, NULL, 1, NULL, '2023-03-24 18:18:18', 3, NULL, NULL, 1),
(72, 'JPK.PR.M.57.A.P01', NULL, NULL, 686, 186, NULL, 5, NULL, 1, NULL, '2023-03-24 18:18:18', 3, NULL, NULL, 1),
(73, 'JPK.PR.M.57.A.P02', NULL, NULL, 689, 186, NULL, 5, NULL, 1, NULL, '2023-03-24 18:18:18', 3, NULL, NULL, 1),
(74, 'JPK.PR.M.57.A.P03', NULL, NULL, 693, 186, NULL, 5, NULL, 1, NULL, '2023-03-24 18:18:18', 3, NULL, NULL, 1),
(75, 'JPK.PR.M.57.A.P04', NULL, NULL, 696, 186, NULL, 5, NULL, 1, NULL, '2023-03-24 18:18:18', 3, NULL, NULL, 1),
(76, 'JPK.LR.M.57.A.L01', NULL, NULL, 656, 186, NULL, 5, NULL, 1, NULL, '2023-03-24 18:18:18', 3, NULL, NULL, 1),
(77, 'JPK.LR.M.57.A.L02', NULL, NULL, 657, 186, NULL, 5, NULL, 1, NULL, '2023-03-24 18:18:18', 3, NULL, NULL, 1),
(78, 'JPK.MR.M.57.AM03', NULL, NULL, 666, 186, NULL, 5, NULL, 1, NULL, '2023-03-24 18:18:18', 3, NULL, NULL, 1),
(79, 'JPK.MR.M.57.AM02', NULL, NULL, 667, 186, NULL, 5, NULL, 1, NULL, '2023-03-24 18:18:18', 3, NULL, NULL, 1),
(80, 'JPK.MR.M.57.AM01', NULL, NULL, 668, 186, NULL, 5, NULL, 1, NULL, '2023-03-24 18:18:18', 3, NULL, NULL, 1),
(81, 'JPK.FL.M.57.A.02', NULL, NULL, 708, 186, NULL, 5, NULL, 1, NULL, '2023-03-24 18:18:18', 3, NULL, NULL, 1),
(82, 'JPK.WC.M.57.A.01', NULL, NULL, 835, 186, NULL, 5, NULL, 1, NULL, '2023-03-24 18:18:18', 3, NULL, NULL, 1),
(83, 'JPK.WC.M.57.A.02', NULL, NULL, 837, 186, NULL, 5, NULL, 1, NULL, '2023-03-24 18:18:18', 3, NULL, NULL, 1),
(84, 'JPK.WC.M.57.A.03', NULL, NULL, 839, 186, NULL, 5, NULL, 1, NULL, '2023-03-24 18:18:18', 3, NULL, NULL, 1),
(85, 'JPK.WC.M.57.A.04', NULL, NULL, 841, 186, NULL, 5, NULL, 1, NULL, '2023-03-24 18:18:18', 3, NULL, NULL, 1),
(86, 'JPK.WC.M.57.A.05', NULL, NULL, 843, 186, NULL, 5, NULL, 1, NULL, '2023-03-24 18:18:18', 3, NULL, NULL, 1),
(87, 'JPK.WC.M.57.A.06', NULL, NULL, 845, 186, NULL, 5, NULL, 1, NULL, '2023-03-24 18:18:18', 3, NULL, NULL, 1),
(88, 'JPK.WC.M.59.A.07', NULL, NULL, 847, 186, NULL, 5, NULL, 1, NULL, '2023-03-24 18:18:18', 3, NULL, NULL, 1),
(89, 'JPK.CT.M.59.A.01', NULL, NULL, 190, 189, NULL, 5, NULL, 1, NULL, '2023-03-24 18:18:18', 3, NULL, NULL, 1),
(90, 'JPK.RT.M.57.A.02', NULL, NULL, 732, 189, NULL, 5, NULL, 1, NULL, '2023-03-24 18:18:18', 3, NULL, NULL, 1),
(91, 'JPK.TF.M.57.A.01', NULL, NULL, 789, 189, NULL, 5, NULL, 1, NULL, '2023-03-24 18:18:18', 3, NULL, NULL, 1),
(92, 'JPK.WP.M.57.A.01', NULL, NULL, 821, 189, NULL, 5, NULL, 1, NULL, '2023-03-24 18:18:18', 3, NULL, NULL, 1),
(93, 'JPK.WP.M.57.A.02', NULL, NULL, 823, 189, NULL, 5, NULL, 1, NULL, '2023-03-24 18:18:18', 3, NULL, NULL, 1),
(94, 'JPK.LE.M.57.A.01', NULL, NULL, 608, 186, NULL, 5, NULL, 1, NULL, '2023-03-24 18:18:18', 3, NULL, NULL, 1),
(95, 'JPK.LE.M.57.A.02', NULL, NULL, 609, 186, NULL, 5, NULL, 1, NULL, '2023-03-24 18:18:18', 3, NULL, NULL, 1),
(96, 'JPK.LE.M.57.A.03', NULL, NULL, 610, 186, NULL, 5, NULL, 1, NULL, '2023-03-24 18:18:18', 3, NULL, NULL, 1),
(97, 'JPK.LE.M.57.A.04', NULL, NULL, 611, 186, NULL, 5, NULL, 1, NULL, '2023-03-24 18:18:18', 3, NULL, NULL, 1),
(98, 'JPK.LE.M.57.A.05', NULL, NULL, 612, 186, NULL, 5, NULL, 1, NULL, '2023-03-24 18:18:18', 3, NULL, NULL, 1),
(99, 'JPK.LE.M.57.A.06', NULL, NULL, 613, 186, NULL, 5, NULL, 1, NULL, '2023-03-24 18:18:18', 3, NULL, NULL, 1),
(100, 'JPK.LE.M.57.A.07', NULL, NULL, 614, 186, NULL, 5, NULL, 1, NULL, '2023-03-24 18:18:18', 3, NULL, NULL, 1),
(101, 'JPK.LE.M.57.A.08', NULL, NULL, 615, 186, NULL, 5, NULL, 1, NULL, '2023-03-24 18:18:18', 3, NULL, NULL, 1),
(102, 'JPK.VS.M.60.A.02', NULL, NULL, 796, 189, NULL, 5, NULL, 1, NULL, '2023-03-24 18:18:18', 3, NULL, NULL, 1),
(103, 'JPK.AP.M.60.A.03', NULL, NULL, 800, 189, NULL, 5, NULL, 1, NULL, '2023-03-24 18:18:18', 3, NULL, NULL, 1),
(104, 'JPK.AP.M.60.A.04', NULL, NULL, 802, 189, NULL, 5, NULL, 1, NULL, '2023-03-24 18:18:18', 3, NULL, NULL, 1),
(105, 'JPK.BF.M.60.A.01', NULL, NULL, 177, 186, NULL, 5, NULL, 1, NULL, '2023-03-24 18:18:18', 3, NULL, NULL, 1),
(106, 'JPK.BF.M.60.A.02', NULL, NULL, 179, 186, NULL, 5, NULL, 1, NULL, '2023-03-24 18:18:18', 3, NULL, NULL, 1),
(107, 'JPK.BF.M.60.A.03', NULL, NULL, 181, 186, NULL, 5, NULL, 1, NULL, '2023-03-24 18:18:18', 3, NULL, NULL, 1),
(108, 'JPK.PK.M.60.A.01', NULL, NULL, 699, 186, NULL, 5, NULL, 1, NULL, '2023-03-24 18:18:18', 3, NULL, NULL, 1),
(109, 'JPK.CB.M.62.B.01', NULL, NULL, 238, 184, NULL, 5, NULL, 1, NULL, '2023-03-24 18:18:18', 3, NULL, NULL, 1),
(110, 'JPK.CB.M.63.A.02', NULL, NULL, 238, 186, NULL, 5, NULL, 1, NULL, '2023-03-24 18:18:18', 3, NULL, NULL, 1),
(111, 'JPK.PE.M.62.A.03', NULL, NULL, 702, 186, NULL, 5, NULL, 1, NULL, '2023-03-24 18:18:18', 3, NULL, NULL, 1),
(112, 'JPK.PE.M.62.A.04', NULL, NULL, 702, 186, NULL, 5, NULL, 1, NULL, '2023-03-24 18:18:18', 3, NULL, NULL, 1),
(113, 'JPK.PE.M.63.B.05', NULL, NULL, 702, 184, NULL, 5, NULL, 1, NULL, '2023-03-24 18:18:18', 3, NULL, NULL, 1),
(114, 'JPK.FL.M.63.B.06', NULL, NULL, 727, 184, NULL, 5, NULL, 1, NULL, '2023-03-24 18:18:18', 3, NULL, NULL, 1),
(115, 'JPK.FL.M.63.B.07', NULL, NULL, 727, 184, NULL, 5, NULL, 1, NULL, '2023-03-24 18:18:18', 3, NULL, NULL, 1),
(116, 'JPK.FL.M.63.A.08', NULL, NULL, 727, 186, NULL, 5, NULL, 1, NULL, '2023-03-24 18:18:18', 3, NULL, NULL, 1),
(117, 'JPK.FL.M.63.A.09', NULL, NULL, 727, 186, NULL, 5, NULL, 1, NULL, '2023-03-24 18:18:18', 3, NULL, NULL, 1),
(118, 'JPK.FL.M.63.A.10', NULL, NULL, 727, 186, NULL, 5, NULL, 1, NULL, '2023-03-24 18:18:18', 3, NULL, NULL, 1),
(119, 'JPK.FL.M.63.A.11', NULL, NULL, 727, 186, NULL, 5, NULL, 1, NULL, '2023-03-24 18:18:18', 3, NULL, NULL, 1),
(120, 'JPK.FL.M.63.A.12', NULL, NULL, 727, 186, NULL, 5, NULL, 1, NULL, '2023-03-24 18:18:18', 3, NULL, NULL, 1),
(121, 'JPK.PE.M.62.B.13', NULL, NULL, 702, 184, NULL, 5, NULL, 1, NULL, '2023-03-24 18:18:18', 3, NULL, NULL, 1),
(122, 'JPK.FL.M.63.A.14', NULL, NULL, 727, 186, NULL, 5, NULL, 1, NULL, '2023-03-24 18:18:18', 3, NULL, NULL, 1),
(123, 'JPK.PE.M.62.B.15', NULL, NULL, 702, 184, NULL, 5, NULL, 1, NULL, '2023-03-24 18:18:18', 3, NULL, NULL, 1),
(124, 'JPK.HP.M.60.A.06', NULL, NULL, 570, 186, NULL, 5, NULL, 1, NULL, '2023-03-24 18:18:18', 3, NULL, NULL, 1),
(125, 'JPK.HP.M.60.A.07', NULL, NULL, 571, 186, NULL, 5, NULL, 1, NULL, '2023-03-24 18:18:18', 3, NULL, NULL, 1),
(126, 'JPK.HP.M.60.A.08', NULL, NULL, 572, 186, NULL, 5, NULL, 1, NULL, '2023-03-24 18:18:18', 3, NULL, NULL, 1),
(127, 'JPK.HP.M.61.A.09', NULL, NULL, 573, 186, NULL, 5, NULL, 1, NULL, '2023-03-24 18:18:18', 3, NULL, NULL, 1),
(128, 'JPK.HP.M.61.A.10', NULL, NULL, 569, 186, NULL, 5, NULL, 1, NULL, '2023-03-24 18:18:18', 3, NULL, NULL, 1),
(129, 'JPK.MP.M.60.A.01', NULL, NULL, 1357, 186, NULL, 5, NULL, 1, NULL, '2023-03-24 18:18:18', 3, NULL, NULL, 1),
(130, 'JPK.MW.M.60.A.01', NULL, NULL, 1360, 186, NULL, 5, NULL, 1, NULL, '2023-03-24 18:18:18', 3, NULL, NULL, 1),
(131, 'JPK.GT.M.60.A.01', NULL, NULL, 561, 189, NULL, 5, NULL, 1, NULL, '2023-03-24 18:18:18', 3, NULL, NULL, 1),
(132, 'JPK.FL.M.62.A.13', NULL, NULL, 709, 186, NULL, 5, NULL, 1, NULL, '2023-03-24 18:18:18', 3, NULL, NULL, 1),
(133, 'JPK.FL.M.62.A.14', NULL, NULL, 710, 186, NULL, 5, NULL, 1, NULL, '2023-03-24 18:18:18', 3, NULL, NULL, 1),
(134, 'JPK.FL.M.61.A.15', NULL, NULL, 600, 186, NULL, 5, NULL, 1, NULL, '2023-03-24 18:18:18', 3, NULL, NULL, 1),
(135, 'JPK.FL.M.61.A.16', NULL, NULL, 599, 186, NULL, 5, NULL, 1, NULL, '2023-03-24 18:18:18', 3, NULL, NULL, 1),
(136, 'JPK.FL.M.61.A.17', NULL, NULL, 599, 186, NULL, 5, NULL, 1, NULL, '2023-03-24 18:18:18', 3, NULL, NULL, 1),
(137, 'JPK.FL.M.61.A.18', NULL, NULL, 707, 186, NULL, 5, NULL, 1, NULL, '2023-03-24 18:18:18', 3, NULL, NULL, 1),
(138, 'JPK.BZ.M.61.B2.4', NULL, NULL, 171, 187, NULL, 5, NULL, 1, NULL, '2023-03-24 18:18:18', 3, NULL, NULL, 1),
(139, 'JPK.BZ.M.61.B2.5', NULL, NULL, 172, 187, NULL, 5, NULL, 1, NULL, '2023-03-24 18:18:18', 3, NULL, NULL, 1),
(140, 'JPK.BZ.M.61.B2.6', NULL, NULL, 173, 187, NULL, 5, NULL, 1, NULL, '2023-03-24 18:18:18', 3, NULL, NULL, 1),
(141, 'JPK.BZ.M.61.B2.7', NULL, NULL, 174, 187, NULL, 5, NULL, 1, NULL, '2023-03-24 18:18:18', 3, NULL, NULL, 1),
(142, 'JPK.BZ.M.61.B2.8', NULL, NULL, 175, 187, NULL, 5, NULL, 1, NULL, '2023-03-24 18:18:18', 3, NULL, NULL, 1),
(143, 'JPK.BZ.M.61.B2.9', NULL, NULL, 176, 187, NULL, 5, NULL, 1, NULL, '2023-03-24 18:18:18', 3, NULL, NULL, 1),
(144, 'JPK.BZ.M.61.B2.10', NULL, NULL, 169, 187, NULL, 5, NULL, 1, NULL, '2023-03-24 18:18:18', 3, NULL, NULL, 1),
(145, 'JPK.BZ.M.61.B2.11', NULL, NULL, 170, 187, NULL, 5, NULL, 1, NULL, '2023-03-24 18:18:18', 3, NULL, NULL, 1),
(146, 'JPK.AC.M.61.B2.3.1', NULL, NULL, 49, 184, NULL, 5, NULL, 1, NULL, '2023-03-24 18:18:18', 3, NULL, NULL, 1),
(147, 'JPK.AC.M.61.B2.3.2', NULL, NULL, 50, 184, NULL, 5, NULL, 1, NULL, '2023-03-24 18:18:18', 3, NULL, NULL, 1),
(148, 'JPK.AC.M.61.B2.4.1', NULL, NULL, 51, 184, NULL, 5, NULL, 1, NULL, '2023-03-24 18:18:18', 3, NULL, NULL, 1),
(149, 'JPK.AC.M.61.B2.4.2', NULL, NULL, 52, 184, NULL, 5, NULL, 1, NULL, '2023-03-24 18:18:18', 3, NULL, NULL, 1),
(150, 'JPK.AC.M.61.B2.5.1', NULL, NULL, 53, 184, NULL, 5, NULL, 1, NULL, '2023-03-24 18:18:18', 3, NULL, NULL, 1),
(151, 'JPK.AC.M.61.B2.5.2', NULL, NULL, 54, 184, NULL, 5, NULL, 1, NULL, '2023-03-24 18:18:18', 3, NULL, NULL, 1),
(152, 'JPK.AC.M.61.B2.6.1', NULL, NULL, 55, 184, NULL, 5, NULL, 1, NULL, '2023-03-24 18:18:18', 3, NULL, NULL, 1),
(153, 'JPK.AC.M.61.B2.6.2', NULL, NULL, 56, 184, NULL, 5, NULL, 1, NULL, '2023-03-24 18:18:18', 3, NULL, NULL, 1),
(154, 'JPK.AC.M.61.B2.7.1', NULL, NULL, 57, 184, NULL, 5, NULL, 1, NULL, '2023-03-24 18:18:18', 3, NULL, NULL, 1),
(155, 'JPK.AC.M.61.B2.7.2', NULL, NULL, 58, 184, NULL, 5, NULL, 1, NULL, '2023-03-24 18:18:18', 3, NULL, NULL, 1),
(156, 'JPK.PR.M.61.B2.2.1', NULL, NULL, 719, 184, NULL, 5, NULL, 1, NULL, '2023-03-24 18:18:18', 3, NULL, NULL, 1),
(157, 'JPK.PR.M.61.B2.2.2', NULL, NULL, 720, 184, NULL, 5, NULL, 1, NULL, '2023-03-24 18:18:18', 3, NULL, NULL, 1),
(158, 'JPK.PR.M.61.B2.3', NULL, NULL, 721, 184, NULL, 5, NULL, 1, NULL, '2023-03-24 18:18:18', 3, NULL, NULL, 1),
(159, 'JPK.CT.M.62.B2.01', NULL, NULL, 229, 184, NULL, 5, NULL, 1, NULL, '2023-03-24 18:18:18', 3, NULL, NULL, 1),
(160, 'JPK.CT.M.62.B2.02', NULL, NULL, 229, 184, NULL, 5, NULL, 1, NULL, '2023-03-24 18:18:18', 3, NULL, NULL, 1),
(161, 'JPK.WP.M.62.B2.01', NULL, NULL, 817, 184, NULL, 5, NULL, 1, NULL, '2023-03-24 18:18:18', 3, NULL, NULL, 1),
(162, 'JPK.WP.M.62.B2.02', NULL, NULL, 817, 184, NULL, 5, NULL, 1, NULL, '2023-03-24 18:18:18', 3, NULL, NULL, 1),
(163, 'JPK.WP.M.62.B2.03', NULL, NULL, 817, 184, NULL, 5, NULL, 1, NULL, '2023-03-24 18:18:18', 3, NULL, NULL, 1),
(164, 'JPK.BZ.M.61.B2.01', NULL, NULL, 187, 187, NULL, 5, NULL, 1, NULL, '2023-03-24 18:18:18', 3, NULL, NULL, 1),
(165, 'JPK.BZ.M.61.B2.02', NULL, NULL, 188, 187, NULL, 5, NULL, 1, NULL, '2023-03-24 18:18:18', 3, NULL, NULL, 1),
(166, 'JPK.BZ.M.61.B2.03', NULL, NULL, 189, 187, NULL, 5, NULL, 1, NULL, '2023-03-24 18:18:18', 3, NULL, NULL, 1),
(167, 'JPK.AC.M.61.B2.01', NULL, NULL, 59, 184, NULL, 5, NULL, 1, NULL, '2023-03-24 18:18:18', 3, NULL, NULL, 1),
(168, 'JPK.AC.M.61.B2.02', NULL, NULL, 60, 184, NULL, 5, NULL, 1, NULL, '2023-03-24 18:18:18', 3, NULL, NULL, 1),
(169, 'JPK.AC.M.61.B2.03', NULL, NULL, 61, 184, NULL, 5, NULL, 1, NULL, '2023-03-24 18:18:18', 3, NULL, NULL, 1),
(170, 'JPK.AC.M.61.B2.04', NULL, NULL, 62, 184, NULL, 5, NULL, 1, NULL, '2023-03-24 18:18:18', 3, NULL, NULL, 1),
(171, 'JPK.AC.M.61.B2.05', NULL, NULL, 63, 184, NULL, 5, NULL, 1, NULL, '2023-03-24 18:18:18', 3, NULL, NULL, 1),
(172, 'JPK.AC.M.61.B2.06', NULL, NULL, 64, 184, NULL, 5, NULL, 1, NULL, '2023-03-24 18:18:18', 3, NULL, NULL, 1),
(173, 'JPK.PR.M.61.B2.01', NULL, NULL, 718, 184, NULL, 5, NULL, 1, NULL, '2023-03-24 18:18:18', 3, NULL, NULL, 1),
(174, 'JPK.GT.M.62.B.01', NULL, NULL, 561, 188, NULL, 5, NULL, 1, NULL, '2023-03-24 18:18:18', 3, NULL, NULL, 1),
(175, 'JPK.MR.M.62.B.SA', NULL, NULL, 676, 185, NULL, 5, NULL, 1, NULL, '2023-03-24 18:18:18', 3, NULL, NULL, 1),
(176, 'JPK.MR.M.62.B.SB', NULL, NULL, 677, 185, NULL, 5, NULL, 1, NULL, '2023-03-24 18:18:18', 3, NULL, NULL, 1),
(177, 'JPK.MR.M.62.B.SC', NULL, NULL, 678, 185, NULL, 5, NULL, 1, NULL, '2023-03-24 18:18:18', 3, NULL, NULL, 1),
(178, 'JPK.MR.M.62.B.SE', NULL, NULL, 679, 185, NULL, 5, NULL, 1, NULL, '2023-03-24 18:18:18', 3, NULL, NULL, 1),
(179, 'JPK.CL.M.62.B1.1', NULL, NULL, 193, 185, NULL, 5, NULL, 1, NULL, '2023-03-24 18:18:18', 3, NULL, NULL, 1),
(180, 'JPK.CW.M.62.B1.1', NULL, NULL, 228, 185, NULL, 5, NULL, 1, NULL, '2023-03-24 18:18:18', 3, NULL, NULL, 1),
(181, 'JPK.CW.M.62.B1.2', NULL, NULL, 228, 185, NULL, 5, NULL, 1, NULL, '2023-03-24 18:18:18', 3, NULL, NULL, 1),
(182, 'JPK.HW.M.62.B1.1', NULL, NULL, 575, 185, NULL, 5, NULL, 1, NULL, '2023-03-24 18:18:18', 3, NULL, NULL, 1),
(183, 'JPK.HW.M.62.B1.2', NULL, NULL, 575, 185, NULL, 5, NULL, 1, NULL, '2023-03-24 18:18:18', 3, NULL, NULL, 1),
(184, 'JPK.CT.M.62.B1.1', NULL, NULL, 229, 185, NULL, 5, NULL, 1, NULL, '2023-03-24 18:18:18', 3, NULL, NULL, 1),
(185, 'JPK.CT.M.62.B1.2', NULL, NULL, 229, 185, NULL, 5, NULL, 1, NULL, '2023-03-24 18:18:18', 3, NULL, NULL, 1),
(186, 'JPK.AH.M.62.B1.1', NULL, NULL, 70, 185, NULL, 5, NULL, 1, NULL, '2023-03-24 18:18:18', 3, NULL, NULL, 1),
(187, 'JPK.AH.M.62.B1.2', NULL, NULL, 70, 185, NULL, 5, NULL, 1, NULL, '2023-03-24 18:18:18', 3, NULL, NULL, 1),
(188, 'JPK.AH.M.62.B1.3', NULL, NULL, 70, 185, NULL, 5, NULL, 1, NULL, '2023-03-24 18:18:18', 3, NULL, NULL, 1),
(189, 'JPK.AH.M.62.B1.4', NULL, NULL, 69, 185, NULL, 5, NULL, 1, NULL, '2023-03-24 18:18:18', 3, NULL, NULL, 1),
(190, 'JPK.AH.M.62.B1.5', NULL, NULL, 69, 185, NULL, 5, NULL, 1, NULL, '2023-03-24 18:18:18', 3, NULL, NULL, 1),
(191, 'JPK.AH.M.62.B1.6', NULL, NULL, 68, 185, NULL, 5, NULL, 1, NULL, '2023-03-24 18:18:18', 3, NULL, NULL, 1),
(192, 'JPK.AH.M.62.B1.7', NULL, NULL, 68, 185, NULL, 5, NULL, 1, NULL, '2023-03-24 18:18:18', 3, NULL, NULL, 1),
(193, 'JPK.AH.M.62.B1.8', NULL, NULL, 71, 185, NULL, 5, NULL, 1, NULL, '2023-03-24 18:18:18', 3, NULL, NULL, 1),
(194, 'JPK.AH.M.62.B1.9', NULL, NULL, 71, 185, NULL, 5, NULL, 1, NULL, '2023-03-24 18:18:18', 3, NULL, NULL, 1),
(195, 'JPK.AH.M.62B1.10', NULL, NULL, 67, 185, NULL, 5, NULL, 1, NULL, '2023-03-24 18:18:18', 3, NULL, NULL, 1),
(196, 'JPK.AH.M.62B1.11', NULL, NULL, 67, 185, NULL, 5, NULL, 1, NULL, '2023-03-24 18:18:18', 3, NULL, NULL, 1),
(197, 'JPK.AH.M.62B1.12', NULL, NULL, 67, 185, NULL, 5, NULL, 1, NULL, '2023-03-24 18:18:18', 3, NULL, NULL, 1),
(198, 'JPK.FL.M.62.B.01', NULL, NULL, 263, 185, NULL, 5, NULL, 1, NULL, '2023-03-24 18:18:18', 3, NULL, NULL, 1),
(199, 'JPK.FL.M.62.B.02', NULL, NULL, 239, 185, NULL, 5, NULL, 1, NULL, '2023-03-24 18:18:18', 3, NULL, NULL, 1),
(200, 'JPK.FL.M.62.B.03', NULL, NULL, 239, 185, NULL, 5, NULL, 1, NULL, '2023-03-24 18:18:18', 3, NULL, NULL, 1),
(201, 'JPK.PE.M.62.B.01', NULL, NULL, 711, 185, NULL, 5, NULL, 1, NULL, '2023-03-24 18:18:18', 3, NULL, NULL, 1),
(202, 'JPK.HP.M.62.B.01', NULL, NULL, 568, 185, NULL, 5, NULL, 1, NULL, '2023-03-24 18:18:18', 3, NULL, NULL, 1),
(203, 'JPK.HP.M.62.B.02', NULL, NULL, 568, 185, NULL, 5, NULL, 1, NULL, '2023-03-24 18:18:18', 3, NULL, NULL, 1),
(204, 'JPK.HP.M.62.B.03', NULL, NULL, 568, 185, NULL, 5, NULL, 1, NULL, '2023-03-24 18:18:18', 3, NULL, NULL, 1),
(205, 'JPK.HP.M.62.B.04', NULL, NULL, 568, 185, NULL, 5, NULL, 1, NULL, '2023-03-24 18:18:18', 3, NULL, NULL, 1),
(206, 'JPK.HP.M.62.B.05', NULL, NULL, 568, 185, NULL, 5, NULL, 1, NULL, '2023-03-24 18:18:18', 3, NULL, NULL, 1),
(207, 'JPK.HP.M.62.B.06', NULL, NULL, 568, 185, NULL, 5, NULL, 1, NULL, '2023-03-24 18:18:18', 3, NULL, NULL, 1),
(208, 'JPK.HP.M.62.B.07', NULL, NULL, 568, 185, NULL, 5, NULL, 1, NULL, '2023-03-24 18:18:18', 3, NULL, NULL, 1),
(209, 'JPK.HP.M.62.B.08', NULL, NULL, 568, 185, NULL, 5, NULL, 1, NULL, '2023-03-24 18:18:18', 3, NULL, NULL, 1),
(210, 'JPK.HP.M.62.B.09', NULL, NULL, 568, 185, NULL, 5, NULL, 1, NULL, '2023-03-24 18:18:18', 3, NULL, NULL, 1),
(211, 'JPK.HP.M.62.B.10', NULL, NULL, 568, 185, NULL, 5, NULL, 1, NULL, '2023-03-24 18:18:18', 3, NULL, NULL, 1),
(212, 'JPK.FL.M.62.B.04', NULL, NULL, 263, 185, NULL, 5, NULL, 1, NULL, '2023-03-24 18:18:18', 3, NULL, NULL, 1),
(213, 'JPK.FL.M.62.B.05', NULL, NULL, 263, 185, NULL, 5, NULL, 1, NULL, '2023-03-24 18:18:18', 3, NULL, NULL, 1),
(214, 'JPK.FL.M.62.B.06', NULL, NULL, 239, 185, NULL, 5, NULL, 1, NULL, '2023-03-24 18:18:18', 3, NULL, NULL, 1),
(215, 'JPK.FL.M.62.B.07', NULL, NULL, 239, 185, NULL, 5, NULL, 1, NULL, '2023-03-24 18:18:18', 3, NULL, NULL, 1),
(216, 'JPK.FL.M.62.B.08', NULL, NULL, 239, 185, NULL, 5, NULL, 1, NULL, '2023-03-24 18:18:18', 3, NULL, NULL, 1),
(217, 'JPK.FL.M.62.B.09', NULL, NULL, 239, 185, NULL, 5, NULL, 1, NULL, '2023-03-24 18:18:18', 3, NULL, NULL, 1),
(218, 'JPK.FL.M.62.B.10', NULL, NULL, 239, 185, NULL, 5, NULL, 1, NULL, '2023-03-24 18:18:18', 3, NULL, NULL, 1),
(219, 'JPK.PE.M.62.B.02', NULL, NULL, 705, 185, NULL, 5, NULL, 1, NULL, '2023-03-24 18:18:18', 3, NULL, NULL, 1),
(220, 'JPK.PE.M.62.B.03', NULL, NULL, 705, 185, NULL, 5, NULL, 1, NULL, '2023-03-24 18:18:18', 3, NULL, NULL, 1),
(221, 'JPK.PE.M.62.B.04', NULL, NULL, 705, 185, NULL, 5, NULL, 1, NULL, '2023-03-24 18:18:18', 3, NULL, NULL, 1),
(222, 'JPK.PE.M.62.B.05', NULL, NULL, 705, 185, NULL, 5, NULL, 1, NULL, '2023-03-24 18:18:18', 3, NULL, NULL, 1),
(223, 'JPK.PE.M.62.B.06', NULL, NULL, 705, 185, NULL, 5, NULL, 1, NULL, '2023-03-24 18:18:18', 3, NULL, NULL, 1),
(224, 'JPK.PE.M.62.B.07', NULL, NULL, 705, 185, NULL, 5, NULL, 1, NULL, '2023-03-24 18:18:18', 3, NULL, NULL, 1),
(225, 'JPK.PE.M.62.B.08', NULL, NULL, 705, 185, NULL, 5, NULL, 1, NULL, '2023-03-24 18:18:18', 3, NULL, NULL, 1),
(226, 'JPK.PE.M.62.B.09', NULL, NULL, 705, 185, NULL, 5, NULL, 1, NULL, '2023-03-24 18:18:18', 3, NULL, NULL, 1),
(227, 'JPK.PE.M.62.B.10', NULL, NULL, 705, 185, NULL, 5, NULL, 1, NULL, '2023-03-24 18:18:18', 3, NULL, NULL, 1),
(228, 'JPK.PE.M.62.B.11', NULL, NULL, 705, 185, NULL, 5, NULL, 1, NULL, '2023-03-24 18:18:18', 3, NULL, NULL, 1),
(229, 'JPK.FP.M.62.B.1', NULL, NULL, 532, 188, NULL, 5, NULL, 1, NULL, '2023-03-24 18:18:18', 3, NULL, NULL, 1),
(230, 'AC.M.51.00.06P', NULL, NULL, 1411, 102, NULL, 1, NULL, 1, NULL, '2023-03-24 18:18:18', 3, NULL, NULL, 1),
(231, 'AC.M.51.00.07P', NULL, NULL, 1398, 102, NULL, 1, NULL, 1, NULL, '2023-03-24 18:18:18', 3, NULL, NULL, 1),
(232, 'AC.M.51.00.14P', NULL, NULL, 1420, 34, NULL, 1, NULL, 1, NULL, '2023-03-24 18:18:18', 3, NULL, NULL, 1),
(233, 'AC.M.51.00.15P', NULL, NULL, 1399, 96, NULL, 1, NULL, 1, NULL, '2023-03-24 18:18:18', 3, NULL, NULL, 1),
(234, 'AC.M.51.00.16P', NULL, NULL, 1409, 38, NULL, 1, NULL, 1, NULL, '2023-03-24 18:18:18', 3, NULL, NULL, 1),
(235, 'AC.M.51.00.17P', NULL, NULL, 1410, 106, NULL, 1, NULL, 1, NULL, '2023-03-24 18:18:18', 3, NULL, NULL, 1),
(236, 'AC.M.51.00.18P', NULL, NULL, 1418, 69, NULL, 1, NULL, 1, NULL, '2023-03-24 18:18:18', 3, NULL, NULL, 1),
(237, 'AC.M.51.00.19P', NULL, NULL, 1407, 70, NULL, 1, NULL, 1, NULL, '2023-03-24 18:18:18', 3, NULL, NULL, 1),
(238, 'AC.M.51.00.20P', NULL, NULL, 1407, 70, NULL, 1, NULL, 1, NULL, '2023-03-24 18:18:18', 3, NULL, NULL, 1),
(239, 'AC.M.51.00.21P', NULL, NULL, 1405, 89, NULL, 1, NULL, 1, NULL, '2023-03-24 18:18:18', 3, NULL, NULL, 1),
(240, 'AC.M.51.00.22P', NULL, NULL, 1390, 92, NULL, 1, NULL, 1, NULL, '2023-03-24 18:18:18', 3, NULL, NULL, 1),
(241, 'AC.M.51.00.23P', NULL, NULL, 1390, 92, NULL, 1, NULL, 1, NULL, '2023-03-24 18:18:18', 3, NULL, NULL, 1),
(242, 'AC.M.51.00.24P', NULL, NULL, 1395, 91, NULL, 1, NULL, 1, NULL, '2023-03-24 18:18:18', 3, NULL, NULL, 1),
(243, 'AC.M.51.00.25P', NULL, NULL, 1417, 95, NULL, 1, NULL, 1, NULL, '2023-03-24 18:18:18', 3, NULL, NULL, 1),
(244, 'AC.M.51.00.26P', NULL, NULL, 1389, 94, NULL, 1, NULL, 1, NULL, '2023-03-24 18:18:18', 3, NULL, NULL, 1),
(245, 'AC.M.51.00.27P', NULL, NULL, 1391, 84, NULL, 1, NULL, 1, NULL, '2023-03-24 18:18:18', 3, NULL, NULL, 1),
(246, 'AC.M.51.00.28P', NULL, NULL, 1392, 83, NULL, 1, NULL, 1, NULL, '2023-03-24 18:18:18', 3, NULL, NULL, 1),
(247, 'AC.M.51.00.29P', NULL, NULL, 1393, 82, NULL, 1, NULL, 1, NULL, '2023-03-24 18:18:18', 3, NULL, NULL, 1),
(248, 'AC.M.51.00.30P', NULL, NULL, 1394, 81, NULL, 1, NULL, 1, NULL, '2023-03-24 18:18:18', 3, NULL, NULL, 1),
(249, 'AC.M.55.00.35P', NULL, NULL, 1446, 72, NULL, 1, NULL, 1, NULL, '2023-03-24 18:18:18', 3, NULL, NULL, 1),
(250, 'AC.M.58.00.36P', NULL, NULL, 1447, 71, NULL, 1, NULL, 1, NULL, '2023-03-24 18:18:18', 3, NULL, NULL, 1),
(251, 'AC.M.58.00.37P', NULL, NULL, 1423, 105, NULL, 1, NULL, 1, NULL, '2023-03-24 18:18:18', 3, NULL, NULL, 1),
(252, 'AC.M.58.00.38P', NULL, NULL, 1437, 91, NULL, 1, NULL, 1, NULL, '2023-03-24 18:18:18', 3, NULL, NULL, 1),
(253, 'AC.M.58.00.39P', NULL, NULL, 1443, 87, NULL, 1, NULL, 1, NULL, '2023-03-24 18:18:18', 3, NULL, NULL, 1),
(254, 'AC.M.58.00.40P', NULL, NULL, 1442, 88, NULL, 1, NULL, 1, NULL, '2023-03-24 18:18:18', 3, NULL, NULL, 1),
(255, 'AC.M.58.00.41P', NULL, NULL, 1428, 100, NULL, 1, NULL, 1, NULL, '2023-03-24 18:18:18', 3, NULL, NULL, 1),
(256, 'AC.M.58.00.42P', NULL, NULL, 1445, 74, NULL, 1, NULL, 1, NULL, '2023-03-24 18:18:18', 3, NULL, NULL, 1),
(257, 'AC.M.58.00.43P', NULL, NULL, 1444, 86, NULL, 1, NULL, 1, NULL, '2023-03-24 18:18:18', 3, NULL, NULL, 1),
(258, 'WT.M.56.00.03P', NULL, NULL, 1348, 27, NULL, 1, NULL, 1, NULL, '2023-03-24 18:18:18', 3, NULL, NULL, 1),
(259, 'RT.M.57.00.01P', NULL, NULL, 915, 27, NULL, 1, NULL, 1, NULL, '2023-03-24 18:18:18', 3, NULL, NULL, 1),
(260, 'RT.M.52.00.02P', NULL, NULL, 914, 27, NULL, 1, NULL, 1, NULL, '2023-03-24 18:18:18', 3, NULL, NULL, 1),
(261, 'CS.M.39.01.01P', NULL, NULL, 864, 148, NULL, 1, NULL, 1, NULL, '2023-03-24 18:18:18', 3, NULL, NULL, 1),
(262, 'CS.M.39.01.02P', NULL, NULL, 864, 148, NULL, 1, NULL, 1, NULL, '2023-03-24 18:18:18', 3, NULL, NULL, 1),
(263, 'CS.M.39.01.03P', NULL, NULL, 864, 148, NULL, 1, NULL, 1, NULL, '2023-03-24 18:18:18', 3, NULL, NULL, 1),
(264, 'CS.M.39.01.04P', NULL, NULL, 864, 148, NULL, 1, NULL, 1, NULL, '2023-03-24 18:18:18', 3, NULL, NULL, 1),
(265, 'CS.M.39.01.05P', NULL, NULL, 864, 148, NULL, 1, NULL, 1, NULL, '2023-03-24 18:18:18', 3, NULL, NULL, 1),
(266, 'CS.M.39.01.06P', NULL, NULL, 864, 148, NULL, 1, NULL, 1, NULL, '2023-03-24 18:18:18', 3, NULL, NULL, 1),
(267, 'CS.M.61.01.24P', NULL, NULL, 866, 133, NULL, 1, NULL, 1, NULL, '2023-03-24 18:18:18', 3, NULL, NULL, 1),
(268, 'FL.M.55.01.37P', NULL, NULL, 537, 132, NULL, 1, NULL, 1, NULL, '2023-03-24 18:18:18', 3, NULL, NULL, 1),
(269, 'WC.M.39.01.03P', NULL, NULL, 851, 132, NULL, 1, NULL, 1, NULL, '2023-03-24 18:18:18', 3, NULL, NULL, 1),
(270, 'WC.M.57.01.44P', NULL, NULL, 852, 132, NULL, 1, NULL, 1, NULL, '2023-03-24 18:18:18', 3, NULL, NULL, 1),
(271, 'WC.M.57.01.45P', NULL, NULL, 852, 132, NULL, 1, NULL, 1, NULL, '2023-03-24 18:18:18', 3, NULL, NULL, 1),
(272, 'GT.M.40.01.01P', NULL, NULL, 564, 154, NULL, 1, NULL, 1, NULL, '2023-03-24 18:18:18', 3, NULL, NULL, 1),
(273, 'AP.M.39.01.01P', NULL, NULL, 96, 148, NULL, 1, NULL, 1, NULL, '2023-03-24 18:18:18', 3, NULL, NULL, 1),
(274, 'AP.M.39.01.02P', NULL, NULL, 94, 148, NULL, 1, NULL, 1, NULL, '2023-03-24 18:18:18', 3, NULL, NULL, 1),
(275, 'AP.M.39.01.03P', NULL, NULL, 93, 148, NULL, 1, NULL, 1, NULL, '2023-03-24 18:18:18', 3, NULL, NULL, 1),
(276, 'AP.M.39.01.04P', NULL, NULL, 92, 148, NULL, 1, NULL, 1, NULL, '2023-03-24 18:18:18', 3, NULL, NULL, 1),
(277, 'AP.M.39.01.05P', NULL, NULL, 95, 148, NULL, 1, NULL, 1, NULL, '2023-03-24 18:18:18', 3, NULL, NULL, 1),
(278, 'WP.M.39.01.01P', NULL, NULL, 822, 148, NULL, 1, NULL, 1, NULL, '2023-03-24 18:18:18', 3, NULL, NULL, 1),
(279, 'WP.M.39.01.02P', NULL, NULL, 824, 148, NULL, 1, NULL, 1, NULL, '2023-03-24 18:18:18', 3, NULL, NULL, 1),
(280, 'CP.M.39.01.01P', NULL, NULL, 215, 171, NULL, 1, NULL, 1, NULL, '2023-03-24 18:18:18', 3, NULL, NULL, 1),
(281, 'CP.M.61.01.10P', NULL, NULL, 226, 156, NULL, 1, NULL, 1, NULL, '2023-03-24 18:18:18', 3, NULL, NULL, 1),
(282, 'AC.M.39.01.01P', NULL, NULL, 1401, 171, NULL, 1, NULL, 1, NULL, '2023-03-24 18:18:18', 3, NULL, NULL, 1),
(283, 'AC.M.51.01.08P', NULL, NULL, 1408, 68, NULL, 1, NULL, 1, NULL, '2023-03-24 18:18:18', 3, NULL, NULL, 1),
(284, 'AC.M.51.01.09P', NULL, NULL, 1408, 68, NULL, 1, NULL, 1, NULL, '2023-03-24 18:18:18', 3, NULL, NULL, 1),
(285, 'AC.M.51.01.10P', NULL, NULL, 1406, 73, NULL, 1, NULL, 1, NULL, '2023-03-24 18:18:18', 3, NULL, NULL, 1),
(286, 'AC.M.51.01.11P', NULL, NULL, 1406, 73, NULL, 1, NULL, 1, NULL, '2023-03-24 18:18:18', 3, NULL, NULL, 1),
(287, 'AC.M.51.01.12P', NULL, NULL, 1419, 68, NULL, 1, NULL, 1, NULL, '2023-03-24 18:18:18', 3, NULL, NULL, 1),
(288, 'AC.M.51.01.13P', NULL, NULL, 1408, 85, NULL, 1, NULL, 1, NULL, '2023-03-24 18:18:18', 3, NULL, NULL, 1),
(289, 'AC.M.61.01.46P', NULL, NULL, 1400, 98, NULL, 1, NULL, 1, NULL, '2023-03-24 18:18:18', 3, NULL, NULL, 1),
(290, 'EC.M.43.01.02P', NULL, NULL, 1335, 126, NULL, 1, NULL, 1, NULL, '2023-03-24 18:18:18', 3, NULL, NULL, 1),
(291, 'EC.M.50.01.09P', NULL, NULL, 1335, 126, NULL, 1, NULL, 1, NULL, '2023-03-24 18:18:18', 3, NULL, NULL, 1),
(292, 'EC.M.53.01.10P', NULL, NULL, 1335, 126, NULL, 1, NULL, 1, NULL, '2023-03-24 18:18:18', 3, NULL, NULL, 1),
(293, 'EC.M.61.01.15P', NULL, NULL, 1335, 126, NULL, 1, NULL, 1, NULL, '2023-03-24 18:18:18', 3, NULL, NULL, 1),
(294, 'LE.M.47.01.01P', NULL, NULL, 1471, 23, NULL, 1, NULL, 1, NULL, '2023-03-24 18:18:18', 3, NULL, NULL, 1),
(295, 'LE.M.47.01.02P', NULL, NULL, 1471, 23, NULL, 1, NULL, 1, NULL, '2023-03-24 18:18:18', 3, NULL, NULL, 1),
(296, 'LE.M.56.01.19P', NULL, NULL, 1471, 23, NULL, 1, NULL, 1, NULL, '2023-03-24 18:18:18', 3, NULL, NULL, 1),
(297, 'LE.M.61.01.22P', NULL, NULL, 1477, 23, NULL, 1, NULL, 1, NULL, '2023-03-24 18:18:18', 3, NULL, NULL, 1),
(298, 'CF.M.49.01.01P', NULL, NULL, 227, 23, NULL, 1, NULL, 1, NULL, '2023-03-24 18:18:18', 3, NULL, NULL, 1),
(299, 'CF.M.49.01.02P', NULL, NULL, 227, 23, NULL, 1, NULL, 1, NULL, '2023-03-24 18:18:18', 3, NULL, NULL, 1),
(300, 'SN.M.39.01.01P', NULL, NULL, 767, 125, NULL, 1, NULL, 1, NULL, '2023-03-24 18:18:18', 3, NULL, NULL, 1),
(301, 'HP.M.51.01.01P', NULL, NULL, 964, 115, NULL, 1, NULL, 1, NULL, '2023-03-24 18:18:18', 3, NULL, NULL, 1),
(302, 'HP.M.51.01.02P', NULL, NULL, 964, 115, NULL, 1, NULL, 1, NULL, '2023-03-24 18:18:18', 3, NULL, NULL, 1),
(303, 'HP.M.53.01.03P', NULL, NULL, 964, 115, NULL, 1, NULL, 1, NULL, '2023-03-24 18:18:18', 3, NULL, NULL, 1),
(304, 'ET.M.39.01.01P', NULL, NULL, 383, 47, NULL, 1, NULL, 1, NULL, '2023-03-24 18:18:18', 3, NULL, NULL, 1),
(305, 'ET.M.39.01.02P', NULL, NULL, 384, 47, NULL, 1, NULL, 1, NULL, '2023-03-24 18:18:18', 3, NULL, NULL, 1),
(306, 'ET.M.39.01.03P', NULL, NULL, 407, 46, NULL, 1, NULL, 1, NULL, '2023-03-24 18:18:18', 3, NULL, NULL, 1),
(307, 'ET.M.39.01.04P', NULL, NULL, 408, 46, NULL, 1, NULL, 1, NULL, '2023-03-24 18:18:18', 3, NULL, NULL, 1),
(308, 'ET.M.39.01.05P', NULL, NULL, 409, 46, NULL, 1, NULL, 1, NULL, '2023-03-24 18:18:18', 3, NULL, NULL, 1),
(309, 'ET.M.39.01.06P', NULL, NULL, 427, 45, NULL, 1, NULL, 1, NULL, '2023-03-24 18:18:18', 3, NULL, NULL, 1),
(310, 'ET.M.39.01.07P', NULL, NULL, 428, 45, NULL, 1, NULL, 1, NULL, '2023-03-24 18:18:18', 3, NULL, NULL, 1),
(311, 'ET.M.39.01.08P', NULL, NULL, 429, 45, NULL, 1, NULL, 1, NULL, '2023-03-24 18:18:18', 3, NULL, NULL, 1),
(312, 'ET.M.39.01.09P', NULL, NULL, 430, 44, NULL, 1, NULL, 1, NULL, '2023-03-24 18:18:18', 3, NULL, NULL, 1),
(313, 'ET.M.39.01.10P', NULL, NULL, 431, 44, NULL, 1, NULL, 1, NULL, '2023-03-24 18:18:18', 3, NULL, NULL, 1),
(314, 'ET.M.39.01.11P', NULL, NULL, 432, 44, NULL, 1, NULL, 1, NULL, '2023-03-24 18:18:18', 3, NULL, NULL, 1),
(315, 'ET.M.39.01.12P', NULL, NULL, 433, 43, NULL, 1, NULL, 1, NULL, '2023-03-24 18:18:18', 3, NULL, NULL, 1),
(316, 'ET.M.39.01.13P', NULL, NULL, 434, 43, NULL, 1, NULL, 1, NULL, '2023-03-24 18:18:18', 3, NULL, NULL, 1),
(317, 'ET.M.39.01.14P', NULL, NULL, 361, 103, NULL, 1, NULL, 1, NULL, '2023-03-24 18:18:18', 3, NULL, NULL, 1),
(318, 'ET.M.39.01.15P', NULL, NULL, 327, 177, NULL, 1, NULL, 1, NULL, '2023-03-24 18:18:18', 3, NULL, NULL, 1),
(319, 'ET.M.39.01.16P', NULL, NULL, 328, 177, NULL, 1, NULL, 1, NULL, '2023-03-24 18:18:18', 3, NULL, NULL, 1),
(320, 'ET.M.39.01.17P', NULL, NULL, 329, 177, NULL, 1, NULL, 1, NULL, '2023-03-24 18:18:18', 3, NULL, NULL, 1),
(321, 'ET.M.39.01.18P', NULL, NULL, 330, 177, NULL, 1, NULL, 1, NULL, '2023-03-24 18:18:18', 3, NULL, NULL, 1),
(322, 'ET.M.39.01.19P', NULL, NULL, 366, 80, NULL, 1, NULL, 1, NULL, '2023-03-24 18:18:18', 3, NULL, NULL, 1),
(323, 'ET.M.39.01.20P', NULL, NULL, 367, 80, NULL, 1, NULL, 1, NULL, '2023-03-24 18:18:18', 3, NULL, NULL, 1),
(324, 'ET.M.39.01.21P', NULL, NULL, 368, 79, NULL, 1, NULL, 1, NULL, '2023-03-24 18:18:18', 3, NULL, NULL, 1),
(325, 'ET.M.39.01.22P', NULL, NULL, 369, 79, NULL, 1, NULL, 1, NULL, '2023-03-24 18:18:18', 3, NULL, NULL, 1),
(326, 'ET.M.39.01.23P', NULL, NULL, 370, 78, NULL, 1, NULL, 1, NULL, '2023-03-24 18:18:18', 3, NULL, NULL, 1),
(327, 'ET.M.39.01.24P', NULL, NULL, 371, 78, NULL, 1, NULL, 1, NULL, '2023-03-24 18:18:18', 3, NULL, NULL, 1),
(328, 'ET.M.52.01.85P', NULL, NULL, 372, 77, NULL, 1, NULL, 1, NULL, '2023-03-24 18:18:18', 3, NULL, NULL, 1),
(329, 'ET.M.52.01.86P', NULL, NULL, 373, 77, NULL, 1, NULL, 1, NULL, '2023-03-24 18:18:18', 3, NULL, NULL, 1),
(330, 'ET.M.57.01.135P', NULL, NULL, 374, 76, NULL, 1, NULL, 1, NULL, '2023-03-24 18:18:18', 3, NULL, NULL, 1),
(331, 'ET.M.57.01.136P', NULL, NULL, 375, 76, NULL, 1, NULL, 1, NULL, '2023-03-24 18:18:18', 3, NULL, NULL, 1),
(332, 'ET.M.57.01.141P', NULL, NULL, 376, 75, NULL, 1, NULL, 1, NULL, '2023-03-24 18:18:18', 3, NULL, NULL, 1),
(333, 'ET.M.57.01.142P', NULL, NULL, 376, 75, NULL, 1, NULL, 1, NULL, '2023-03-24 18:18:18', 3, NULL, NULL, 1),
(334, 'ET.M.58.01.162P', NULL, NULL, 355, 114, NULL, 1, NULL, 1, NULL, '2023-03-24 18:18:18', 3, NULL, NULL, 1),
(335, 'ET.M.58.01.163P', NULL, NULL, 448, 36, NULL, 1, NULL, 1, NULL, '2023-03-24 18:18:18', 3, NULL, NULL, 1),
(336, 'ET.M.61.01.169P', NULL, NULL, 447, 37, NULL, 1, NULL, 1, NULL, '2023-03-24 18:18:18', 3, NULL, NULL, 1),
(337, 'ET.M.61.01.170P', NULL, NULL, 344, 23, NULL, 1, NULL, 1, NULL, '2023-03-24 18:18:18', 3, NULL, NULL, 1),
(338, 'FP.M.37.01.01P', NULL, NULL, 534, 23, NULL, 1, NULL, 1, NULL, '2023-03-24 18:18:18', 3, NULL, NULL, 1),
(339, 'FP.M.37.01.02P', NULL, NULL, 533, 23, NULL, 1, NULL, 1, NULL, '2023-03-24 18:18:18', 3, NULL, NULL, 1),
(340, 'WM.M.51.01.01P', NULL, NULL, 814, 23, NULL, 1, NULL, 1, NULL, '2023-03-24 18:18:18', 3, NULL, NULL, 1),
(341, 'WT.M.54.01.02P', NULL, NULL, 1349, 18, NULL, 1, NULL, 1, NULL, '2023-03-24 18:18:18', 3, NULL, NULL, 1),
(342, 'EL.M.39.01.01P', NULL, NULL, 1466, 23, NULL, 1, NULL, 1, NULL, '2023-03-24 18:18:18', 3, NULL, NULL, 1),
(343, 'EL.M.39.01.02P', NULL, NULL, 1466, 23, NULL, 1, NULL, 1, NULL, '2023-03-24 18:18:18', 3, NULL, NULL, 1),
(344, 'SF.M.61.01.01P', NULL, NULL, 771, 23, NULL, 1, NULL, 1, NULL, '2023-03-24 18:18:18', 3, NULL, NULL, 1),
(345, 'RM.M.61.01.01P', NULL, NULL, 734, 23, NULL, 1, NULL, 1, NULL, '2023-03-24 18:18:18', 3, NULL, NULL, 1),
(346, 'RM.M.61.01.02P', NULL, NULL, 734, 23, NULL, 1, NULL, 1, NULL, '2023-03-24 18:18:18', 3, NULL, NULL, 1),
(347, 'SP.M.61.01.01P', NULL, NULL, 1356, 23, NULL, 1, NULL, 1, NULL, '2023-03-24 18:18:18', 3, NULL, NULL, 1),
(348, 'SP.M.61.01.02P', NULL, NULL, 1356, 23, NULL, 1, NULL, 1, NULL, '2023-03-24 18:18:18', 3, NULL, NULL, 1),
(349, 'SP.M.60.01.03P', NULL, NULL, 1356, 23, NULL, 1, NULL, 1, NULL, '2023-03-24 18:18:18', 3, NULL, NULL, 1),
(350, 'SP.M.60.01.04P', NULL, NULL, 1356, 23, NULL, 1, NULL, 1, NULL, '2023-03-24 18:18:18', 3, NULL, NULL, 1),
(351, 'MD.M.61.01.01P', NULL, NULL, 1343, 23, NULL, 1, NULL, 1, NULL, '2023-03-24 18:18:18', 3, NULL, NULL, 1),
(352, 'CS.M.43.02.07P', NULL, NULL, 865, 147, NULL, 1, NULL, 1, NULL, '2023-03-24 18:18:18', 3, NULL, NULL, 1),
(353, 'CS.M.43.02.08P', NULL, NULL, 865, 147, NULL, 1, NULL, 1, NULL, '2023-03-24 18:18:18', 3, NULL, NULL, 1),
(354, 'WC.M.44.02.09P', NULL, NULL, 850, 132, NULL, 1, NULL, 1, NULL, '2023-03-24 18:18:18', 3, NULL, NULL, 1),
(355, 'WC.M.45.02.10P', NULL, NULL, 850, 132, NULL, 1, NULL, 1, NULL, '2023-03-24 18:18:18', 3, NULL, NULL, 1),
(356, 'WC.M.54.02.36P', NULL, NULL, 850, 132, NULL, 1, NULL, 1, NULL, '2023-03-24 18:18:18', 3, NULL, NULL, 1),
(357, 'WC.M.56.02.43P', NULL, NULL, 852, 132, NULL, 1, NULL, 1, NULL, '2023-03-24 18:18:18', 3, NULL, NULL, 1),
(358, 'AP.M.43.02.06P', NULL, NULL, 91, 147, NULL, 1, NULL, 1, NULL, '2023-03-24 18:18:18', 3, NULL, NULL, 1),
(359, 'AP.M.43.02.07P', NULL, NULL, 91, 147, NULL, 1, NULL, 1, NULL, '2023-03-24 18:18:18', 3, NULL, NULL, 1),
(360, 'AP.M.44.02.08P', NULL, NULL, 91, 148, NULL, 1, NULL, 1, NULL, '2023-03-24 18:18:18', 3, NULL, NULL, 1),
(361, 'AP.M.44.02.09P', NULL, NULL, 91, 148, NULL, 1, NULL, 1, NULL, '2023-03-24 18:18:18', 3, NULL, NULL, 1),
(362, 'WP.M.57.02.10P', NULL, NULL, 818, 22, NULL, 1, NULL, 1, NULL, '2023-03-24 18:18:18', 3, NULL, NULL, 1),
(363, 'CP.M.43.02.02P', NULL, NULL, 218, 170, NULL, 1, NULL, 1, NULL, '2023-03-24 18:18:18', 3, NULL, NULL, 1),
(364, 'CP.M.60.02.09P', NULL, NULL, 225, 160, NULL, 1, NULL, 1, NULL, '2023-03-24 18:18:18', 3, NULL, NULL, 1),
(365, 'TF.M.43.02.02P', NULL, NULL, 790, 124, NULL, 1, NULL, 1, NULL, '2023-03-24 18:18:18', 3, NULL, NULL, 1),
(366, 'AC.M.56.02.02P', NULL, NULL, 72, 170, NULL, 1, NULL, 1, NULL, '2023-03-24 18:18:18', 3, NULL, NULL, 1),
(367, 'LE.M.47.02.03P', NULL, NULL, 1471, 22, NULL, 1, NULL, 1, NULL, '2023-03-24 18:18:18', 3, NULL, NULL, 1),
(368, 'HP.M.53.02.04P', NULL, NULL, 965, 115, NULL, 1, NULL, 1, NULL, '2023-03-24 18:18:18', 3, NULL, NULL, 1),
(369, 'ET.M.43.02.26P', NULL, NULL, 435, 48, NULL, 1, NULL, 1, NULL, '2023-03-24 18:18:18', 3, NULL, NULL, 1),
(370, 'ET.M.43.02.27P', NULL, NULL, 436, 48, NULL, 1, NULL, 1, NULL, '2023-03-24 18:18:18', 3, NULL, NULL, 1),
(371, 'ET.M.43.02.28P', NULL, NULL, 437, 42, NULL, 1, NULL, 1, NULL, '2023-03-24 18:18:18', 3, NULL, NULL, 1),
(372, 'ET.M.43.02.29P', NULL, NULL, 438, 42, NULL, 1, NULL, 1, NULL, '2023-03-24 18:18:18', 3, NULL, NULL, 1),
(373, 'ET.M.43.02.30P', NULL, NULL, 439, 42, NULL, 1, NULL, 1, NULL, '2023-03-24 18:18:18', 3, NULL, NULL, 1),
(374, 'ET.M.43.02.31P', NULL, NULL, 440, 41, NULL, 1, NULL, 1, NULL, '2023-03-24 18:18:18', 3, NULL, NULL, 1),
(375, 'ET.M.43.02.32P', NULL, NULL, 441, 41, NULL, 1, NULL, 1, NULL, '2023-03-24 18:18:18', 3, NULL, NULL, 1),
(376, 'ET.M.43.02.33P', NULL, NULL, 442, 41, NULL, 1, NULL, 1, NULL, '2023-03-24 18:18:18', 3, NULL, NULL, 1),
(377, 'ET.M.59.02.164P', NULL, NULL, 443, 41, NULL, 1, NULL, 1, NULL, '2023-03-24 18:18:18', 3, NULL, NULL, 1),
(378, 'ET.M.43.02.34P', NULL, NULL, 444, 40, NULL, 1, NULL, 1, NULL, '2023-03-24 18:18:18', 3, NULL, NULL, 1),
(379, 'ET.M.43.02.35P', NULL, NULL, 445, 40, NULL, 1, NULL, 1, NULL, '2023-03-24 18:18:18', 3, NULL, NULL, 1),
(380, 'ET.M.43.02.36P', NULL, NULL, 446, 40, NULL, 1, NULL, 1, NULL, '2023-03-24 18:18:18', 3, NULL, NULL, 1),
(381, 'ET.M.59.02.165P', NULL, NULL, 446, 40, NULL, 1, NULL, 1, NULL, '2023-03-24 18:18:18', 3, NULL, NULL, 1),
(382, 'ET.M.43.02.37P', NULL, NULL, 331, 176, NULL, 1, NULL, 1, NULL, '2023-03-24 18:18:18', 3, NULL, NULL, 1),
(383, 'ET.M.43.02.38P', NULL, NULL, 332, 176, NULL, 1, NULL, 1, NULL, '2023-03-24 18:18:18', 3, NULL, NULL, 1),
(384, 'ET.M.43.02.39P', NULL, NULL, 321, 182, NULL, 1, NULL, 1, NULL, '2023-03-24 18:18:18', 3, NULL, NULL, 1),
(385, 'ET.M.43.02.40P', NULL, NULL, 346, 113, NULL, 1, NULL, 1, NULL, '2023-03-24 18:18:18', 3, NULL, NULL, 1),
(386, 'ET.M.43.02.41P', NULL, NULL, 347, 113, NULL, 1, NULL, 1, NULL, '2023-03-24 18:18:18', 3, NULL, NULL, 1),
(387, 'ET.M.58.02.25P', NULL, NULL, 356, 113, NULL, 1, NULL, 1, NULL, '2023-03-24 18:18:18', 3, NULL, NULL, 1),
(388, 'FP.M.57.02.03P', NULL, NULL, 535, 22, NULL, 1, NULL, 1, NULL, '2023-03-24 18:18:18', 3, NULL, NULL, 1),
(389, 'EL.M.43.02.03P', NULL, NULL, 1467, 22, NULL, 1, NULL, 1, NULL, '2023-03-24 18:18:18', 3, NULL, NULL, 1),
(390, 'EL.M.43.02.04P', NULL, NULL, 1467, 22, NULL, 1, NULL, 1, NULL, '2023-03-24 18:18:18', 3, NULL, NULL, 1),
(391, 'EL.M.43.02.05P', NULL, NULL, 1467, 22, NULL, 1, NULL, 1, NULL, '2023-03-24 18:18:18', 3, NULL, NULL, 1),
(392, 'IV.M.60.02.17P', NULL, NULL, 595, 137, NULL, 1, NULL, 1, NULL, '2023-03-24 18:18:18', 3, NULL, NULL, 1),
(393, 'IV.M.60.02.18P', NULL, NULL, 595, 137, NULL, 1, NULL, 1, NULL, '2023-03-24 18:18:18', 3, NULL, NULL, 1),
(394, 'IV.M.60.02.19P', NULL, NULL, 595, 137, NULL, 1, NULL, 1, NULL, '2023-03-24 18:18:18', 3, NULL, NULL, 1),
(395, 'IV.M.60.02.20P', NULL, NULL, 595, 137, NULL, 1, NULL, 1, NULL, '2023-03-24 18:18:18', 3, NULL, NULL, 1),
(396, 'IV.M.60.02.21P', NULL, NULL, 595, 137, NULL, 1, NULL, 1, NULL, '2023-03-24 18:18:18', 3, NULL, NULL, 1),
(397, 'IV.M.62.02.33P', NULL, NULL, 595, 137, NULL, 1, NULL, 1, NULL, '2023-03-24 18:18:18', 3, NULL, NULL, 1),
(398, 'IV.M.62.02.34P', NULL, NULL, 595, 137, NULL, 1, NULL, 1, NULL, '2023-03-24 18:18:18', 3, NULL, NULL, 1),
(399, 'IV.M.62.02.35P', NULL, NULL, 595, 137, NULL, 1, NULL, 1, NULL, '2023-03-24 18:18:18', 3, NULL, NULL, 1),
(400, 'IV.M.62.02.36P', NULL, NULL, 595, 137, NULL, 1, NULL, 1, NULL, '2023-03-24 18:18:18', 3, NULL, NULL, 1),
(401, 'IV.M.62.02.37P', NULL, NULL, 595, 137, NULL, 1, NULL, 1, NULL, '2023-03-24 18:18:18', 3, NULL, NULL, 1),
(402, 'IV.M.62.02.38P', NULL, NULL, 595, 137, NULL, 1, NULL, 1, NULL, '2023-03-24 18:18:18', 3, NULL, NULL, 1),
(403, 'IV.M.62.02.39P', NULL, NULL, 595, 137, NULL, 1, NULL, 1, NULL, '2023-03-24 18:18:18', 3, NULL, NULL, 1),
(404, 'IV.M.62.02.40P', NULL, NULL, 595, 137, NULL, 1, NULL, 1, NULL, '2023-03-24 18:18:18', 3, NULL, NULL, 1),
(405, 'IV.M.62.02.41P', NULL, NULL, 595, 137, NULL, 1, NULL, 1, NULL, '2023-03-24 18:18:18', 3, NULL, NULL, 1),
(406, 'IV.M.62.02.42P', NULL, NULL, 595, 137, NULL, 1, NULL, 1, NULL, '2023-03-24 18:18:18', 3, NULL, NULL, 1),
(407, 'IV.M.62.02.43P', NULL, NULL, 595, 137, NULL, 1, NULL, 1, NULL, '2023-03-24 18:18:18', 3, NULL, NULL, 1),
(408, 'CS.M.44.03.09P', NULL, NULL, 567, 146, NULL, 1, NULL, 1, NULL, '2023-03-24 18:18:18', 3, NULL, NULL, 1),
(409, 'CS.M.44.03.10P', NULL, NULL, 567, 146, NULL, 1, NULL, 1, NULL, '2023-03-24 18:18:18', 3, NULL, NULL, 1),
(410, 'CS.M.56.03.23P', NULL, NULL, 762, 146, NULL, 1, NULL, 1, NULL, '2023-03-24 18:18:18', 3, NULL, NULL, 1),
(411, 'FL.M.45.03.18P', NULL, NULL, 538, 132, NULL, 1, NULL, 1, NULL, '2023-03-24 18:18:18', 3, NULL, NULL, 1),
(412, 'WC.M.47.03.16P', NULL, NULL, 850, 132, NULL, 1, NULL, 1, NULL, '2023-03-24 18:18:18', 3, NULL, NULL, 1),
(413, 'WC.M.47.03.17P', NULL, NULL, 850, 132, NULL, 1, NULL, 1, NULL, '2023-03-24 18:18:18', 3, NULL, NULL, 1),
(414, 'WC.M.47.03.18P', NULL, NULL, 850, 132, NULL, 1, NULL, 1, NULL, '2023-03-24 18:18:18', 3, NULL, NULL, 1),
(415, 'WC.M.54.03.34P', NULL, NULL, 850, 132, NULL, 1, NULL, 1, NULL, '2023-03-24 18:18:18', 3, NULL, NULL, 1),
(416, 'WC.M.54.03.35P', NULL, NULL, 850, 132, NULL, 1, NULL, 1, NULL, '2023-03-24 18:18:18', 3, NULL, NULL, 1),
(417, 'WC.M.58.03.47P', NULL, NULL, 852, 132, NULL, 1, NULL, 1, NULL, '2023-03-24 18:18:18', 3, NULL, NULL, 1),
(418, 'GT.M.44.03.03P', NULL, NULL, 563, 153, NULL, 1, NULL, 1, NULL, '2023-03-24 18:18:18', 3, NULL, NULL, 1),
(419, 'AP.M.45.03.11P', NULL, NULL, 91, 146, NULL, 1, NULL, 1, NULL, '2023-03-24 18:18:18', 3, NULL, NULL, 1),
(420, 'WP.M.47.03.03P', NULL, NULL, 825, 19, NULL, 1, NULL, 1, NULL, '2023-03-24 18:18:18', 3, NULL, NULL, 1),
(421, 'WP.M.47.03.04P', NULL, NULL, 825, 19, NULL, 1, NULL, 1, NULL, '2023-03-24 18:18:18', 3, NULL, NULL, 1),
(422, 'WP.M.47.03.05P', NULL, NULL, 825, 19, NULL, 1, NULL, 1, NULL, '2023-03-24 18:18:18', 3, NULL, NULL, 1),
(423, 'WP.M.47.03.06P', NULL, NULL, 826, 19, NULL, 1, NULL, 1, NULL, '2023-03-24 18:18:18', 3, NULL, NULL, 1),
(424, 'WP.M.47.03.07P', NULL, NULL, 826, 19, NULL, 1, NULL, 1, NULL, '2023-03-24 18:18:18', 3, NULL, NULL, 1),
(425, 'WP.M.47.03.08P', NULL, NULL, 826, 19, NULL, 1, NULL, 1, NULL, '2023-03-24 18:18:18', 3, NULL, NULL, 1),
(426, 'WP.M.56.03.09P', NULL, NULL, 828, 19, NULL, 1, NULL, 1, NULL, '2023-03-24 18:18:18', 3, NULL, NULL, 1),
(427, 'WP.M.57.03.11P', NULL, NULL, 819, 21, NULL, 1, NULL, 1, NULL, '2023-03-24 18:18:18', 3, NULL, NULL, 1),
(428, 'CP.M.44.03.03P', NULL, NULL, 219, 169, NULL, 1, NULL, 1, NULL, '2023-03-24 18:18:18', 3, NULL, NULL, 1),
(429, 'TF.M.44.03.03P', NULL, NULL, 791, 104, NULL, 1, NULL, 1, NULL, '2023-03-24 18:18:18', 3, NULL, NULL, 1),
(430, 'AC.M.58.03.03P', NULL, NULL, 1413, 169, NULL, 1, NULL, 1, NULL, '2023-03-24 18:18:18', 3, NULL, NULL, 1),
(431, 'AC.M.58.03.05P', NULL, NULL, 1433, 155, NULL, 1, NULL, 1, NULL, '2023-03-24 18:18:18', 3, NULL, NULL, 1),
(432, 'EC.M.44.03.05P', NULL, NULL, 1336, 130, NULL, 1, NULL, 1, NULL, '2023-03-24 18:18:18', 3, NULL, NULL, 1),
(433, 'EC.M.47.03.06P', NULL, NULL, 1336, 130, NULL, 1, NULL, 1, NULL, '2023-03-24 18:18:18', 3, NULL, NULL, 1),
(434, 'EC.M.53.03.11P', NULL, NULL, 1336, 130, NULL, 1, NULL, 1, NULL, '2023-03-24 18:18:18', 3, NULL, NULL, 1),
(435, 'ST.M.39.03.01P', NULL, NULL, 759, 19, NULL, 1, NULL, 1, NULL, '2023-03-24 18:18:18', 3, NULL, NULL, 1),
(436, 'ST.M.63.03.02P', NULL, NULL, 760, 19, NULL, 1, NULL, 1, NULL, '2023-03-24 18:18:18', 3, NULL, NULL, 1),
(437, 'RO.M.45.03.01P', NULL, NULL, 733, 19, NULL, 1, NULL, 1, NULL, '2023-03-24 18:18:18', 3, NULL, NULL, 1),
(438, 'WW.M.58.03.01P', NULL, NULL, 815, 21, NULL, 1, NULL, 1, NULL, '2023-03-24 18:18:18', 3, NULL, NULL, 1),
(439, 'SN.M.63.03.03P', NULL, NULL, 768, 19, NULL, 1, NULL, 1, NULL, '2023-03-24 18:18:18', 3, NULL, NULL, 1),
(440, 'LE.M.47.03.04P', NULL, NULL, 1472, 21, NULL, 1, NULL, 1, NULL, '2023-03-24 18:18:18', 3, NULL, NULL, 1),
(441, 'LE.M.63.03.31P', NULL, NULL, 1472, 21, NULL, 1, NULL, 1, NULL, '2023-03-24 18:18:18', 3, NULL, NULL, 1),
(442, 'ET.M.44.03.42P', NULL, NULL, 385, 66, NULL, 1, NULL, 1, NULL, '2023-03-24 18:18:18', 3, NULL, NULL, 1),
(443, 'ET.M.44.03.43P', NULL, NULL, 386, 66, NULL, 1, NULL, 1, NULL, '2023-03-24 18:18:18', 3, NULL, NULL, 1),
(444, 'ET.M.44.03.44P', NULL, NULL, 387, 66, NULL, 1, NULL, 1, NULL, '2023-03-24 18:18:18', 3, NULL, NULL, 1),
(445, 'ET.M.44.03.45P', NULL, NULL, 388, 65, NULL, 1, NULL, 1, NULL, '2023-03-24 18:18:18', 3, NULL, NULL, 1),
(446, 'ET.M.44.03.46P', NULL, NULL, 389, 65, NULL, 1, NULL, 1, NULL, '2023-03-24 18:18:18', 3, NULL, NULL, 1),
(447, 'ET.M.44.03.47P', NULL, NULL, 390, 64, NULL, 1, NULL, 1, NULL, '2023-03-24 18:18:18', 3, NULL, NULL, 1),
(448, 'ET.M.44.03.48P', NULL, NULL, 391, 64, NULL, 1, NULL, 1, NULL, '2023-03-24 18:18:18', 3, NULL, NULL, 1),
(449, 'ET.M.44.03.49P', NULL, NULL, 392, 63, NULL, 1, NULL, 1, NULL, '2023-03-24 18:18:18', 3, NULL, NULL, 1),
(450, 'ET.M.44.03.50P', NULL, NULL, 393, 63, NULL, 1, NULL, 1, NULL, '2023-03-24 18:18:18', 3, NULL, NULL, 1);
INSERT INTO `tb_machine_site` (`id_machine_site`, `code_machine_site`, `serial_number`, `recived_date`, `ref_id_machine_master`, `ref_id_building`, `ref_id_location`, `ref_id_site`, `ref_id_supplier`, `status_work`, `detail_machine_site`, `mcs_adddate`, `ref_id_user_add`, `mcs_editdate`, `ref_id_user_edit`, `status_machine_site`) VALUES
(451, 'ET.M.44.03.51P', NULL, NULL, 333, 175, NULL, 1, NULL, 1, NULL, '2023-03-24 18:18:18', 3, NULL, NULL, 1),
(452, 'ET.M.44.03.52P', NULL, NULL, 334, 175, NULL, 1, NULL, 1, NULL, '2023-03-24 18:18:18', 3, NULL, NULL, 1),
(453, 'ET.M.44.03.166P', NULL, NULL, 335, 175, NULL, 1, NULL, 1, NULL, '2023-03-24 18:18:18', 3, NULL, NULL, 1),
(454, 'ET.M.53.03.87P', NULL, NULL, 349, 111, NULL, 1, NULL, 1, NULL, '2023-03-24 18:18:18', 3, NULL, NULL, 1),
(455, 'ET.M.44.03.53P', NULL, NULL, 365, 112, NULL, 1, NULL, 1, NULL, '2023-03-24 18:18:18', 3, NULL, NULL, 1),
(456, 'ET.M.58.03.157P', NULL, NULL, 318, 181, NULL, 1, NULL, 1, NULL, '2023-03-24 18:18:18', 3, NULL, NULL, 1),
(457, 'EL.M.44.03.06P', NULL, NULL, 1468, 21, NULL, 1, NULL, 1, NULL, '2023-03-24 18:18:18', 3, NULL, NULL, 1),
(458, 'EL.M.44.03.07P', NULL, NULL, 1468, 21, NULL, 1, NULL, 1, NULL, '2023-03-24 18:18:18', 3, NULL, NULL, 1),
(459, 'EL.M.44.03.08P', NULL, NULL, 1468, 21, NULL, 1, NULL, 1, NULL, '2023-03-24 18:18:18', 3, NULL, NULL, 1),
(460, 'EL.M.44.03.09P', NULL, NULL, 1468, 21, NULL, 1, NULL, 1, NULL, '2023-03-24 18:18:18', 3, NULL, NULL, 1),
(461, 'SC.M.61.03.01P', NULL, NULL, 1353, 21, NULL, 1, NULL, 1, NULL, '2023-03-24 18:18:18', 3, NULL, NULL, 1),
(462, 'CS.M.47.04.11P', NULL, NULL, 730, 145, NULL, 1, NULL, 1, NULL, '2023-03-24 18:18:18', 3, NULL, NULL, 1),
(463, 'CS.M.47.04.12P', NULL, NULL, 730, 145, NULL, 1, NULL, 1, NULL, '2023-03-24 18:18:18', 3, NULL, NULL, 1),
(464, 'CS.M.47.04.13P', NULL, NULL, 730, 145, NULL, 1, NULL, 1, NULL, '2023-03-24 18:18:18', 3, NULL, NULL, 1),
(465, 'CS.M.47.04.14P', NULL, NULL, 730, 145, NULL, 1, NULL, 1, NULL, '2023-03-24 18:18:18', 3, NULL, NULL, 1),
(466, 'CS.M.47.04.15P', NULL, NULL, 730, 145, NULL, 1, NULL, 1, NULL, '2023-03-24 18:18:18', 3, NULL, NULL, 1),
(467, 'CS.M.47.04.16P', NULL, NULL, 730, 145, NULL, 1, NULL, 1, NULL, '2023-03-24 18:18:18', 3, NULL, NULL, 1),
(468, 'CS.M.47.04.17P', NULL, NULL, 730, 145, NULL, 1, NULL, 1, NULL, '2023-03-24 18:18:18', 3, NULL, NULL, 1),
(469, 'WC.M.47.04.19P', NULL, NULL, 850, 132, NULL, 1, NULL, 1, NULL, '2023-03-24 18:18:18', 3, NULL, NULL, 1),
(470, 'WC.M.48.04.25P', NULL, NULL, 850, 132, NULL, 1, NULL, 1, NULL, '2023-03-24 18:18:18', 3, NULL, NULL, 1),
(471, 'WC.M.58.04.29P', NULL, NULL, 850, 132, NULL, 1, NULL, 1, NULL, '2023-03-24 18:18:18', 3, NULL, NULL, 1),
(472, 'WC.M.51.04.30P', NULL, NULL, 850, 132, NULL, 1, NULL, 1, NULL, '2023-03-24 18:18:18', 3, NULL, NULL, 1),
(473, 'GT.M.47.04.04P', NULL, NULL, 562, 152, NULL, 1, NULL, 1, NULL, '2023-03-24 18:18:18', 3, NULL, NULL, 1),
(474, 'AP.M.47.04.12P', NULL, NULL, 91, 145, NULL, 1, NULL, 1, NULL, '2023-03-24 18:18:18', 3, NULL, NULL, 1),
(475, 'AP.M.47.04.13P', NULL, NULL, 91, 145, NULL, 1, NULL, 1, NULL, '2023-03-24 18:18:18', 3, NULL, NULL, 1),
(476, 'AP.M.47.04.14P', NULL, NULL, 91, 145, NULL, 1, NULL, 1, NULL, '2023-03-24 18:18:18', 3, NULL, NULL, 1),
(477, 'AP.M.47.04.15P', NULL, NULL, 91, 145, NULL, 1, NULL, 1, NULL, '2023-03-24 18:18:18', 3, NULL, NULL, 1),
(478, 'WP.M.57.04.12P', NULL, NULL, 820, 20, NULL, 1, NULL, 1, NULL, '2023-03-24 18:18:18', 3, NULL, NULL, 1),
(479, 'CP.M.47.04.04P', NULL, NULL, 220, 168, NULL, 1, NULL, 1, NULL, '2023-03-24 18:18:18', 3, NULL, NULL, 1),
(480, 'CP.M.60.04.08P', NULL, NULL, 224, 163, NULL, 1, NULL, 1, NULL, '2023-03-24 18:18:18', 3, NULL, NULL, 1),
(481, 'TF.M.47.04.04P', NULL, NULL, 792, 129, NULL, 1, NULL, 1, NULL, '2023-03-24 18:18:18', 3, NULL, NULL, 1),
(482, 'AC.M.47.04.04P', NULL, NULL, 1414, 168, NULL, 1, NULL, 1, NULL, '2023-03-24 18:18:18', 3, NULL, NULL, 1),
(483, 'EC.M.47.04.07P', NULL, NULL, 1333, 129, NULL, 1, NULL, 1, NULL, '2023-03-24 18:18:18', 3, NULL, NULL, 1),
(484, 'EC.M.47.04.08P', NULL, NULL, 1333, 129, NULL, 1, NULL, 1, NULL, '2023-03-24 18:18:18', 3, NULL, NULL, 1),
(485, 'EC.M.59.04.14P', NULL, NULL, 1333, 129, NULL, 1, NULL, 1, NULL, '2023-03-24 18:18:18', 3, NULL, NULL, 1),
(486, 'LE.M.47.04.06P', NULL, NULL, 1473, 132, NULL, 1, NULL, 1, NULL, '2023-03-24 18:18:18', 3, NULL, NULL, 1),
(487, 'LE.M.47.04.07P', NULL, NULL, 1473, 132, NULL, 1, NULL, 1, NULL, '2023-03-24 18:18:18', 3, NULL, NULL, 1),
(488, 'LE.M.47.04.08P', NULL, NULL, 1473, 132, NULL, 1, NULL, 1, NULL, '2023-03-24 18:18:18', 3, NULL, NULL, 1),
(489, 'LE.M.47.04.09P', NULL, NULL, 1473, 132, NULL, 1, NULL, 1, NULL, '2023-03-24 18:18:18', 3, NULL, NULL, 1),
(490, 'LE.M.47.04.10P', NULL, NULL, 1473, 132, NULL, 1, NULL, 1, NULL, '2023-03-24 18:18:18', 3, NULL, NULL, 1),
(491, 'LE.M.58.04.20P', NULL, NULL, 1473, 132, NULL, 1, NULL, 1, NULL, '2023-03-24 18:18:18', 3, NULL, NULL, 1),
(492, 'LE.M.58.04.21P', NULL, NULL, 1473, 132, NULL, 1, NULL, 1, NULL, '2023-03-24 18:18:18', 3, NULL, NULL, 1),
(493, 'LE.M.63.04.30P', NULL, NULL, 1473, 132, NULL, 1, NULL, 1, NULL, '2023-03-24 18:18:18', 3, NULL, NULL, 1),
(494, 'ET.M.47.04.54P', NULL, NULL, 394, 62, NULL, 1, NULL, 1, NULL, '2023-03-24 18:18:18', 3, NULL, NULL, 1),
(495, 'ET.M.47.04.55P', NULL, NULL, 395, 62, NULL, 1, NULL, 1, NULL, '2023-03-24 18:18:18', 3, NULL, NULL, 1),
(496, 'ET.M.47.04.56P', NULL, NULL, 396, 62, NULL, 1, NULL, 1, NULL, '2023-03-24 18:18:18', 3, NULL, NULL, 1),
(497, 'ET.M.47.04.57P', NULL, NULL, 397, 61, NULL, 1, NULL, 1, NULL, '2023-03-24 18:18:18', 3, NULL, NULL, 1),
(498, 'ET.M.47.04.58P', NULL, NULL, 398, 61, NULL, 1, NULL, 1, NULL, '2023-03-24 18:18:18', 3, NULL, NULL, 1),
(499, 'ET.M.47.04.59P', NULL, NULL, 399, 60, NULL, 1, NULL, 1, NULL, '2023-03-24 18:18:18', 3, NULL, NULL, 1),
(500, 'ET.M.47.04.60P', NULL, NULL, 400, 60, NULL, 1, NULL, 1, NULL, '2023-03-24 18:18:18', 3, NULL, NULL, 1),
(501, 'ET.M.47.04.61P', NULL, NULL, 401, 59, NULL, 1, NULL, 1, NULL, '2023-03-24 18:18:18', 3, NULL, NULL, 1),
(502, 'ET.M.47.04.62P', NULL, NULL, 402, 59, NULL, 1, NULL, 1, NULL, '2023-03-24 18:18:18', 3, NULL, NULL, 1),
(503, 'ET.M.47.04.63P', NULL, NULL, 403, 58, NULL, 1, NULL, 1, NULL, '2023-03-24 18:18:18', 3, NULL, NULL, 1),
(504, 'ET.M.47.04.64P', NULL, NULL, 404, 58, NULL, 1, NULL, 1, NULL, '2023-03-24 18:18:18', 3, NULL, NULL, 1),
(505, 'ET.M.47.04.65P', NULL, NULL, 405, 57, NULL, 1, NULL, 1, NULL, '2023-03-24 18:18:18', 3, NULL, NULL, 1),
(506, 'ET.M.47.04.66P', NULL, NULL, 406, 57, NULL, 1, NULL, 1, NULL, '2023-03-24 18:18:18', 3, NULL, NULL, 1),
(507, 'ET.M.47.04.67P', NULL, NULL, 410, 56, NULL, 1, NULL, 1, NULL, '2023-03-24 18:18:18', 3, NULL, NULL, 1),
(508, 'ET.M.47.04.68P', NULL, NULL, 411, 56, NULL, 1, NULL, 1, NULL, '2023-03-24 18:18:18', 3, NULL, NULL, 1),
(509, 'ET.M.47.04.69P', NULL, NULL, 412, 55, NULL, 1, NULL, 1, NULL, '2023-03-24 18:18:18', 3, NULL, NULL, 1),
(510, 'ET.M.47.04.70P', NULL, NULL, 413, 55, NULL, 1, NULL, 1, NULL, '2023-03-24 18:18:18', 3, NULL, NULL, 1),
(511, 'ET.M.47.04.71P', NULL, NULL, 414, 54, NULL, 1, NULL, 1, NULL, '2023-03-24 18:18:18', 3, NULL, NULL, 1),
(512, 'ET.M.47.04.72P', NULL, NULL, 415, 54, NULL, 1, NULL, 1, NULL, '2023-03-24 18:18:18', 3, NULL, NULL, 1),
(513, 'ET.M.47.04.73P', NULL, NULL, 362, 101, NULL, 1, NULL, 1, NULL, '2023-03-24 18:18:18', 3, NULL, NULL, 1),
(514, 'ET.M.47.04.74P', NULL, NULL, 336, 174, NULL, 1, NULL, 1, NULL, '2023-03-24 18:18:18', 3, NULL, NULL, 1),
(515, 'ET.M.47.04.75P', NULL, NULL, 337, 174, NULL, 1, NULL, 1, NULL, '2023-03-24 18:18:18', 3, NULL, NULL, 1),
(516, 'ET.M.53.04.88P', NULL, NULL, 319, 179, NULL, 1, NULL, 1, NULL, '2023-03-24 18:18:18', 3, NULL, NULL, 1),
(517, 'ET.M.47.04.76P', NULL, NULL, 348, 111, NULL, 1, NULL, 1, NULL, '2023-03-24 18:18:18', 3, NULL, NULL, 1),
(518, 'ET.M.47.04.77P', NULL, NULL, 345, 111, NULL, 1, NULL, 1, NULL, '2023-03-24 18:18:18', 3, NULL, NULL, 1),
(519, 'ET.M.57.04.131P', NULL, NULL, 377, 117, NULL, 1, NULL, 1, NULL, '2023-03-24 18:18:18', 3, NULL, NULL, 1),
(520, 'ET.M.57.04.132P', NULL, NULL, 378, 117, NULL, 1, NULL, 1, NULL, '2023-03-24 18:18:18', 3, NULL, NULL, 1),
(521, 'ET.M.57.04.133P', NULL, NULL, 379, 117, NULL, 1, NULL, 1, NULL, '2023-03-24 18:18:18', 3, NULL, NULL, 1),
(522, 'ET.M.57.04.134P', NULL, NULL, 380, 117, NULL, 1, NULL, 1, NULL, '2023-03-24 18:18:18', 3, NULL, NULL, 1),
(523, 'ET.M.58.04.158P', NULL, NULL, 326, 174, NULL, 1, NULL, 1, NULL, '2023-03-24 18:18:18', 3, NULL, NULL, 1),
(524, 'ET.M.58.04.159P', NULL, NULL, 297, 140, NULL, 1, NULL, 1, NULL, '2023-03-24 18:18:18', 3, NULL, NULL, 1),
(525, 'ET.M.58.04.160P', NULL, NULL, 343, 116, NULL, 1, NULL, 1, NULL, '2023-03-24 18:18:18', 3, NULL, NULL, 1),
(526, 'ET.M.58.04.161P', NULL, NULL, 449, 35, NULL, 1, NULL, 1, NULL, '2023-03-24 18:18:18', 3, NULL, NULL, 1),
(527, 'EL.M.47.04.10P', NULL, NULL, 1469, 20, NULL, 1, NULL, 1, NULL, '2023-03-24 18:18:18', 3, NULL, NULL, 1),
(528, 'EL.M.47.04.11P', NULL, NULL, 1469, 20, NULL, 1, NULL, 1, NULL, '2023-03-24 18:18:18', 3, NULL, NULL, 1),
(529, 'EL.M.47.04.12P', NULL, NULL, 1469, 20, NULL, 1, NULL, 1, NULL, '2023-03-24 18:18:18', 3, NULL, NULL, 1),
(530, 'EL.M.47.04.13P', NULL, NULL, 1469, 20, NULL, 1, NULL, 1, NULL, '2023-03-24 18:18:18', 3, NULL, NULL, 1),
(531, 'IV.M.60.04.22P', NULL, NULL, 596, 136, NULL, 1, NULL, 1, NULL, '2023-03-24 18:18:18', 3, NULL, NULL, 1),
(532, 'IV.M.60.04.23P', NULL, NULL, 596, 136, NULL, 1, NULL, 1, NULL, '2023-03-24 18:18:18', 3, NULL, NULL, 1),
(533, 'IV.M.60.04.24P', NULL, NULL, 596, 136, NULL, 1, NULL, 1, NULL, '2023-03-24 18:18:18', 3, NULL, NULL, 1),
(534, 'IV.M.60.04.25P', NULL, NULL, 596, 136, NULL, 1, NULL, 1, NULL, '2023-03-24 18:18:18', 3, NULL, NULL, 1),
(535, 'IV.M.60.04.26P', NULL, NULL, 596, 136, NULL, 1, NULL, 1, NULL, '2023-03-24 18:18:18', 3, NULL, NULL, 1),
(536, 'IV.M.60.04.27P', NULL, NULL, 596, 136, NULL, 1, NULL, 1, NULL, '2023-03-24 18:18:18', 3, NULL, NULL, 1),
(537, 'IV.M.60.04.28P', NULL, NULL, 596, 136, NULL, 1, NULL, 1, NULL, '2023-03-24 18:18:18', 3, NULL, NULL, 1),
(538, 'IV.M.60.04.29P', NULL, NULL, 596, 136, NULL, 1, NULL, 1, NULL, '2023-03-24 18:18:18', 3, NULL, NULL, 1),
(539, 'IV.M.60.04.30P', NULL, NULL, 596, 136, NULL, 1, NULL, 1, NULL, '2023-03-24 18:18:18', 3, NULL, NULL, 1),
(540, 'IV.M.60.04.31P', NULL, NULL, 596, 136, NULL, 1, NULL, 1, NULL, '2023-03-24 18:18:18', 3, NULL, NULL, 1),
(541, 'IV.M.60.04.32P', NULL, NULL, 596, 136, NULL, 1, NULL, 1, NULL, '2023-03-24 18:18:18', 3, NULL, NULL, 1),
(542, 'CS.M.52.05.18P', NULL, NULL, 729, 144, NULL, 1, NULL, 1, NULL, '2023-03-24 18:18:18', 3, NULL, NULL, 1),
(543, 'CS.M.52.05.19P', NULL, NULL, 729, 144, NULL, 1, NULL, 1, NULL, '2023-03-24 18:18:18', 3, NULL, NULL, 1),
(544, 'CP.M.52.05.05P', NULL, NULL, 221, 167, NULL, 1, NULL, 1, NULL, '2023-03-24 18:18:18', 3, NULL, NULL, 1),
(545, 'ET.M.52.05.78P', NULL, NULL, 416, 53, NULL, 1, NULL, 1, NULL, '2023-03-24 18:18:18', 3, NULL, NULL, 1),
(546, 'ET.M.52.05.79P', NULL, NULL, 417, 53, NULL, 1, NULL, 1, NULL, '2023-03-24 18:18:18', 3, NULL, NULL, 1),
(547, 'ET.M.52.05.80P', NULL, NULL, 418, 52, NULL, 1, NULL, 1, NULL, '2023-03-24 18:18:18', 3, NULL, NULL, 1),
(548, 'ET.M.52.05.81P', NULL, NULL, 419, 52, NULL, 1, NULL, 1, NULL, '2023-03-24 18:18:18', 3, NULL, NULL, 1),
(549, 'ET.M.52.05.82P', NULL, NULL, 420, 51, NULL, 1, NULL, 1, NULL, '2023-03-24 18:18:18', 3, NULL, NULL, 1),
(550, 'ET.M.52.05.83P', NULL, NULL, 421, 51, NULL, 1, NULL, 1, NULL, '2023-03-24 18:18:18', 3, NULL, NULL, 1),
(551, 'ET.M.52.05.84P', NULL, NULL, 350, 110, NULL, 1, NULL, 1, NULL, '2023-03-24 18:18:18', 3, NULL, NULL, 1),
(552, 'CS.M.56.06.20P', NULL, NULL, 763, 143, NULL, 1, NULL, 1, NULL, '2023-03-24 18:18:18', 3, NULL, NULL, 1),
(553, 'CS.M.56.06.21P', NULL, NULL, 763, 143, NULL, 1, NULL, 1, NULL, '2023-03-24 18:18:18', 3, NULL, NULL, 1),
(554, 'CS.M.56.06.22P', NULL, NULL, 761, 143, NULL, 1, NULL, 1, NULL, '2023-03-24 18:18:18', 3, NULL, NULL, 1),
(555, 'WC.M.58.06.02P', NULL, NULL, 851, 132, NULL, 1, NULL, 1, NULL, '2023-03-24 18:18:18', 3, NULL, NULL, 1),
(556, 'WC.M.56.06.37P', NULL, NULL, 850, 132, NULL, 1, NULL, 1, NULL, '2023-03-24 18:18:18', 3, NULL, NULL, 1),
(557, 'WC.M.56.06.38P', NULL, NULL, 850, 132, NULL, 1, NULL, 1, NULL, '2023-03-24 18:18:18', 3, NULL, NULL, 1),
(558, 'WC.M.56.06.39P', NULL, NULL, 850, 132, NULL, 1, NULL, 1, NULL, '2023-03-24 18:18:18', 3, NULL, NULL, 1),
(559, 'WC.M.56.06.41P', NULL, NULL, 850, 132, NULL, 1, NULL, 1, NULL, '2023-03-24 18:18:18', 3, NULL, NULL, 1),
(560, 'WC.M.56.06.42P', NULL, NULL, 850, 132, NULL, 1, NULL, 1, NULL, '2023-03-24 18:18:18', 3, NULL, NULL, 1),
(561, 'WC.M.58.06.46P', NULL, NULL, 852, 132, NULL, 1, NULL, 1, NULL, '2023-03-24 18:18:18', 3, NULL, NULL, 1),
(562, 'GT.M.44.06.02P', NULL, NULL, 565, 151, NULL, 1, NULL, 1, NULL, '2023-03-24 18:18:18', 3, NULL, NULL, 1),
(563, 'AP.M.56.06.16P', NULL, NULL, 97, 143, NULL, 1, NULL, 1, NULL, '2023-03-24 18:18:18', 3, NULL, NULL, 1),
(564, 'AP.M.56.06.17P', NULL, NULL, 97, 143, NULL, 1, NULL, 1, NULL, '2023-03-24 18:18:18', 3, NULL, NULL, 1),
(565, 'AP.M.56.06.18P', NULL, NULL, 97, 143, NULL, 1, NULL, 1, NULL, '2023-03-24 18:18:18', 3, NULL, NULL, 1),
(566, 'CP.M.56.06.06P', NULL, NULL, 222, 166, NULL, 1, NULL, 1, NULL, '2023-03-24 18:18:18', 3, NULL, NULL, 1),
(567, 'CP.M.59.06.07P', NULL, NULL, 223, 162, NULL, 1, NULL, 1, NULL, '2023-03-24 18:18:18', 3, NULL, NULL, 1),
(568, 'TF.M.56.06.06P', NULL, NULL, 793, 128, NULL, 1, NULL, 1, NULL, '2023-03-24 18:18:18', 3, NULL, NULL, 1),
(569, 'AC.M.56.06.31P', NULL, NULL, 1415, 166, NULL, 1, NULL, 1, NULL, '2023-03-24 18:18:18', 3, NULL, NULL, 1),
(570, 'AC.M.56.06.32P', NULL, NULL, 1396, 172, NULL, 1, NULL, 1, NULL, '2023-03-24 18:18:18', 3, NULL, NULL, 1),
(571, 'AC.M.56.06.33P', NULL, NULL, 1403, 93, NULL, 1, NULL, 1, NULL, '2023-03-24 18:18:18', 3, NULL, NULL, 1),
(572, 'AC.M.56.06.34P', NULL, NULL, 1404, 90, NULL, 1, NULL, 1, NULL, '2023-03-24 18:18:18', 3, NULL, NULL, 1),
(573, 'AC.M.58.06.45P', NULL, NULL, 1422, 122, NULL, 1, NULL, 1, NULL, '2023-03-24 18:18:18', 3, NULL, NULL, 1),
(574, 'EC.M.56.06.12P', NULL, NULL, 1334, 128, NULL, 1, NULL, 1, NULL, '2023-03-24 18:18:18', 3, NULL, NULL, 1),
(575, 'EC.M.56.06.13P', NULL, NULL, 1334, 128, NULL, 1, NULL, 1, NULL, '2023-03-24 18:18:18', 3, NULL, NULL, 1),
(576, 'LE.M.59.06.05P', NULL, NULL, 1474, 132, NULL, 1, NULL, 1, NULL, '2023-03-24 18:18:18', 3, NULL, NULL, 1),
(577, 'LE.M.56.06.11P', NULL, NULL, 1474, 132, NULL, 1, NULL, 1, NULL, '2023-03-24 18:18:18', 3, NULL, NULL, 1),
(578, 'LE.M.56.06.12P', NULL, NULL, 1474, 132, NULL, 1, NULL, 1, NULL, '2023-03-24 18:18:18', 3, NULL, NULL, 1),
(579, 'LE.M.56.06.13P', NULL, NULL, 1474, 132, NULL, 1, NULL, 1, NULL, '2023-03-24 18:18:18', 3, NULL, NULL, 1),
(580, 'LE.M.56.06.14P', NULL, NULL, 1474, 132, NULL, 1, NULL, 1, NULL, '2023-03-24 18:18:18', 3, NULL, NULL, 1),
(581, 'LE.M.56.06.15P', NULL, NULL, 1474, 132, NULL, 1, NULL, 1, NULL, '2023-03-24 18:18:18', 3, NULL, NULL, 1),
(582, 'LE.M.56.06.16P', NULL, NULL, 1474, 132, NULL, 1, NULL, 1, NULL, '2023-03-24 18:18:18', 3, NULL, NULL, 1),
(583, 'LE.M.56.06.17P', NULL, NULL, 1474, 132, NULL, 1, NULL, 1, NULL, '2023-03-24 18:18:18', 3, NULL, NULL, 1),
(584, 'LE.M.56.06.18P', NULL, NULL, 1474, 132, NULL, 1, NULL, 1, NULL, '2023-03-24 18:18:18', 3, NULL, NULL, 1),
(585, 'LE.M.61.06.23P', NULL, NULL, 1474, 123, NULL, 1, NULL, 1, NULL, '2023-03-24 18:18:18', 3, NULL, NULL, 1),
(586, 'ET.M.56.06.89P', NULL, NULL, 476, 28, NULL, 1, NULL, 1, NULL, '2023-03-24 18:18:18', 3, NULL, NULL, 1),
(587, 'ET.M.56.06.90P', NULL, NULL, 477, 28, NULL, 1, NULL, 1, NULL, '2023-03-24 18:18:18', 3, NULL, NULL, 1),
(588, 'ET.M.56.06.91P', NULL, NULL, 478, 28, NULL, 1, NULL, 1, NULL, '2023-03-24 18:18:18', 3, NULL, NULL, 1),
(589, 'ET.M.56.06.92P', NULL, NULL, 479, 28, NULL, 1, NULL, 1, NULL, '2023-03-24 18:18:18', 3, NULL, NULL, 1),
(590, 'ET.M.56.06.93P', NULL, NULL, 480, 28, NULL, 1, NULL, 1, NULL, '2023-03-24 18:18:18', 3, NULL, NULL, 1),
(591, 'ET.M.56.06.94P', NULL, NULL, 481, 28, NULL, 1, NULL, 1, NULL, '2023-03-24 18:18:18', 3, NULL, NULL, 1),
(592, 'ET.M.56.06.95P', NULL, NULL, 422, 50, NULL, 1, NULL, 1, NULL, '2023-03-24 18:18:18', 3, NULL, NULL, 1),
(593, 'ET.M.56.06.96P', NULL, NULL, 795, 50, NULL, 1, NULL, 1, NULL, '2023-03-24 18:18:18', 3, NULL, NULL, 1),
(594, 'ET.M.56.06.97P', NULL, NULL, 423, 49, NULL, 1, NULL, 1, NULL, '2023-03-24 18:18:18', 3, NULL, NULL, 1),
(595, 'ET.M.56.06.98P', NULL, NULL, 424, 49, NULL, 1, NULL, 1, NULL, '2023-03-24 18:18:18', 3, NULL, NULL, 1),
(596, 'ET.M.56.06.99P', NULL, NULL, 425, 49, NULL, 1, NULL, 1, NULL, '2023-03-24 18:18:18', 3, NULL, NULL, 1),
(597, 'ET.M.56.06.100P', NULL, NULL, 426, 49, NULL, 1, NULL, 1, NULL, '2023-03-24 18:18:18', 3, NULL, NULL, 1),
(598, 'ET.M.61.06.167P', NULL, NULL, 363, 99, NULL, 1, NULL, 1, NULL, '2023-03-24 18:18:18', 3, NULL, NULL, 1),
(599, 'ET.M.61.06.168P', NULL, NULL, 364, 99, NULL, 1, NULL, 1, NULL, '2023-03-24 18:18:18', 3, NULL, NULL, 1),
(600, 'ET.M.56.06.101P', NULL, NULL, 450, 33, NULL, 1, NULL, 1, NULL, '2023-03-24 18:18:18', 3, NULL, NULL, 1),
(601, 'ET.M.56.06.102P', NULL, NULL, 451, 33, NULL, 1, NULL, 1, NULL, '2023-03-24 18:18:18', 3, NULL, NULL, 1),
(602, 'ET.M.56.06.103P', NULL, NULL, 452, 33, NULL, 1, NULL, 1, NULL, '2023-03-24 18:18:18', 3, NULL, NULL, 1),
(603, 'ET.M.56.06.104P', NULL, NULL, 453, 33, NULL, 1, NULL, 1, NULL, '2023-03-24 18:18:18', 3, NULL, NULL, 1),
(604, 'ET.M.56.06.105P', NULL, NULL, 454, 33, NULL, 1, NULL, 1, NULL, '2023-03-24 18:18:18', 3, NULL, NULL, 1),
(605, 'ET.M.56.06.106P', NULL, NULL, 455, 33, NULL, 1, NULL, 1, NULL, '2023-03-24 18:18:18', 3, NULL, NULL, 1),
(606, 'ET.M.56.06.107P', NULL, NULL, 456, 32, NULL, 1, NULL, 1, NULL, '2023-03-24 18:18:18', 3, NULL, NULL, 1),
(607, 'ET.M.56.06.108P', NULL, NULL, 458, 32, NULL, 1, NULL, 1, NULL, '2023-03-24 18:18:18', 3, NULL, NULL, 1),
(608, 'ET.M.56.06.109P', NULL, NULL, 459, 32, NULL, 1, NULL, 1, NULL, '2023-03-24 18:18:18', 3, NULL, NULL, 1),
(609, 'ET.M.56.06.110P', NULL, NULL, 460, 32, NULL, 1, NULL, 1, NULL, '2023-03-24 18:18:18', 3, NULL, NULL, 1),
(610, 'ET.M.56.06.111P', NULL, NULL, 461, 32, NULL, 1, NULL, 1, NULL, '2023-03-24 18:18:18', 3, NULL, NULL, 1),
(611, 'ET.M.56.06.112P', NULL, NULL, 462, 32, NULL, 1, NULL, 1, NULL, '2023-03-24 18:18:18', 3, NULL, NULL, 1),
(612, 'ET.M.56.06.113P', NULL, NULL, 463, 32, NULL, 1, NULL, 1, NULL, '2023-03-24 18:18:18', 3, NULL, NULL, 1),
(613, 'ET.M.56.06.114P', NULL, NULL, 464, 32, NULL, 1, NULL, 1, NULL, '2023-03-24 18:18:18', 3, NULL, NULL, 1),
(614, 'ET.M.56.06.115P', NULL, NULL, 465, 32, NULL, 1, NULL, 1, NULL, '2023-03-24 18:18:18', 3, NULL, NULL, 1),
(615, 'ET.M.56.06.116P', NULL, NULL, 457, 32, NULL, 1, NULL, 1, NULL, '2023-03-24 18:18:18', 3, NULL, NULL, 1),
(616, 'ET.M.56.06.117P', NULL, NULL, 466, 31, NULL, 1, NULL, 1, NULL, '2023-03-24 18:18:18', 3, NULL, NULL, 1),
(617, 'ET.M.56.06.118P', NULL, NULL, 467, 31, NULL, 1, NULL, 1, NULL, '2023-03-24 18:18:18', 3, NULL, NULL, 1),
(618, 'ET.M.56.06.119P', NULL, NULL, 468, 31, NULL, 1, NULL, 1, NULL, '2023-03-24 18:18:18', 3, NULL, NULL, 1),
(619, 'ET.M.56.06.120P', NULL, NULL, 469, 31, NULL, 1, NULL, 1, NULL, '2023-03-24 18:18:18', 3, NULL, NULL, 1),
(620, 'ET.M.56.06.121P', NULL, NULL, 338, 173, NULL, 1, NULL, 1, NULL, '2023-03-24 18:18:18', 3, NULL, NULL, 1),
(621, 'ET.M.56.06.122P', NULL, NULL, 339, 173, NULL, 1, NULL, 1, NULL, '2023-03-24 18:18:18', 3, NULL, NULL, 1),
(622, 'ET.M.56.06.123P', NULL, NULL, 340, 173, NULL, 1, NULL, 1, NULL, '2023-03-24 18:18:18', 3, NULL, NULL, 1),
(623, 'ET.M.56.06.124P', NULL, NULL, 320, 180, NULL, 1, NULL, 1, NULL, '2023-03-24 18:18:18', 3, NULL, NULL, 1),
(624, 'ET.M.56.06.125P', NULL, NULL, 342, 139, NULL, 1, NULL, 1, NULL, '2023-03-24 18:18:18', 3, NULL, NULL, 1),
(625, 'ET.M.56.06.126P', NULL, NULL, 351, 108, NULL, 1, NULL, 1, NULL, '2023-03-24 18:18:18', 3, NULL, NULL, 1),
(626, 'ET.M.56.06.127P', NULL, NULL, 352, 108, NULL, 1, NULL, 1, NULL, '2023-03-24 18:18:18', 3, NULL, NULL, 1),
(627, 'ET.M.56.06.128P', NULL, NULL, 353, 108, NULL, 1, NULL, 1, NULL, '2023-03-24 18:18:18', 3, NULL, NULL, 1),
(628, 'ET.M.56.06.129P', NULL, NULL, 354, 108, NULL, 1, NULL, 1, NULL, '2023-03-24 18:18:18', 3, NULL, NULL, 1),
(629, 'ET.M.56.06.130P', NULL, NULL, 360, 108, NULL, 1, NULL, 1, NULL, '2023-03-24 18:18:18', 3, NULL, NULL, 1),
(630, 'ET.M.57.06.137P', NULL, NULL, 292, 131, NULL, 1, NULL, 1, NULL, '2023-03-24 18:18:18', 3, NULL, NULL, 1),
(631, 'ET.M.57.06.138P', NULL, NULL, 293, 131, NULL, 1, NULL, 1, NULL, '2023-03-24 18:18:18', 3, NULL, NULL, 1),
(632, 'ET.M.57.06.139P', NULL, NULL, 294, 131, NULL, 1, NULL, 1, NULL, '2023-03-24 18:18:18', 3, NULL, NULL, 1),
(633, 'ET.M.57.06.140P', NULL, NULL, 295, 131, NULL, 1, NULL, 1, NULL, '2023-03-24 18:18:18', 3, NULL, NULL, 1),
(634, 'PE.M.56.06.04P', NULL, NULL, 706, 26, NULL, 1, NULL, 1, NULL, '2023-03-24 18:18:18', 3, NULL, NULL, 1),
(635, 'PE.M.56.06.05P', NULL, NULL, 706, 26, NULL, 1, NULL, 1, NULL, '2023-03-24 18:18:18', 3, NULL, NULL, 1),
(636, 'PE.M.61.06.06P', NULL, NULL, 706, 26, NULL, 1, NULL, 1, NULL, '2023-03-24 18:18:18', 3, NULL, NULL, 1),
(637, 'PE.M.61.06.07P', NULL, NULL, 706, 26, NULL, 1, NULL, 1, NULL, '2023-03-24 18:18:18', 3, NULL, NULL, 1),
(638, 'PE.M.61.06.08P', NULL, NULL, 706, 26, NULL, 1, NULL, 1, NULL, '2023-03-24 18:18:18', 3, NULL, NULL, 1),
(639, 'WT.M.56.06.04P', NULL, NULL, 1347, 26, NULL, 1, NULL, 1, NULL, '2023-03-24 18:18:18', 3, NULL, NULL, 1),
(640, 'MB.M.56.06.01P', NULL, NULL, 669, 26, NULL, 1, NULL, 1, NULL, '2023-03-24 18:18:18', 3, NULL, NULL, 1),
(641, 'MB.M.56.06.02P', NULL, NULL, 671, 26, NULL, 1, NULL, 1, NULL, '2023-03-24 18:18:18', 3, NULL, NULL, 1),
(642, 'MB.M.56.06.03P', NULL, NULL, 672, 26, NULL, 1, NULL, 1, NULL, '2023-03-24 18:18:18', 3, NULL, NULL, 1),
(643, 'MB.M.63.06.07P', NULL, NULL, 675, 26, NULL, 1, NULL, 1, NULL, '2023-03-24 18:18:18', 3, NULL, NULL, 1),
(644, 'EL.M.56.06.16P', NULL, NULL, 1470, 26, NULL, 1, NULL, 1, NULL, '2023-03-24 18:18:18', 3, NULL, NULL, 1),
(645, 'EL.M.56.06.17P', NULL, NULL, 1470, 26, NULL, 1, NULL, 1, NULL, '2023-03-24 18:18:18', 3, NULL, NULL, 1),
(646, 'EL.M.56.06.18P', NULL, NULL, 1470, 26, NULL, 1, NULL, 1, NULL, '2023-03-24 18:18:18', 3, NULL, NULL, 1),
(647, 'EL.M.56.06.19P', NULL, NULL, 1470, 26, NULL, 1, NULL, 1, NULL, '2023-03-24 18:18:18', 3, NULL, NULL, 1),
(648, 'EL.M.56.06.20P', NULL, NULL, 1470, 26, NULL, 1, NULL, 1, NULL, '2023-03-24 18:18:18', 3, NULL, NULL, 1),
(649, 'EL.M.56.06.21P', NULL, NULL, 1470, 26, NULL, 1, NULL, 1, NULL, '2023-03-24 18:18:18', 3, NULL, NULL, 1),
(650, 'EL.M.56.06.22P', NULL, NULL, 1470, 26, NULL, 1, NULL, 1, NULL, '2023-03-24 18:18:18', 3, NULL, NULL, 1),
(651, 'EL.M.56.06.23P', NULL, NULL, 1470, 26, NULL, 1, NULL, 1, NULL, '2023-03-24 18:18:18', 3, NULL, NULL, 1),
(652, 'EL.M.56.06.24P', NULL, NULL, 1470, 26, NULL, 1, NULL, 1, NULL, '2023-03-24 18:18:18', 3, NULL, NULL, 1),
(653, 'EL.M.56.06.25P', NULL, NULL, 1470, 26, NULL, 1, NULL, 1, NULL, '2023-03-24 18:18:18', 3, NULL, NULL, 1),
(654, 'AU.M.58.06.01P', NULL, NULL, 84, 26, NULL, 1, NULL, 1, NULL, '2023-03-24 18:18:18', 3, NULL, NULL, 1),
(655, 'AU.M.58.06.02P', NULL, NULL, 84, 26, NULL, 1, NULL, 1, NULL, '2023-03-24 18:18:18', 3, NULL, NULL, 1),
(656, 'IV.M.59.06.01P', NULL, NULL, 597, 135, NULL, 1, NULL, 1, NULL, '2023-03-24 18:18:18', 3, NULL, NULL, 1),
(657, 'IV.M.59.06.02P', NULL, NULL, 597, 135, NULL, 1, NULL, 1, NULL, '2023-03-24 18:18:18', 3, NULL, NULL, 1),
(658, 'IV.M.59.06.03P', NULL, NULL, 597, 135, NULL, 1, NULL, 1, NULL, '2023-03-24 18:18:18', 3, NULL, NULL, 1),
(659, 'IV.M.59.06.04P', NULL, NULL, 597, 135, NULL, 1, NULL, 1, NULL, '2023-03-24 18:18:18', 3, NULL, NULL, 1),
(660, 'IV.M.59.06.05P', NULL, NULL, 597, 135, NULL, 1, NULL, 1, NULL, '2023-03-24 18:18:18', 3, NULL, NULL, 1),
(661, 'IV.M.59.06.06P', NULL, NULL, 597, 135, NULL, 1, NULL, 1, NULL, '2023-03-24 18:18:18', 3, NULL, NULL, 1),
(662, 'IV.M.59.06.07P', NULL, NULL, 597, 135, NULL, 1, NULL, 1, NULL, '2023-03-24 18:18:18', 3, NULL, NULL, 1),
(663, 'IV.M.59.06.08P', NULL, NULL, 597, 135, NULL, 1, NULL, 1, NULL, '2023-03-24 18:18:18', 3, NULL, NULL, 1),
(664, 'IV.M.59.06.09P', NULL, NULL, 597, 135, NULL, 1, NULL, 1, NULL, '2023-03-24 18:18:18', 3, NULL, NULL, 1),
(665, 'IV.M.59.06.10P', NULL, NULL, 597, 135, NULL, 1, NULL, 1, NULL, '2023-03-24 18:18:18', 3, NULL, NULL, 1),
(666, 'IV.M.59.06.11P', NULL, NULL, 597, 135, NULL, 1, NULL, 1, NULL, '2023-03-24 18:18:18', 3, NULL, NULL, 1),
(667, 'IV.M.59.06.12P', NULL, NULL, 597, 135, NULL, 1, NULL, 1, NULL, '2023-03-24 18:18:18', 3, NULL, NULL, 1),
(668, 'IV.M.59.06.13P', NULL, NULL, 597, 135, NULL, 1, NULL, 1, NULL, '2023-03-24 18:18:18', 3, NULL, NULL, 1),
(669, 'IV.M.59.06.14P', NULL, NULL, 597, 135, NULL, 1, NULL, 1, NULL, '2023-03-24 18:18:18', 3, NULL, NULL, 1),
(670, 'IV.M.59.06.15P', NULL, NULL, 597, 135, NULL, 1, NULL, 1, NULL, '2023-03-24 18:18:18', 3, NULL, NULL, 1),
(671, 'IV.M.59.06.16P', NULL, NULL, 597, 135, NULL, 1, NULL, 1, NULL, '2023-03-24 18:18:18', 3, NULL, NULL, 1),
(672, 'AT.M.61.06.01P', NULL, NULL, 98, 26, NULL, 1, NULL, 1, NULL, '2023-03-24 18:18:18', 3, NULL, NULL, 1),
(673, 'AR.M.61.06.01P', NULL, NULL, 89, 26, NULL, 1, NULL, 1, NULL, '2023-03-24 18:18:18', 3, NULL, NULL, 1),
(674, 'HL.M.61.06.01P', NULL, NULL, 576, 26, NULL, 1, NULL, 1, NULL, '2023-03-24 18:18:18', 3, NULL, NULL, 1),
(675, 'AC.M.58.07.44P', NULL, NULL, 1432, 165, NULL, 1, NULL, 1, NULL, '2023-03-24 18:18:18', 3, NULL, NULL, 1),
(676, 'ET.M.58.07.145P', NULL, NULL, 470, 30, NULL, 1, NULL, 1, NULL, '2023-03-24 18:18:18', 3, NULL, NULL, 1),
(677, 'ET.M.58.07.146P', NULL, NULL, 471, 30, NULL, 1, NULL, 1, NULL, '2023-03-24 18:18:18', 3, NULL, NULL, 1),
(678, 'ET.M.58.07.147P', NULL, NULL, 472, 30, NULL, 1, NULL, 1, NULL, '2023-03-24 18:18:18', 3, NULL, NULL, 1),
(679, 'ET.M.58.07.148P', NULL, NULL, 473, 30, NULL, 1, NULL, 1, NULL, '2023-03-24 18:18:18', 3, NULL, NULL, 1),
(680, 'ET.M.58.07.143P', NULL, NULL, 474, 29, NULL, 1, NULL, 1, NULL, '2023-03-24 18:18:18', 3, NULL, NULL, 1),
(681, 'ET.M.58.07.144P', NULL, NULL, 475, 29, NULL, 1, NULL, 1, NULL, '2023-03-24 18:18:18', 3, NULL, NULL, 1),
(682, 'ET.M.58.07.149P', NULL, NULL, 341, 178, NULL, 1, NULL, 1, NULL, '2023-03-24 18:18:18', 3, NULL, NULL, 1),
(683, 'ET.M.58.07.150P', NULL, NULL, 381, 67, NULL, 1, NULL, 1, NULL, '2023-03-24 18:18:18', 3, NULL, NULL, 1),
(684, 'ET.M.58.07.151P', NULL, NULL, 382, 67, NULL, 1, NULL, 1, NULL, '2023-03-24 18:18:18', 3, NULL, NULL, 1),
(685, 'ET.M.58.07.152P', NULL, NULL, 530, 121, NULL, 1, NULL, 1, NULL, '2023-03-24 18:18:18', 3, NULL, NULL, 1),
(686, 'ET.M.58.07.153P', NULL, NULL, 531, 121, NULL, 1, NULL, 1, NULL, '2023-03-24 18:18:18', 3, NULL, NULL, 1),
(687, 'ET.M.58.07.154P', NULL, NULL, 357, 109, NULL, 1, NULL, 1, NULL, '2023-03-24 18:18:18', 3, NULL, NULL, 1),
(688, 'ET.M.58.07.155P', NULL, NULL, 358, 109, NULL, 1, NULL, 1, NULL, '2023-03-24 18:18:18', 3, NULL, NULL, 1),
(689, 'ET.M.58.07.156P', NULL, NULL, 359, 109, NULL, 1, NULL, 1, NULL, '2023-03-24 18:18:18', 3, NULL, NULL, 1),
(690, 'MB.M.58.07.04P', NULL, NULL, 673, 25, NULL, 1, NULL, 1, NULL, '2023-03-24 18:18:18', 3, NULL, NULL, 1),
(691, 'MB.M.58.07.05P', NULL, NULL, 674, 25, NULL, 1, NULL, 1, NULL, '2023-03-24 18:18:18', 3, NULL, NULL, 1),
(692, 'AU.M.58.07.03P', NULL, NULL, 83, 25, NULL, 1, NULL, 1, NULL, '2023-03-24 18:18:18', 3, NULL, NULL, 1),
(693, 'LE.M.61.07.24P', NULL, NULL, 1475, 132, NULL, 1, NULL, 1, NULL, '2023-03-24 18:18:18', 3, NULL, NULL, 1),
(694, 'CS.M.62.08.25P', NULL, NULL, 764, 142, NULL, 1, NULL, 1, NULL, '2023-03-24 18:18:18', 3, NULL, NULL, 1),
(695, 'CS.M.62.08.26P', NULL, NULL, 764, 142, NULL, 1, NULL, 1, NULL, '2023-03-24 18:18:18', 3, NULL, NULL, 1),
(696, 'CS.M.62.08.27P', NULL, NULL, 731, 142, NULL, 1, NULL, 1, NULL, '2023-03-24 18:18:18', 3, NULL, NULL, 1),
(697, 'CS.M.62.08.28P', NULL, NULL, 731, 142, NULL, 1, NULL, 1, NULL, '2023-03-24 18:18:18', 3, NULL, NULL, 1),
(698, 'EC.M.62.08.16P', NULL, NULL, 290, 127, NULL, 1, NULL, 1, NULL, '2023-03-24 18:18:18', 3, NULL, NULL, 1),
(699, 'EC.M.62.08.17P', NULL, NULL, 291, 127, NULL, 1, NULL, 1, NULL, '2023-03-24 18:18:18', 3, NULL, NULL, 1),
(700, 'GT.M.62.08.05P', NULL, NULL, 566, 150, NULL, 1, NULL, 1, NULL, '2023-03-24 18:18:18', 3, NULL, NULL, 1),
(701, 'TF.M.62.08.07P', NULL, NULL, 794, 127, NULL, 1, NULL, 1, NULL, '2023-03-24 18:18:18', 3, NULL, NULL, 1),
(702, 'AC.M.62.08.47P', NULL, NULL, 1416, 164, NULL, 1, NULL, 1, NULL, '2023-03-24 18:18:18', 3, NULL, NULL, 1),
(703, 'AC.M.62.08.48P', NULL, NULL, 1412, 141, NULL, 1, NULL, 1, NULL, '2023-03-24 18:18:18', 3, NULL, NULL, 1),
(704, 'AC.M.62.08.49P', NULL, NULL, 1412, 141, NULL, 1, NULL, 1, NULL, '2023-03-24 18:18:18', 3, NULL, NULL, 1),
(705, 'LE.M.62.08.25P', NULL, NULL, 1476, 132, NULL, 1, NULL, 1, NULL, '2023-03-24 18:18:18', 3, NULL, NULL, 1),
(706, 'LE.M.62.08.26P', NULL, NULL, 1476, 132, NULL, 1, NULL, 1, NULL, '2023-03-24 18:18:18', 3, NULL, NULL, 1),
(707, 'LE.M.62.08.27P', NULL, NULL, 1476, 132, NULL, 1, NULL, 1, NULL, '2023-03-24 18:18:18', 3, NULL, NULL, 1),
(708, 'LE.M.62.08.28P', NULL, NULL, 1476, 132, NULL, 1, NULL, 1, NULL, '2023-03-24 18:18:18', 3, NULL, NULL, 1),
(709, 'LE.M.62.08.29P', NULL, NULL, 1476, 132, NULL, 1, NULL, 1, NULL, '2023-03-24 18:18:18', 3, NULL, NULL, 1),
(710, 'ET.M.62.08.171P', NULL, NULL, 322, 24, NULL, 1, NULL, 1, NULL, '2023-03-24 18:18:18', 3, NULL, NULL, 1),
(711, 'ET.M.62.08.172P', NULL, NULL, 323, 24, NULL, 1, NULL, 1, NULL, '2023-03-24 18:18:18', 3, NULL, NULL, 1),
(712, 'ET.M.62.08.173P', NULL, NULL, 324, 24, NULL, 1, NULL, 1, NULL, '2023-03-24 18:18:18', 3, NULL, NULL, 1),
(713, 'ET.M.62.08.174P', NULL, NULL, 325, 24, NULL, 1, NULL, 1, NULL, '2023-03-24 18:18:18', 3, NULL, NULL, 1),
(714, 'ET.M.62.08.175P', NULL, NULL, 300, 24, NULL, 1, NULL, 1, NULL, '2023-03-24 18:18:18', 3, NULL, NULL, 1),
(715, 'ET.M.62.08.176P', NULL, NULL, 301, 24, NULL, 1, NULL, 1, NULL, '2023-03-24 18:18:18', 3, NULL, NULL, 1),
(716, 'ET.M.62.08.177P', NULL, NULL, 302, 24, NULL, 1, NULL, 1, NULL, '2023-03-24 18:18:18', 3, NULL, NULL, 1),
(717, 'ET.M.62.08.178P', NULL, NULL, 303, 24, NULL, 1, NULL, 1, NULL, '2023-03-24 18:18:18', 3, NULL, NULL, 1),
(718, 'ET.M.62.08.179P', NULL, NULL, 298, 24, NULL, 1, NULL, 1, NULL, '2023-03-24 18:18:18', 3, NULL, NULL, 1),
(719, 'ET.M.62.08.180P', NULL, NULL, 299, 24, NULL, 1, NULL, 1, NULL, '2023-03-24 18:18:18', 3, NULL, NULL, 1),
(720, 'ET.M.62.08.181P', NULL, NULL, 316, 24, NULL, 1, NULL, 1, NULL, '2023-03-24 18:18:18', 3, NULL, NULL, 1),
(721, 'ET.M.62.08.182P', NULL, NULL, 317, 24, NULL, 1, NULL, 1, NULL, '2023-03-24 18:18:18', 3, NULL, NULL, 1),
(722, 'ET.M.62.08.183P', NULL, NULL, 304, 24, NULL, 1, NULL, 1, NULL, '2023-03-24 18:18:18', 3, NULL, NULL, 1),
(723, 'ET.M.62.08.184P', NULL, NULL, 305, 24, NULL, 1, NULL, 1, NULL, '2023-03-24 18:18:18', 3, NULL, NULL, 1),
(724, 'ET.M.62.08.185P', NULL, NULL, 306, 24, NULL, 1, NULL, 1, NULL, '2023-03-24 18:18:18', 3, NULL, NULL, 1),
(725, 'ET.M.62.08.186P', NULL, NULL, 307, 24, NULL, 1, NULL, 1, NULL, '2023-03-24 18:18:18', 3, NULL, NULL, 1),
(726, 'ET.M.62.08.187P', NULL, NULL, 308, 24, NULL, 1, NULL, 1, NULL, '2023-03-24 18:18:18', 3, NULL, NULL, 1),
(727, 'ET.M.62.08.188P', NULL, NULL, 309, 24, NULL, 1, NULL, 1, NULL, '2023-03-24 18:18:18', 3, NULL, NULL, 1),
(728, 'ET.M.62.08.189P', NULL, NULL, 311, 24, NULL, 1, NULL, 1, NULL, '2023-03-24 18:18:18', 3, NULL, NULL, 1),
(729, 'ET.M.62.08.190P', NULL, NULL, 312, 24, NULL, 1, NULL, 1, NULL, '2023-03-24 18:18:18', 3, NULL, NULL, 1),
(730, 'ET.M.62.08.191P', NULL, NULL, 313, 24, NULL, 1, NULL, 1, NULL, '2023-03-24 18:18:18', 3, NULL, NULL, 1),
(731, 'ET.M.62.08.192P', NULL, NULL, 314, 24, NULL, 1, NULL, 1, NULL, '2023-03-24 18:18:18', 3, NULL, NULL, 1),
(732, 'ET.M.62.08.193P', NULL, NULL, 315, 24, NULL, 1, NULL, 1, NULL, '2023-03-24 18:18:18', 3, NULL, NULL, 1),
(733, 'ET.M.62.08.194P', NULL, NULL, 310, 24, NULL, 1, NULL, 1, NULL, '2023-03-24 18:18:18', 3, NULL, NULL, 1),
(734, 'ET.M.62.08.195P', NULL, NULL, 296, 24, NULL, 1, NULL, 1, NULL, '2023-03-24 18:18:18', 3, NULL, NULL, 1),
(735, 'IV.M.62.08.44P', NULL, NULL, 598, 134, NULL, 1, NULL, 1, NULL, '2023-03-24 18:18:18', 3, NULL, NULL, 1),
(736, 'IV.M.62.08.45P', NULL, NULL, 598, 134, NULL, 1, NULL, 1, NULL, '2023-03-24 18:18:18', 3, NULL, NULL, 1),
(737, 'IV.M.62.08.46P', NULL, NULL, 598, 134, NULL, 1, NULL, 1, NULL, '2023-03-24 18:18:18', 3, NULL, NULL, 1),
(738, 'IV.M.62.08.47P', NULL, NULL, 598, 134, NULL, 1, NULL, 1, NULL, '2023-03-24 18:18:18', 3, NULL, NULL, 1),
(739, 'IV.M.62.08.48P', NULL, NULL, 598, 134, NULL, 1, NULL, 1, NULL, '2023-03-24 18:18:18', 3, NULL, NULL, 1),
(740, 'IV.M.62.08.49P', NULL, NULL, 598, 134, NULL, 1, NULL, 1, NULL, '2023-03-24 18:18:18', 3, NULL, NULL, 1),
(741, 'IV.M.62.08.50P', NULL, NULL, 598, 134, NULL, 1, NULL, 1, NULL, '2023-03-24 18:18:18', 3, NULL, NULL, 1),
(742, 'IV.M.62.08.51P', NULL, NULL, 598, 134, NULL, 1, NULL, 1, NULL, '2023-03-24 18:18:18', 3, NULL, NULL, 1),
(743, 'IV.M.62.08.52P', NULL, NULL, 598, 134, NULL, 1, NULL, 1, NULL, '2023-03-24 18:18:18', 3, NULL, NULL, 1),
(744, 'IV.M.62.08.53P', NULL, NULL, 598, 134, NULL, 1, NULL, 1, NULL, '2023-03-24 18:18:18', 3, NULL, NULL, 1),
(745, 'IV.M.62.08.54P', NULL, NULL, 598, 134, NULL, 1, NULL, 1, NULL, '2023-03-24 18:18:18', 3, NULL, NULL, 1),
(746, 'IV.M.62.08.55P', NULL, NULL, 598, 134, NULL, 1, NULL, 1, NULL, '2023-03-24 18:18:18', 3, NULL, NULL, 1),
(747, 'IV.M.62.08.56P', NULL, NULL, 598, 134, NULL, 1, NULL, 1, NULL, '2023-03-24 18:18:18', 3, NULL, NULL, 1),
(748, 'IV.M.62.08.57P', NULL, NULL, 598, 134, NULL, 1, NULL, 1, NULL, '2023-03-24 18:18:18', 3, NULL, NULL, 1),
(749, 'IV.M.62.08.58P', NULL, NULL, 598, 134, NULL, 1, NULL, 1, NULL, '2023-03-24 18:18:18', 3, NULL, NULL, 1),
(750, 'IV.M.62.08.59P', NULL, NULL, 598, 134, NULL, 1, NULL, 1, NULL, '2023-03-24 18:18:18', 3, NULL, NULL, 1),
(751, 'IV.M.62.08.60P', NULL, NULL, 598, 134, NULL, 1, NULL, 1, NULL, '2023-03-24 18:18:18', 3, NULL, NULL, 1),
(752, 'LT.M.62.08.01P', NULL, NULL, 1011, 24, NULL, 1, NULL, 1, NULL, '2023-03-24 18:18:18', 3, NULL, NULL, 1),
(753, 'AS.M.62.08.01P', NULL, NULL, 139, 24, NULL, 1, NULL, 1, NULL, '2023-03-24 18:18:18', 3, NULL, NULL, 1),
(754, 'HL.M.62.08.02P', NULL, NULL, 577, 24, NULL, 1, NULL, 1, NULL, '2023-03-24 18:18:18', 3, NULL, NULL, 1),
(755, 'HL.M.62.08.03P', NULL, NULL, 577, 24, NULL, 1, NULL, 1, NULL, '2023-03-24 18:18:18', 3, NULL, NULL, 1),
(756, 'MB.M.62.08.06P', NULL, NULL, 670, 24, NULL, 1, NULL, 1, NULL, '2023-03-24 18:18:18', 3, NULL, NULL, 1),
(757, 'AW.M.63.08.01P', NULL, NULL, 90, 24, NULL, 1, NULL, 1, NULL, '2023-03-24 18:18:18', 3, NULL, NULL, 1),
(758, 'FP.M.62.08.04P', NULL, NULL, 536, 24, NULL, 1, NULL, 1, NULL, '2023-03-24 18:18:18', 3, NULL, NULL, 1),
(759, 'CP.M.62.08.11P', NULL, NULL, 216, 164, NULL, 1, NULL, 1, NULL, '2023-03-24 18:18:18', 3, NULL, NULL, 1),
(760, 'CP.M.62.08.12P', NULL, NULL, 217, 161, NULL, 1, NULL, 1, NULL, '2023-03-24 18:18:18', 3, NULL, NULL, 1),
(761, 'AC.M.63.04.50P', NULL, NULL, 1397, 118, NULL, 1, NULL, 1, NULL, '2023-03-24 18:18:18', 3, NULL, NULL, 1),
(762, 'AC.M.63.04.55P', NULL, NULL, 1421, 158, NULL, 1, NULL, 1, NULL, '2023-03-24 18:18:18', 3, NULL, NULL, 1),
(763, 'AC.M.63.06.51P', NULL, NULL, 1402, 157, NULL, 1, NULL, 1, NULL, '2023-03-24 18:18:18', 3, NULL, NULL, 1),
(764, 'AC.M.63.06.53P', NULL, NULL, 1387, 97, NULL, 1, NULL, 1, NULL, '2023-03-24 18:18:18', 3, NULL, NULL, 1),
(765, 'AC.M.63.06.56P', NULL, NULL, 1383, 120, NULL, 1, NULL, 1, NULL, '2023-03-24 18:18:18', 3, NULL, NULL, 1),
(766, 'AC.M.63.06.57P', NULL, NULL, 1384, 120, NULL, 1, NULL, 1, NULL, '2023-03-24 18:18:18', 3, NULL, NULL, 1),
(767, 'AC.M.63.01.52P', NULL, NULL, 1388, 159, NULL, 1, NULL, 1, NULL, '2023-03-24 18:18:18', 3, NULL, NULL, 1),
(768, 'AC.M.63.08.54P', NULL, NULL, 1385, 119, NULL, 1, NULL, 1, NULL, '2023-03-24 18:18:18', 3, NULL, NULL, 1),
(769, 'AC.M.63.08.58P', NULL, NULL, 1386, 107, NULL, 1, NULL, 1, NULL, '2023-03-24 18:18:18', 3, NULL, NULL, 1),
(770, 'Jpac.CS.M.A.56.01', NULL, NULL, 211, 195, NULL, 2, NULL, 1, NULL, '2023-03-24 18:18:18', 3, NULL, NULL, 1),
(771, 'Jpac.CS.M.A.56.02', NULL, NULL, 212, 195, NULL, 2, NULL, 1, NULL, '2023-03-24 18:18:18', 3, NULL, NULL, 1),
(772, 'Jpac.CS.M.A.59.03', NULL, NULL, 213, 195, NULL, 2, NULL, 1, NULL, '2023-03-24 18:18:18', 3, NULL, NULL, 1),
(773, 'Jpac.VS.M.A.56.01', NULL, NULL, 580, 195, NULL, 2, NULL, 1, NULL, '2023-03-24 18:18:18', 3, NULL, NULL, 1),
(774, 'Jpac.VS.M.A.56.02', NULL, NULL, 797, 195, NULL, 2, NULL, 1, NULL, '2023-03-24 18:18:18', 3, NULL, NULL, 1),
(775, 'Jpac.VS.M.A.59.03', NULL, NULL, 798, 195, NULL, 2, NULL, 1, NULL, '2023-03-24 18:18:18', 3, NULL, NULL, 1),
(776, 'Jpac.AP.M.A.56.01', NULL, NULL, 804, 195, NULL, 2, NULL, 1, NULL, '2023-03-24 18:18:18', 3, NULL, NULL, 1),
(777, 'Jpac.AP.M.A.56.02', NULL, NULL, 805, 195, NULL, 2, NULL, 1, NULL, '2023-03-24 18:18:18', 3, NULL, NULL, 1),
(778, 'Jpac.AP.M.A.56.03', NULL, NULL, 806, 195, NULL, 2, NULL, 1, NULL, '2023-03-24 18:18:18', 3, NULL, NULL, 1),
(779, 'Jpac.AP.M.A.56.04', NULL, NULL, 807, 195, NULL, 2, NULL, 1, NULL, '2023-03-24 18:18:18', 3, NULL, NULL, 1),
(780, 'Jpac.AP.M.A.56.05', NULL, NULL, 808, 195, NULL, 2, NULL, 1, NULL, '2023-03-24 18:18:18', 3, NULL, NULL, 1),
(781, 'Jpac.AP.M.A.56.06', NULL, NULL, 809, 195, NULL, 2, NULL, 1, NULL, '2023-03-24 18:18:18', 3, NULL, NULL, 1),
(782, 'Jpac.AP.M.A.59.07', NULL, NULL, 810, 195, NULL, 2, NULL, 1, NULL, '2023-03-24 18:18:18', 3, NULL, NULL, 1),
(783, 'Jpac.AP.M.A.59.08', NULL, NULL, 811, 195, NULL, 2, NULL, 1, NULL, '2023-03-24 18:18:18', 3, NULL, NULL, 1),
(784, 'Jpac.IC.M.A.56.01', NULL, NULL, 579, 195, NULL, 2, NULL, 1, NULL, '2023-03-24 18:18:18', 3, NULL, NULL, 1),
(785, 'Jpac.RC.M.A.56.01', NULL, NULL, 728, 195, NULL, 2, NULL, 1, NULL, '2023-03-24 18:18:18', 3, NULL, NULL, 1),
(786, 'Jpac.EC.M.A.56.01', NULL, NULL, 287, 195, NULL, 2, NULL, 1, NULL, '2023-03-24 18:18:18', 3, NULL, NULL, 1),
(787, 'Jpac.EC.M.A.56.02', NULL, NULL, 288, 195, NULL, 2, NULL, 1, NULL, '2023-03-24 18:18:18', 3, NULL, NULL, 1),
(788, 'Jpac.EC.M.A.59.03', NULL, NULL, 289, 195, NULL, 2, NULL, 1, NULL, '2023-03-24 18:18:18', 3, NULL, NULL, 1),
(789, 'Jpac.PG.M.A.56.01', NULL, NULL, 140, 195, NULL, 2, NULL, 1, NULL, '2023-03-24 18:18:18', 3, NULL, NULL, 1),
(790, 'Jpac.ET.M.A.56.01', NULL, NULL, 482, 192, NULL, 2, NULL, 1, NULL, '2023-03-24 18:18:18', 3, NULL, NULL, 1),
(791, 'Jpac.ET.M.A.56.02', NULL, NULL, 490, 192, NULL, 2, NULL, 1, NULL, '2023-03-24 18:18:18', 3, NULL, NULL, 1),
(792, 'Jpac.ET.M.A.56.03', NULL, NULL, 503, 192, NULL, 2, NULL, 1, NULL, '2023-03-24 18:18:18', 3, NULL, NULL, 1),
(793, 'Jpac.ET.M.A.56.04', NULL, NULL, 512, 192, NULL, 2, NULL, 1, NULL, '2023-03-24 18:18:18', 3, NULL, NULL, 1),
(794, 'Jpac.ET.M.A.56.05', NULL, NULL, 523, 192, NULL, 2, NULL, 1, NULL, '2023-03-24 18:18:18', 3, NULL, NULL, 1),
(795, 'Jpac.ET.M.A.56.06', NULL, NULL, 526, 192, NULL, 2, NULL, 1, NULL, '2023-03-24 18:18:18', 3, NULL, NULL, 1),
(796, 'Jpac.ET.M.A.56.07', NULL, NULL, 527, 192, NULL, 2, NULL, 1, NULL, '2023-03-24 18:18:18', 3, NULL, NULL, 1),
(797, 'Jpac.ET.M.A.56.08', NULL, NULL, 528, 192, NULL, 2, NULL, 1, NULL, '2023-03-24 18:18:18', 3, NULL, NULL, 1),
(798, 'Jpac.ET.M.A.56.09', NULL, NULL, 529, 192, NULL, 2, NULL, 1, NULL, '2023-03-24 18:18:18', 3, NULL, NULL, 1),
(799, 'Jpac.ET.M.A.56.10', NULL, NULL, 483, 192, NULL, 2, NULL, 1, NULL, '2023-03-24 18:18:18', 3, NULL, NULL, 1),
(800, 'Jpac.ET.M.A.56.11', NULL, NULL, 484, 192, NULL, 2, NULL, 1, NULL, '2023-03-24 18:18:18', 3, NULL, NULL, 1),
(801, 'Jpac.ET.M.A.56.12', NULL, NULL, 485, 192, NULL, 2, NULL, 1, NULL, '2023-03-24 18:18:18', 3, NULL, NULL, 1),
(802, 'Jpac.ET.M.A.56.13', NULL, NULL, 486, 192, NULL, 2, NULL, 1, NULL, '2023-03-24 18:18:18', 3, NULL, NULL, 1),
(803, 'Jpac.ET.M.A.56.14', NULL, NULL, 487, 192, NULL, 2, NULL, 1, NULL, '2023-03-24 18:18:18', 3, NULL, NULL, 1),
(804, 'Jpac.ET.M.A.56.15', NULL, NULL, 488, 192, NULL, 2, NULL, 1, NULL, '2023-03-24 18:18:18', 3, NULL, NULL, 1),
(805, 'Jpac.ET.M.A.56.16', NULL, NULL, 489, 192, NULL, 2, NULL, 1, NULL, '2023-03-24 18:18:18', 3, NULL, NULL, 1),
(806, 'Jpac.ET.M.A.56.17', NULL, NULL, 496, 192, NULL, 2, NULL, 1, NULL, '2023-03-24 18:18:18', 3, NULL, NULL, 1),
(807, 'Jpac.ET.M.A.56.19', NULL, NULL, 491, 192, NULL, 2, NULL, 1, NULL, '2023-03-24 18:18:18', 3, NULL, NULL, 1),
(808, 'Jpac.ET.M.A.56.20', NULL, NULL, 492, 192, NULL, 2, NULL, 1, NULL, '2023-03-24 18:18:18', 3, NULL, NULL, 1),
(809, 'Jpac.ET.M.A.56.21', NULL, NULL, 493, 192, NULL, 2, NULL, 1, NULL, '2023-03-24 18:18:18', 3, NULL, NULL, 1),
(810, 'Jpac.ET.M.A.56.22', NULL, NULL, 494, 192, NULL, 2, NULL, 1, NULL, '2023-03-24 18:18:18', 3, NULL, NULL, 1),
(811, 'Jpac.ET.M.A.56.24', NULL, NULL, 495, 192, NULL, 2, NULL, 1, NULL, '2023-03-24 18:18:18', 3, NULL, NULL, 1),
(812, 'Jpac.ET.M.A.56.26', NULL, NULL, 497, 192, NULL, 2, NULL, 1, NULL, '2023-03-24 18:18:18', 3, NULL, NULL, 1),
(813, 'Jpac.ET.M.A.56.27', NULL, NULL, 498, 192, NULL, 2, NULL, 1, NULL, '2023-03-24 18:18:18', 3, NULL, NULL, 1),
(814, 'Jpac.ET.M.A.56.25', NULL, NULL, 499, 192, NULL, 2, NULL, 1, NULL, '2023-03-24 18:18:18', 3, NULL, NULL, 1),
(815, 'Jpac.ET.M.A.56.29', NULL, NULL, 501, 192, NULL, 2, NULL, 1, NULL, '2023-03-24 18:18:18', 3, NULL, NULL, 1),
(816, 'Jpac.ET.M.A.56.28', NULL, NULL, 500, 192, NULL, 2, NULL, 1, NULL, '2023-03-24 18:18:18', 3, NULL, NULL, 1),
(817, 'Jpac.ET.M.A.56.31', NULL, NULL, 505, 192, NULL, 2, NULL, 1, NULL, '2023-03-24 18:18:18', 3, NULL, NULL, 1),
(818, 'Jpac.ET.M.A.59.29', NULL, NULL, 502, 192, NULL, 2, NULL, 1, NULL, '2023-03-24 18:18:18', 3, NULL, NULL, 1),
(819, 'Jpac.ET.M.A.59.33', NULL, NULL, 507, 192, NULL, 2, NULL, 1, NULL, '2023-03-24 18:18:18', 3, NULL, NULL, 1),
(820, 'Jpac.ET.M.A.56.30', NULL, NULL, 504, 192, NULL, 2, NULL, 1, NULL, '2023-03-24 18:18:18', 3, NULL, NULL, 1),
(821, 'Jpac.ET.M.A.59.35', NULL, NULL, 508, 192, NULL, 2, NULL, 1, NULL, '2023-03-24 18:18:18', 3, NULL, NULL, 1),
(822, 'Jpac.ET.M.A.59.36', NULL, NULL, 506, 192, NULL, 2, NULL, 1, NULL, '2023-03-24 18:18:18', 3, NULL, NULL, 1),
(823, 'Jpac.ET.M.A.59.37', NULL, NULL, 509, 192, NULL, 2, NULL, 1, NULL, '2023-03-24 18:18:18', 3, NULL, NULL, 1),
(824, 'Jpac.MR.M.A.56.01', NULL, NULL, 663, 192, NULL, 2, NULL, 1, NULL, '2023-03-24 18:18:18', 3, NULL, NULL, 1),
(825, 'Jpac.MR.M.A.56.02', NULL, NULL, 664, 192, NULL, 2, NULL, 1, NULL, '2023-03-24 18:18:18', 3, NULL, NULL, 1),
(826, 'Jpac.MR.M.A.56.03', NULL, NULL, 665, 192, NULL, 2, NULL, 1, NULL, '2023-03-24 18:18:18', 3, NULL, NULL, 1),
(827, 'Jpac.WC.M.A.56.01', NULL, NULL, 835, 192, NULL, 2, NULL, 1, NULL, '2023-03-24 18:18:18', 3, NULL, NULL, 1),
(828, 'Jpac.WC.M.A.56.02', NULL, NULL, 837, 192, NULL, 2, NULL, 1, NULL, '2023-03-24 18:18:18', 3, NULL, NULL, 1),
(829, 'Jpac.WC.M.A.56.03', NULL, NULL, 839, 192, NULL, 2, NULL, 1, NULL, '2023-03-24 18:18:18', 3, NULL, NULL, 1),
(830, 'Jpac.WC.M.A.56.04', NULL, NULL, 841, 192, NULL, 2, NULL, 1, NULL, '2023-03-24 18:18:18', 3, NULL, NULL, 1),
(831, 'Jpac.WT.M.A.56.01', NULL, NULL, 827, 192, NULL, 2, NULL, 1, NULL, '2023-03-24 18:18:18', 3, NULL, NULL, 1),
(832, 'Jpac.GT.M.A.56.01', NULL, NULL, 561, 195, NULL, 2, NULL, 1, NULL, '2023-03-24 18:18:18', 3, NULL, NULL, 1),
(833, 'Jpac.TF.M.A.56.01', NULL, NULL, 789, 195, NULL, 2, NULL, 1, NULL, '2023-03-24 18:18:18', 3, NULL, NULL, 1),
(834, 'Jpac.LE.M.A.57.01', NULL, NULL, 1362, 192, NULL, 2, NULL, 1, NULL, '2023-03-24 18:18:18', 3, NULL, NULL, 1),
(835, 'Jpac.LE.M.A.57.02', NULL, NULL, 1368, 192, NULL, 2, NULL, 1, NULL, '2023-03-24 18:18:18', 3, NULL, NULL, 1),
(836, 'Jpac.LE.M.A.57.03', NULL, NULL, 1369, 192, NULL, 2, NULL, 1, NULL, '2023-03-24 18:18:18', 3, NULL, NULL, 1),
(837, 'Jpac.LE.M.A.57.04', NULL, NULL, 1370, 192, NULL, 2, NULL, 1, NULL, '2023-03-24 18:18:18', 3, NULL, NULL, 1),
(838, 'Jpac.SB.M.A.59.01', NULL, NULL, 1354, 192, NULL, 2, NULL, 1, NULL, '2023-03-24 18:18:18', 3, NULL, NULL, 1),
(839, 'Jpac.SF.M.A.60.01', NULL, NULL, 1340, 192, NULL, 2, NULL, 1, NULL, '2023-03-24 18:18:18', 3, NULL, NULL, 1),
(840, 'Jpac.WC.M.C.60.05', NULL, NULL, 843, 190, NULL, 2, NULL, 1, NULL, '2023-03-24 18:18:18', 3, NULL, NULL, 1),
(841, 'Jpac.WC.M.C.60.06', NULL, NULL, 845, 190, NULL, 2, NULL, 1, NULL, '2023-03-24 18:18:18', 3, NULL, NULL, 1),
(842, 'Jpac.WC.M.C.60.07', NULL, NULL, 847, 190, NULL, 2, NULL, 1, NULL, '2023-03-24 18:18:18', 3, NULL, NULL, 1),
(843, 'Jpac.WC.M.C.60.08', NULL, NULL, 849, 190, NULL, 2, NULL, 1, NULL, '2023-03-24 18:18:18', 3, NULL, NULL, 1),
(844, 'Jpac.MM.M.B.57.01', NULL, NULL, 680, 191, NULL, 2, NULL, 1, NULL, '2023-03-24 18:18:18', 3, NULL, NULL, 1),
(845, 'Jpac.SB.M.A.59.02', NULL, NULL, 1355, 192, NULL, 2, NULL, 1, NULL, '2023-03-24 18:18:18', 3, NULL, NULL, 1),
(846, 'Jpac.LE.M.B.57.05', NULL, NULL, 1371, 191, NULL, 2, NULL, 1, NULL, '2023-03-24 18:18:18', 3, NULL, NULL, 1),
(847, 'Jpac.LE.M.B.57.06', NULL, NULL, 1372, 191, NULL, 2, NULL, 1, NULL, '2023-03-24 18:18:18', 3, NULL, NULL, 1),
(848, 'Jpac.LE.M.B.57.07', NULL, NULL, 1373, 191, NULL, 2, NULL, 1, NULL, '2023-03-24 18:18:18', 3, NULL, NULL, 1),
(849, 'Jpac.AH.M.A.56.01', NULL, NULL, 65, 192, NULL, 2, NULL, 1, NULL, '2023-03-24 18:18:18', 3, NULL, NULL, 1),
(850, 'Jpac.AH.M.A.56.02', NULL, NULL, 66, 192, NULL, 2, NULL, 1, NULL, '2023-03-24 18:18:18', 3, NULL, NULL, 1),
(851, 'Jpac.PB.M.A.60.01', NULL, NULL, 1358, 192, NULL, 2, NULL, 1, NULL, '2023-03-24 18:18:18', 3, NULL, NULL, 1),
(852, 'Jpac.CS.M.A.60.04', NULL, NULL, 214, 195, NULL, 2, NULL, 1, NULL, '2023-03-24 18:18:18', 3, NULL, NULL, 1),
(853, 'Jpac.ET.M.C.60.38', NULL, NULL, 510, 190, NULL, 2, NULL, 1, NULL, '2023-03-24 18:18:18', 3, NULL, NULL, 1),
(854, 'Jpac.ET.M.C.60.39', NULL, NULL, 511, 190, NULL, 2, NULL, 1, NULL, '2023-03-24 18:18:18', 3, NULL, NULL, 1),
(855, 'Jpac.ET.M.C.60.40', NULL, NULL, 513, 190, NULL, 2, NULL, 1, NULL, '2023-03-24 18:18:18', 3, NULL, NULL, 1),
(856, 'Jpac.ET.M.C.60.41', NULL, NULL, 514, 190, NULL, 2, NULL, 1, NULL, '2023-03-24 18:18:18', 3, NULL, NULL, 1),
(857, 'Jpac.ET.M.C.60.42', NULL, NULL, 515, 190, NULL, 2, NULL, 1, NULL, '2023-03-24 18:18:18', 3, NULL, NULL, 1),
(858, 'Jpac.ET.M.C.60.43', NULL, NULL, 516, 190, NULL, 2, NULL, 1, NULL, '2023-03-24 18:18:18', 3, NULL, NULL, 1),
(859, 'Jpac.ET.M.C.60.44', NULL, NULL, 517, 190, NULL, 2, NULL, 1, NULL, '2023-03-24 18:18:18', 3, NULL, NULL, 1),
(860, 'Jpac.ET.M.C.60.45', NULL, NULL, 518, 190, NULL, 2, NULL, 1, NULL, '2023-03-24 18:18:18', 3, NULL, NULL, 1),
(861, 'Jpac.ET.M.C.60.46', NULL, NULL, 519, 190, NULL, 2, NULL, 1, NULL, '2023-03-24 18:18:18', 3, NULL, NULL, 1),
(862, 'Jpac.ET.M.C.60.47', NULL, NULL, 520, 190, NULL, 2, NULL, 1, NULL, '2023-03-24 18:18:18', 3, NULL, NULL, 1),
(863, 'Jpac.ET.M.C.60.48', NULL, NULL, 521, 190, NULL, 2, NULL, 1, NULL, '2023-03-24 18:18:18', 3, NULL, NULL, 1),
(864, 'Jpac.ET.M.C.60.49', NULL, NULL, 522, 190, NULL, 2, NULL, 1, NULL, '2023-03-24 18:18:18', 3, NULL, NULL, 1),
(865, 'Jpac.ET.M.C.60.50', NULL, NULL, 524, 190, NULL, 2, NULL, 1, NULL, '2023-03-24 18:18:18', 3, NULL, NULL, 1),
(866, 'Jpac.LE.M.C.60.08', NULL, NULL, 1374, 190, NULL, 2, NULL, 1, NULL, '2023-03-24 18:18:18', 3, NULL, NULL, 1),
(867, 'Jpac.LE.M.C.60.09', NULL, NULL, 1375, 190, NULL, 2, NULL, 1, NULL, '2023-03-24 18:18:18', 3, NULL, NULL, 1),
(868, 'Jpac.LE.M.C.60.10', NULL, NULL, 1363, 190, NULL, 2, NULL, 1, NULL, '2023-03-24 18:18:18', 3, NULL, NULL, 1),
(869, 'Jpac.LE.M.C.60.11', NULL, NULL, 1364, 190, NULL, 2, NULL, 1, NULL, '2023-03-24 18:18:18', 3, NULL, NULL, 1),
(870, 'Jpac.LE.M.C.60.12', NULL, NULL, 1365, 190, NULL, 2, NULL, 1, NULL, '2023-03-24 18:18:18', 3, NULL, NULL, 1),
(871, 'Jpac.LE.M.C.60.13', NULL, NULL, 1366, 190, NULL, 2, NULL, 1, NULL, '2023-03-24 18:18:18', 3, NULL, NULL, 1),
(872, 'Jpac.LE.M.C.60.14', NULL, NULL, 1367, 190, NULL, 2, NULL, 1, NULL, '2023-03-24 18:18:18', 3, NULL, NULL, 1),
(873, 'Jpac.EL.M.A.60.01', NULL, NULL, 266, 192, NULL, 2, NULL, 1, NULL, '2023-03-24 18:18:18', 3, NULL, NULL, 1),
(874, 'Jpac.EL.M.A.60.02', NULL, NULL, 277, 192, NULL, 2, NULL, 1, NULL, '2023-03-24 18:18:18', 3, NULL, NULL, 1),
(875, 'Jpac.EL.M.A.60.03', NULL, NULL, 280, 192, NULL, 2, NULL, 1, NULL, '2023-03-24 18:18:18', 3, NULL, NULL, 1),
(876, 'Jpac.EL.M.A.60.04', NULL, NULL, 281, 192, NULL, 2, NULL, 1, NULL, '2023-03-24 18:18:18', 3, NULL, NULL, 1),
(877, 'Jpac.EL.M.A.60.05', NULL, NULL, 282, 192, NULL, 2, NULL, 1, NULL, '2023-03-24 18:18:18', 3, NULL, NULL, 1),
(878, 'Jpac.EL.M.B.60.06', NULL, NULL, 283, 191, NULL, 2, NULL, 1, NULL, '2023-03-24 18:18:18', 3, NULL, NULL, 1),
(879, 'Jpac.EL.M.A.60.07', NULL, NULL, 284, 194, NULL, 2, NULL, 1, NULL, '2023-03-24 18:18:18', 3, NULL, NULL, 1),
(880, 'Jpac.EL.M.A.60.08', NULL, NULL, 285, 194, NULL, 2, NULL, 1, NULL, '2023-03-24 18:18:18', 3, NULL, NULL, 1),
(881, 'Jpac.EL.M.C.60.09', NULL, NULL, 286, 190, NULL, 2, NULL, 1, NULL, '2023-03-24 18:18:18', 3, NULL, NULL, 1),
(882, 'Jpac.EL.M.C.60.10', NULL, NULL, 267, 190, NULL, 2, NULL, 1, NULL, '2023-03-24 18:18:18', 3, NULL, NULL, 1),
(883, 'Jpac.EL.M.C.60.11', NULL, NULL, 268, 190, NULL, 2, NULL, 1, NULL, '2023-03-24 18:18:18', 3, NULL, NULL, 1),
(884, 'Jpac.EL.M.C.60.12', NULL, NULL, 269, 190, NULL, 2, NULL, 1, NULL, '2023-03-24 18:18:18', 3, NULL, NULL, 1),
(885, 'Jpac.EL.M.C.60.13', NULL, NULL, 270, 190, NULL, 2, NULL, 1, NULL, '2023-03-24 18:18:18', 3, NULL, NULL, 1),
(886, 'Jpac.EL.M.C.60.14', NULL, NULL, 271, 190, NULL, 2, NULL, 1, NULL, '2023-03-24 18:18:18', 3, NULL, NULL, 1),
(887, 'Jpac.EL.M.C.60.15', NULL, NULL, 272, 190, NULL, 2, NULL, 1, NULL, '2023-03-24 18:18:18', 3, NULL, NULL, 1),
(888, 'Jpac.EL.M.C.60.16', NULL, NULL, 273, 190, NULL, 2, NULL, 1, NULL, '2023-03-24 18:18:18', 3, NULL, NULL, 1),
(889, 'Jpac.EL.M.C.60.17', NULL, NULL, 274, 190, NULL, 2, NULL, 1, NULL, '2023-03-24 18:18:18', 3, NULL, NULL, 1),
(890, 'Jpac.EL.M.C.60.18', NULL, NULL, 275, 190, NULL, 2, NULL, 1, NULL, '2023-03-24 18:18:18', 3, NULL, NULL, 1),
(891, 'Jpac.EL.M.C.60.19', NULL, NULL, 276, 190, NULL, 2, NULL, 1, NULL, '2023-03-24 18:18:18', 3, NULL, NULL, 1),
(892, 'Jpac.EL.M.C.60.20', NULL, NULL, 278, 190, NULL, 2, NULL, 1, NULL, '2023-03-24 18:18:18', 3, NULL, NULL, 1),
(893, 'Jpac.EL.M.C.60.21', NULL, NULL, 279, 190, NULL, 2, NULL, 1, NULL, '2023-03-24 18:18:18', 3, NULL, NULL, 1),
(894, 'Jpac.WS.M.C.60.01', NULL, NULL, 816, 190, NULL, 2, NULL, 1, NULL, '2023-03-24 18:18:18', 3, NULL, NULL, 1),
(895, 'Jpac.ET.M.C.61.01', NULL, NULL, 525, 190, NULL, 2, NULL, 1, NULL, '2023-03-24 18:18:18', 3, NULL, NULL, 1),
(896, 'Jpac.DL.M.A.56.01', NULL, NULL, 250, 192, NULL, 2, NULL, 1, NULL, '2023-03-24 18:18:18', 3, NULL, NULL, 1),
(897, 'Jpac.DL.M.A.56.02', NULL, NULL, 251, 192, NULL, 2, NULL, 1, NULL, '2023-03-24 18:18:18', 3, NULL, NULL, 1);
INSERT INTO `tb_machine_site` (`id_machine_site`, `code_machine_site`, `serial_number`, `recived_date`, `ref_id_machine_master`, `ref_id_building`, `ref_id_location`, `ref_id_site`, `ref_id_supplier`, `status_work`, `detail_machine_site`, `mcs_adddate`, `ref_id_user_add`, `mcs_editdate`, `ref_id_user_edit`, `status_machine_site`) VALUES
(898, 'Jpac.DL.M.A.56.03', NULL, NULL, 252, 192, NULL, 2, NULL, 1, NULL, '2023-03-24 18:18:18', 3, NULL, NULL, 1),
(899, 'Jpac.DL.M.A.56.04', NULL, NULL, 253, 192, NULL, 2, NULL, 1, NULL, '2023-03-24 18:18:18', 3, NULL, NULL, 1),
(900, 'Jpac.SD.M.A.56.01', NULL, NULL, 142, 192, NULL, 2, NULL, 1, NULL, '2023-03-24 18:18:18', 3, NULL, NULL, 1),
(901, 'Jpac.SD.M.A.56.02', NULL, NULL, 144, 192, NULL, 2, NULL, 1, NULL, '2023-03-24 18:18:18', 3, NULL, NULL, 1),
(902, 'Jpac.SD.M.A.56.03', NULL, NULL, 145, 192, NULL, 2, NULL, 1, NULL, '2023-03-24 18:18:18', 3, NULL, NULL, 1),
(903, 'Jpac.SD.M.A.56.04', NULL, NULL, 146, 192, NULL, 2, NULL, 1, NULL, '2023-03-24 18:18:18', 3, NULL, NULL, 1),
(904, 'Jpac.SD.M.A.56.05', NULL, NULL, 147, 192, NULL, 2, NULL, 1, NULL, '2023-03-24 18:18:18', 3, NULL, NULL, 1),
(905, 'Jpac.SD.M.A.56.06', NULL, NULL, 148, 192, NULL, 2, NULL, 1, NULL, '2023-03-24 18:18:18', 3, NULL, NULL, 1),
(906, 'Jpac.SD.M.A.56.07', NULL, NULL, 149, 192, NULL, 2, NULL, 1, NULL, '2023-03-24 18:18:18', 3, NULL, NULL, 1),
(907, 'Jpac.SD.M.C.56.01', NULL, NULL, 150, 190, NULL, 2, NULL, 1, NULL, '2023-03-24 18:18:18', 3, NULL, NULL, 1),
(908, 'Jpac.SD.M.C.60.01', NULL, NULL, 151, 190, NULL, 2, NULL, 1, NULL, '2023-03-24 18:18:18', 3, NULL, NULL, 1),
(909, 'Jpac.SD.M.C.60.02', NULL, NULL, 143, 190, NULL, 2, NULL, 1, NULL, '2023-03-24 18:18:18', 3, NULL, NULL, 1),
(910, 'Jpac.HP.M.C.61.01', NULL, NULL, 574, 190, NULL, 2, NULL, 1, NULL, '2023-03-24 18:18:18', 3, NULL, NULL, 1),
(911, 'Jpac.SD.M.A.62.01', NULL, NULL, 152, 192, NULL, 2, NULL, 1, NULL, '2023-03-24 18:18:18', 3, NULL, NULL, 1),
(912, 'Jpac.SD.M.A.62.02', NULL, NULL, 153, 192, NULL, 2, NULL, 1, NULL, '2023-03-24 18:18:18', 3, NULL, NULL, 1),
(913, 'Jpac.SD.M.A.62.03', NULL, NULL, 154, 192, NULL, 2, NULL, 1, NULL, '2023-03-24 18:18:18', 3, NULL, NULL, 1),
(914, 'Jpac.SD.M.A.62.04', NULL, NULL, 155, 192, NULL, 2, NULL, 1, NULL, '2023-03-24 18:18:18', 3, NULL, NULL, 1),
(915, 'Jpac.MD.M.A.62.01', NULL, NULL, 1338, 192, NULL, 2, NULL, 1, NULL, '2023-03-24 18:18:18', 3, NULL, NULL, 1),
(916, 'JPK.DT.M.57.A.01', NULL, NULL, 1207, 186, NULL, 5, NULL, 1, NULL, '2023-03-24 18:18:18', 3, NULL, NULL, 1),
(917, 'JPK.DT.M.57.A.02', NULL, NULL, 1208, 186, NULL, 5, NULL, 1, NULL, '2023-03-24 18:18:18', 3, NULL, NULL, 1),
(918, 'JPK.DT.M.57.A.03', NULL, NULL, 1209, 186, NULL, 5, NULL, 1, NULL, '2023-03-24 18:18:18', 3, NULL, NULL, 1),
(919, 'JPK.DT.M.57.A.04', NULL, NULL, 1210, 186, NULL, 5, NULL, 1, NULL, '2023-03-24 18:18:18', 3, NULL, NULL, 1),
(920, 'JPK.DT.M.57.A.05', NULL, NULL, 1203, 186, NULL, 5, NULL, 1, NULL, '2023-03-24 18:18:18', 3, NULL, NULL, 1),
(921, 'JPK.DT.M.57.A.06', NULL, NULL, 1204, 186, NULL, 5, NULL, 1, NULL, '2023-03-24 18:18:18', 3, NULL, NULL, 1),
(922, 'JPK.DT.M.57.A.07', NULL, NULL, 1205, 186, NULL, 5, NULL, 1, NULL, '2023-03-24 18:18:18', 3, NULL, NULL, 1),
(923, 'JPK.DT.M.57.A.08', NULL, NULL, 1206, 186, NULL, 5, NULL, 1, NULL, '2023-03-24 18:18:18', 3, NULL, NULL, 1),
(924, 'JPK.DT.M.57.A.09', NULL, NULL, 1199, 186, NULL, 5, NULL, 1, NULL, '2023-03-24 18:18:18', 3, NULL, NULL, 1),
(925, 'JPK.DT.M.57.A.10', NULL, NULL, 1200, 186, NULL, 5, NULL, 1, NULL, '2023-03-24 18:18:18', 3, NULL, NULL, 1),
(926, 'JPK.DT.M.57.A.11', NULL, NULL, 1201, 186, NULL, 5, NULL, 1, NULL, '2023-03-24 18:18:18', 3, NULL, NULL, 1),
(927, 'JPK.DT.M.57.A.12', NULL, NULL, 1202, 186, NULL, 5, NULL, 1, NULL, '2023-03-24 18:18:18', 3, NULL, NULL, 1),
(928, 'JPK.DT.M.57.A.13', NULL, NULL, 1211, 186, NULL, 5, NULL, 1, NULL, '2023-03-24 18:18:18', 3, NULL, NULL, 1),
(929, 'JPK.DT.M.57.A.16', NULL, NULL, 1212, 186, NULL, 5, NULL, 1, NULL, '2023-03-24 18:18:18', 3, NULL, NULL, 1),
(930, 'JPK.DT.M.57.A.17', NULL, NULL, 1213, 186, NULL, 5, NULL, 1, NULL, '2023-03-24 18:18:18', 3, NULL, NULL, 1),
(931, 'JPK.DT.M.57.A.18', NULL, NULL, 1214, 186, NULL, 5, NULL, 1, NULL, '2023-03-24 18:18:18', 3, NULL, NULL, 1),
(932, 'JPK.DT.M.57.A.19', NULL, NULL, 1215, 186, NULL, 5, NULL, 1, NULL, '2023-03-24 18:18:18', 3, NULL, NULL, 1),
(933, 'JPK.DT.M.57.A.20', NULL, NULL, 1216, 186, NULL, 5, NULL, 1, NULL, '2023-03-24 18:18:18', 3, NULL, NULL, 1),
(934, 'JPK.DT.M.57.A.21', NULL, NULL, 127, 186, NULL, 5, NULL, 1, NULL, '2023-03-24 18:18:18', 3, NULL, NULL, 1),
(935, 'JPK.DT.M.57.A.22', NULL, NULL, 130, 186, NULL, 5, NULL, 1, NULL, '2023-03-24 18:18:18', 3, NULL, NULL, 1),
(936, 'JPK.DT.M.57.A.23', NULL, NULL, 132, 186, NULL, 5, NULL, 1, NULL, '2023-03-24 18:18:18', 3, NULL, NULL, 1),
(937, 'JPK.DT.M.57.A.24', NULL, NULL, 725, 186, NULL, 5, NULL, 1, NULL, '2023-03-24 18:18:18', 3, NULL, NULL, 1),
(938, 'JPK.DT.M.57.A.25', NULL, NULL, 639, 186, NULL, 5, NULL, 1, NULL, '2023-03-24 18:18:18', 3, NULL, NULL, 1),
(939, 'JPK.DT.M.57.A.27', NULL, NULL, 640, 186, NULL, 5, NULL, 1, NULL, '2023-03-24 18:18:18', 3, NULL, NULL, 1),
(940, 'JPK.DT.M.57.A.28', NULL, NULL, 642, 186, NULL, 5, NULL, 1, NULL, '2023-03-24 18:18:18', 3, NULL, NULL, 1),
(941, 'JPK.DT.M.57.A.30', NULL, NULL, 645, 186, NULL, 5, NULL, 1, NULL, '2023-03-24 18:18:18', 3, NULL, NULL, 1),
(942, 'JPK.DT.M.57.A.31', NULL, NULL, 687, 186, NULL, 5, NULL, 1, NULL, '2023-03-24 18:18:18', 3, NULL, NULL, 1),
(943, 'JPK.DT.M.57.A.32', NULL, NULL, 688, 186, NULL, 5, NULL, 1, NULL, '2023-03-24 18:18:18', 3, NULL, NULL, 1),
(944, 'JPK.DT.M.57.A.33', NULL, NULL, 691, 186, NULL, 5, NULL, 1, NULL, '2023-03-24 18:18:18', 3, NULL, NULL, 1),
(945, 'JPK.DT.M.57.A.34', NULL, NULL, 692, 186, NULL, 5, NULL, 1, NULL, '2023-03-24 18:18:18', 3, NULL, NULL, 1),
(946, 'JPK.DT.M.57.A.35', NULL, NULL, 694, 186, NULL, 5, NULL, 1, NULL, '2023-03-24 18:18:18', 3, NULL, NULL, 1),
(947, 'JPK.DT.M.57.A.36', NULL, NULL, 695, 186, NULL, 5, NULL, 1, NULL, '2023-03-24 18:18:18', 3, NULL, NULL, 1),
(948, 'JPK.DT.M.57.A.37', NULL, NULL, 697, 186, NULL, 5, NULL, 1, NULL, '2023-03-24 18:18:18', 3, NULL, NULL, 1),
(949, 'JPK.DT.M.57.A.38', NULL, NULL, 698, 186, NULL, 5, NULL, 1, NULL, '2023-03-24 18:18:18', 3, NULL, NULL, 1),
(950, 'JPK.BL.M.57.A.01', NULL, NULL, 905, 186, NULL, 5, NULL, 1, NULL, '2023-03-24 18:18:18', 3, NULL, NULL, 1),
(951, 'JPK.BL.M.57.A.04', NULL, NULL, 904, 186, NULL, 5, NULL, 1, NULL, '2023-03-24 18:18:18', 3, NULL, NULL, 1),
(952, 'JPK.DT.60.A.02', NULL, NULL, 1378, 186, NULL, 5, NULL, 1, NULL, '2023-03-24 18:18:18', 3, NULL, NULL, 1),
(953, 'JPK.DT.60.A.03', NULL, NULL, 1378, 189, NULL, 5, NULL, 1, NULL, '2023-03-24 18:18:18', 3, NULL, NULL, 1),
(954, 'JPK.DT.60.A.04', NULL, NULL, 1378, 189, NULL, 5, NULL, 1, NULL, '2023-03-24 18:18:18', 3, NULL, NULL, 1),
(955, 'JPK.DT.60.A.05', NULL, NULL, 1378, 189, NULL, 5, NULL, 1, NULL, '2023-03-24 18:18:18', 3, NULL, NULL, 1),
(956, 'JPK.IT.60.A.01', NULL, NULL, 1332, 186, NULL, 5, NULL, 1, NULL, '2023-03-24 18:18:18', 3, NULL, NULL, 1),
(957, 'JPK.IT.60.A.04', NULL, NULL, 1332, 189, NULL, 5, NULL, 1, NULL, '2023-03-24 18:18:18', 3, NULL, NULL, 1),
(958, 'JPK.IT.60.A.05', NULL, NULL, 1332, 186, NULL, 5, NULL, 1, NULL, '2023-03-24 18:18:18', 3, NULL, NULL, 1),
(959, 'JPK.SW.59.A.02', NULL, NULL, 1012, 189, NULL, 5, NULL, 1, NULL, '2023-03-24 18:18:18', 3, NULL, NULL, 1),
(960, 'JPK.SW.59.A.03', NULL, NULL, 1012, 189, NULL, 5, NULL, 1, NULL, '2023-03-24 18:18:18', 3, NULL, NULL, 1),
(961, 'JPK.SW.59.A.04', NULL, NULL, 1012, 189, NULL, 5, NULL, 1, NULL, '2023-03-24 18:18:18', 3, NULL, NULL, 1),
(962, 'JPK.PG.59.A.01', NULL, NULL, 1345, 189, NULL, 5, NULL, 1, NULL, '2023-03-24 18:18:18', 3, NULL, NULL, 1),
(963, 'JPK.NH.57.A.01', NULL, NULL, 1344, 189, NULL, 5, NULL, 1, NULL, '2023-03-24 18:18:18', 3, NULL, NULL, 1),
(964, 'JPK.NH.57.A.02', NULL, NULL, 1344, 189, NULL, 5, NULL, 1, NULL, '2023-03-24 18:18:18', 3, NULL, NULL, 1),
(965, 'JPK.NH.57.A.03', NULL, NULL, 1344, 189, NULL, 5, NULL, 1, NULL, '2023-03-24 18:18:18', 3, NULL, NULL, 1),
(966, 'JPK.NH.57.A.04', NULL, NULL, 1344, 189, NULL, 5, NULL, 1, NULL, '2023-03-24 18:18:18', 3, NULL, NULL, 1),
(967, 'JPK.DT.M.60.A.BF1', NULL, NULL, 177, 186, NULL, 5, NULL, 1, NULL, '2023-03-24 18:18:18', 3, NULL, NULL, 1),
(968, 'JPK.DT.M.60.A.BF2', NULL, NULL, 179, 186, NULL, 5, NULL, 1, NULL, '2023-03-24 18:18:18', 3, NULL, NULL, 1),
(969, 'JPK.DT.M.60.A.BF3', NULL, NULL, 181, 186, NULL, 5, NULL, 1, NULL, '2023-03-24 18:18:18', 3, NULL, NULL, 1),
(970, 'JPK.M.62.A.P01', NULL, NULL, 1266, 186, NULL, 5, NULL, 1, NULL, '2023-03-24 18:18:18', 3, NULL, NULL, 1),
(971, 'JPK.BL.M.60.A.5', NULL, NULL, 906, 186, NULL, 5, NULL, 1, NULL, '2023-03-24 18:18:18', 3, NULL, NULL, 1),
(972, 'JPK.DT.62.A.06', NULL, NULL, 1379, 189, NULL, 5, NULL, 1, NULL, '2023-03-24 18:18:18', 3, NULL, NULL, 1),
(973, 'JPK.IT.62.A.06', NULL, NULL, 1332, 186, NULL, 5, NULL, 1, NULL, '2023-03-24 18:18:18', 3, NULL, NULL, 1),
(974, 'JPK.IT.62.A.07', NULL, NULL, 1332, 186, NULL, 5, NULL, 1, NULL, '2023-03-24 18:18:18', 3, NULL, NULL, 1),
(975, 'JPK.IT.62.A.08', NULL, NULL, 1332, 186, NULL, 5, NULL, 1, NULL, '2023-03-24 18:18:18', 3, NULL, NULL, 1),
(976, 'JPK.DT.M.61.B2.201.1', NULL, NULL, 783, 186, NULL, 5, NULL, 1, NULL, '2023-03-24 18:18:18', 3, NULL, NULL, 1),
(977, 'JPK.DT.M.61.B2.201.2', NULL, NULL, 784, 186, NULL, 5, NULL, 1, NULL, '2023-03-24 18:18:18', 3, NULL, NULL, 1),
(978, 'JPK.DT.M.61.B2.201.3', NULL, NULL, 785, 186, NULL, 5, NULL, 1, NULL, '2023-03-24 18:18:18', 3, NULL, NULL, 1),
(979, 'JPK.DT.M.61.B2.202.1', NULL, NULL, 786, 186, NULL, 5, NULL, 1, NULL, '2023-03-24 18:18:18', 3, NULL, NULL, 1),
(980, 'JPK.DT.M.61.B2.202.2', NULL, NULL, 787, 186, NULL, 5, NULL, 1, NULL, '2023-03-24 18:18:18', 3, NULL, NULL, 1),
(981, 'JPK.DT.M.61.B2.202.3', NULL, NULL, 788, 186, NULL, 5, NULL, 1, NULL, '2023-03-24 18:18:18', 3, NULL, NULL, 1),
(982, 'JPK.DT.M.62.B1.1', NULL, NULL, 780, 186, NULL, 5, NULL, 1, NULL, '2023-03-24 18:18:18', 3, NULL, NULL, 1),
(983, 'JPK.DT.M.62.B1.2', NULL, NULL, 781, 186, NULL, 5, NULL, 1, NULL, '2023-03-24 18:18:18', 3, NULL, NULL, 1),
(984, 'JPK.DT.M.62.B1.3', NULL, NULL, 777, 186, NULL, 5, NULL, 1, NULL, '2023-03-24 18:18:18', 3, NULL, NULL, 1),
(985, 'JPK.DT.M.62.B1.4', NULL, NULL, 778, 186, NULL, 5, NULL, 1, NULL, '2023-03-24 18:18:18', 3, NULL, NULL, 1),
(986, 'JPK.DT.M.62.B1.5', NULL, NULL, 773, 186, NULL, 5, NULL, 1, NULL, '2023-03-24 18:18:18', 3, NULL, NULL, 1),
(987, 'JPK.DT.M.62.B1.6', NULL, NULL, 774, 186, NULL, 5, NULL, 1, NULL, '2023-03-24 18:18:18', 3, NULL, NULL, 1),
(988, 'JPK.DT.M.62.B1.7', NULL, NULL, 775, 186, NULL, 5, NULL, 1, NULL, '2023-03-24 18:18:18', 3, NULL, NULL, 1),
(989, 'JPK.DT.M.62.B1.8', NULL, NULL, 812, 186, NULL, 5, NULL, 1, NULL, '2023-03-24 18:18:18', 3, NULL, NULL, 1),
(990, 'JPK.DT.M.62.B1.9', NULL, NULL, 813, 186, NULL, 5, NULL, 1, NULL, '2023-03-24 18:18:18', 3, NULL, NULL, 1),
(991, 'JPK.DT.M.62.B1.10', NULL, NULL, 100, 186, NULL, 5, NULL, 1, NULL, '2023-03-24 18:18:18', 3, NULL, NULL, 1),
(992, 'JPK.DT.M.62.B1.11', NULL, NULL, 101, 186, NULL, 5, NULL, 1, NULL, '2023-03-24 18:18:18', 3, NULL, NULL, 1),
(993, 'JPK.DT.M.62.B1.12', NULL, NULL, 102, 186, NULL, 5, NULL, 1, NULL, '2023-03-24 18:18:18', 3, NULL, NULL, 1),
(994, 'JPK.DT.62.B1.SA', NULL, NULL, 772, 186, NULL, 5, NULL, 1, NULL, '2023-03-24 18:18:18', 3, NULL, NULL, 1),
(995, 'JPK.DT.62.B1.SB', NULL, NULL, 776, 186, NULL, 5, NULL, 1, NULL, '2023-03-24 18:18:18', 3, NULL, NULL, 1),
(996, 'JPK.DT.62.B1.SC', NULL, NULL, 779, 186, NULL, 5, NULL, 1, NULL, '2023-03-24 18:18:18', 3, NULL, NULL, 1),
(997, 'JPK.DT.62.B1.SE', NULL, NULL, 782, 186, NULL, 5, NULL, 1, NULL, '2023-03-24 18:18:18', 3, NULL, NULL, 1),
(998, 'JPK.DT.62.B1.AT1', NULL, NULL, 99, 186, NULL, 5, NULL, 1, NULL, '2023-03-24 18:18:18', 3, NULL, NULL, 1),
(999, 'JPK.DT.62.B1.AT2', NULL, NULL, 103, 186, NULL, 5, NULL, 1, NULL, '2023-03-24 18:18:18', 3, NULL, NULL, 1),
(1000, 'JPK.DT.62.B2.AT3', NULL, NULL, 104, 186, NULL, 5, NULL, 1, NULL, '2023-03-24 18:18:18', 3, NULL, NULL, 1),
(1001, 'JPK.DT.M.61.B.203.1', NULL, NULL, 1038, 186, NULL, 5, NULL, 1, NULL, '2023-03-24 18:18:18', 3, NULL, NULL, 1),
(1002, 'JPK.DT.M.61.B.203.2', NULL, NULL, 1039, 186, NULL, 5, NULL, 1, NULL, '2023-03-24 18:18:18', 3, NULL, NULL, 1),
(1003, 'JPK.DT.M.61.B.204.1', NULL, NULL, 1041, 186, NULL, 5, NULL, 1, NULL, '2023-03-24 18:18:18', 3, NULL, NULL, 1),
(1004, 'JPK.DT.M.61.B.204.2', NULL, NULL, 1042, 186, NULL, 5, NULL, 1, NULL, '2023-03-24 18:18:18', 3, NULL, NULL, 1),
(1005, 'JPK.DT.M.61.B.205.1', NULL, NULL, 1044, 186, NULL, 5, NULL, 1, NULL, '2023-03-24 18:18:18', 3, NULL, NULL, 1),
(1006, 'JPK.DT.M.61.B.205.2', NULL, NULL, 1045, 186, NULL, 5, NULL, 1, NULL, '2023-03-24 18:18:18', 3, NULL, NULL, 1),
(1007, 'JPK.DT.M.61.B.206.1', NULL, NULL, 1047, 186, NULL, 5, NULL, 1, NULL, '2023-03-24 18:18:18', 3, NULL, NULL, 1),
(1008, 'JPK.DT.M.61.B.206.2', NULL, NULL, 1048, 186, NULL, 5, NULL, 1, NULL, '2023-03-24 18:18:18', 3, NULL, NULL, 1),
(1009, 'JPK.DT.M.61.B.207.1', NULL, NULL, 1050, 186, NULL, 5, NULL, 1, NULL, '2023-03-24 18:18:18', 3, NULL, NULL, 1),
(1010, 'JPK.DT.M.61.B.207.2', NULL, NULL, 1051, 186, NULL, 5, NULL, 1, NULL, '2023-03-24 18:18:18', 3, NULL, NULL, 1),
(1011, 'JPK.DT.M.61.B.L01', NULL, NULL, 641, 186, NULL, 5, NULL, 1, NULL, '2023-03-24 18:18:18', 3, NULL, NULL, 1),
(1012, 'JPK.DT.M.61.B.L02.1', NULL, NULL, 643, 186, NULL, 5, NULL, 1, NULL, '2023-03-24 18:18:18', 3, NULL, NULL, 1),
(1013, 'JPK.DT.M.61.B.L02.2', NULL, NULL, 644, 186, NULL, 5, NULL, 1, NULL, '2023-03-24 18:18:18', 3, NULL, NULL, 1),
(1014, 'JPK.DT.M.61.B.L03', NULL, NULL, 648, 186, NULL, 5, NULL, 1, NULL, '2023-03-24 18:18:18', 3, NULL, NULL, 1),
(1015, 'JPK.DT.61.B2.203', NULL, NULL, 1037, 186, NULL, 5, NULL, 1, NULL, '2023-03-24 18:18:18', 3, NULL, NULL, 1),
(1016, 'JPK.DT.61.B2.204', NULL, NULL, 1040, 186, NULL, 5, NULL, 1, NULL, '2023-03-24 18:18:18', 3, NULL, NULL, 1),
(1017, 'JPK.DT.61.B2.205', NULL, NULL, 1043, 186, NULL, 5, NULL, 1, NULL, '2023-03-24 18:18:18', 3, NULL, NULL, 1),
(1018, 'JPK.DT.61.B2.206', NULL, NULL, 1046, 186, NULL, 5, NULL, 1, NULL, '2023-03-24 18:18:18', 3, NULL, NULL, 1),
(1019, 'JPK.DT.61.B2.207', NULL, NULL, 1049, 186, NULL, 5, NULL, 1, NULL, '2023-03-24 18:18:18', 3, NULL, NULL, 1),
(1020, 'JPK.DT.61.B2.L02', NULL, NULL, 646, 186, NULL, 5, NULL, 1, NULL, '2023-03-24 18:18:18', 3, NULL, NULL, 1),
(1021, 'JPK.DT.61.B2.L03', NULL, NULL, 648, 186, NULL, 5, NULL, 1, NULL, '2023-03-24 18:18:18', 3, NULL, NULL, 1),
(1022, 'BL.M.60.07.59', NULL, NULL, 166, 39, NULL, 1, NULL, 1, NULL, '2023-03-24 18:18:18', 3, NULL, NULL, 1),
(1023, 'BL.M.60.07.63', NULL, NULL, 166, 39, NULL, 1, NULL, 1, NULL, '2023-03-24 18:18:18', 3, NULL, NULL, 1),
(1024, 'DT.44.01.01', NULL, NULL, 240, 138, NULL, 1, NULL, 1, NULL, '2023-03-24 18:18:18', 3, NULL, NULL, 1),
(1025, 'DT.44.01.02', NULL, NULL, 240, 138, NULL, 1, NULL, 1, NULL, '2023-03-24 18:18:18', 3, NULL, NULL, 1),
(1026, 'DT.44.06.03', NULL, NULL, 240, 138, NULL, 1, NULL, 1, NULL, '2023-03-24 18:18:18', 3, NULL, NULL, 1),
(1027, 'DT.58.04.04', NULL, NULL, 240, 149, NULL, 1, NULL, 1, NULL, '2023-03-24 18:18:18', 3, NULL, NULL, 1),
(1028, 'DT.59.01.05', NULL, NULL, 240, 149, NULL, 1, NULL, 1, NULL, '2023-03-24 18:18:18', 3, NULL, NULL, 1),
(1029, 'DT.52.01.06', NULL, NULL, 240, 149, NULL, 1, NULL, 1, NULL, '2023-03-24 18:18:18', 3, NULL, NULL, 1),
(1030, 'DT.52.01.07', NULL, NULL, 240, 138, NULL, 1, NULL, 1, NULL, '2023-03-24 18:18:18', 3, NULL, NULL, 1),
(1031, 'DT.58.04.08', NULL, NULL, 240, 149, NULL, 1, NULL, 1, NULL, '2023-03-24 18:18:18', 3, NULL, NULL, 1),
(1032, 'DT.62.08.09', NULL, NULL, 240, 149, NULL, 1, NULL, 1, NULL, '2023-03-24 18:18:18', 3, NULL, NULL, 1),
(1033, 'DT.63.02.10', NULL, NULL, 240, 149, NULL, 1, NULL, 1, NULL, '2023-03-24 18:18:18', 3, NULL, NULL, 1),
(1034, 'DT.60.01.11', NULL, NULL, 240, 149, NULL, 1, NULL, 1, NULL, '2023-03-24 18:18:18', 3, NULL, NULL, 1),
(1035, 'DT.62.01.12', NULL, NULL, 240, 138, NULL, 1, NULL, 1, NULL, '2023-03-24 18:18:18', 3, NULL, NULL, 1),
(1036, 'DT.57.03.14', NULL, NULL, 240, 149, NULL, 1, NULL, 1, NULL, '2023-03-24 18:18:18', 3, NULL, NULL, 1),
(1037, 'DT.59.07.15', NULL, NULL, 240, 149, NULL, 1, NULL, 1, NULL, '2023-03-24 18:18:18', 3, NULL, NULL, 1),
(1038, 'DT.56.06.17', NULL, NULL, 240, 149, NULL, 1, NULL, 1, NULL, '2023-03-24 18:18:18', 3, NULL, NULL, 1),
(1039, 'DT.62.00.18', NULL, NULL, 240, 138, NULL, 1, NULL, 1, NULL, '2023-03-24 18:18:18', 3, NULL, NULL, 1),
(1040, 'DT.63.07.19', NULL, NULL, 240, 149, NULL, 1, NULL, 1, NULL, '2023-03-24 18:18:18', 3, NULL, NULL, 1),
(1041, 'DT.63.06.20', NULL, NULL, 240, 149, NULL, 1, NULL, 1, NULL, '2023-03-24 18:18:18', 3, NULL, NULL, 1),
(1042, 'DT.63.01.22', NULL, NULL, 240, 149, NULL, 1, NULL, 1, NULL, '2023-03-24 18:18:18', 3, NULL, NULL, 1),
(1043, 'DT.63.01.24', NULL, NULL, 240, 149, NULL, 1, NULL, 1, NULL, '2023-03-24 18:18:18', 3, NULL, NULL, 1),
(1044, 'DT.63.01.25', NULL, NULL, 240, 149, NULL, 1, NULL, 1, NULL, '2023-03-24 18:18:18', 3, NULL, NULL, 1),
(1045, 'DT.63.01.26', NULL, NULL, 240, 149, NULL, 1, NULL, 1, NULL, '2023-03-24 18:18:18', 3, NULL, NULL, 1),
(1046, 'DT.63.04.27', NULL, NULL, 240, 149, NULL, 1, NULL, 1, NULL, '2023-03-24 18:18:18', 3, NULL, NULL, 1),
(1047, 'DT.63.02.28', NULL, NULL, 240, 149, NULL, 1, NULL, 1, NULL, '2023-03-24 18:18:18', 3, NULL, NULL, 1),
(1048, 'DT.63.03.29', NULL, NULL, 240, 149, NULL, 1, NULL, 1, NULL, '2023-03-24 18:18:18', 3, NULL, NULL, 1),
(1049, 'DT.63.04.30', NULL, NULL, 240, 149, NULL, 1, NULL, 1, NULL, '2023-03-24 18:18:18', 3, NULL, NULL, 1),
(1050, 'DT.63.06.31', NULL, NULL, 240, 149, NULL, 1, NULL, 1, NULL, '2023-03-24 18:18:18', 3, NULL, NULL, 1),
(1051, 'DT.60.01.32', NULL, NULL, 240, 149, NULL, 1, NULL, 1, NULL, '2023-03-24 18:18:18', 3, NULL, NULL, 1),
(1052, 'DT.63.06.33', NULL, NULL, 240, 149, NULL, 1, NULL, 1, NULL, '2023-03-24 18:18:18', 3, NULL, NULL, 1),
(1053, 'DT.63.06.34', NULL, NULL, 240, 149, NULL, 1, NULL, 1, NULL, '2023-03-24 18:18:18', 3, NULL, NULL, 1),
(1054, 'DT.60.06.35', NULL, NULL, 240, 149, NULL, 1, NULL, 1, NULL, '2023-03-24 18:18:18', 3, NULL, NULL, 1),
(1055, 'DT.63.06.37', NULL, NULL, 240, 138, NULL, 1, NULL, 1, NULL, '2023-03-24 18:18:18', 3, NULL, NULL, 1),
(1056, 'DT.63.06.38', NULL, NULL, 240, 149, NULL, 1, NULL, 1, NULL, '2023-03-24 18:18:18', 3, NULL, NULL, 1),
(1057, 'DT.63.07.39', NULL, NULL, 240, 149, NULL, 1, NULL, 1, NULL, '2023-03-24 18:18:18', 3, NULL, NULL, 1),
(1058, 'DT.63.08.40', NULL, NULL, 240, 149, NULL, 1, NULL, 1, NULL, '2023-03-24 18:18:18', 3, NULL, NULL, 1),
(1059, 'DT.63.08.41', NULL, NULL, 240, 149, NULL, 1, NULL, 1, NULL, '2023-03-24 18:18:18', 3, NULL, NULL, 1),
(1060, 'DT.63.08.42', NULL, NULL, 240, 149, NULL, 1, NULL, 1, NULL, '2023-03-24 18:18:18', 3, NULL, NULL, 1),
(1061, 'DT.63.08.43', NULL, NULL, 240, 149, NULL, 1, NULL, 1, NULL, '2023-03-24 18:18:18', 3, NULL, NULL, 1),
(1062, 'DT.63.08.44', NULL, NULL, 240, 149, NULL, 1, NULL, 1, NULL, '2023-03-24 18:18:18', 3, NULL, NULL, 1),
(1063, 'DT.63.08.45', NULL, NULL, 240, 149, NULL, 1, NULL, 1, NULL, '2023-03-24 18:18:18', 3, NULL, NULL, 1),
(1064, 'DT.M.39.01.01', NULL, NULL, 1217, 171, NULL, 1, NULL, 1, NULL, '2023-03-24 18:18:18', 3, NULL, NULL, 1),
(1065, 'DT.M.39.01.02', NULL, NULL, 1218, 171, NULL, 1, NULL, 1, NULL, '2023-03-24 18:18:18', 3, NULL, NULL, 1),
(1066, 'DT.M.39.01.03', NULL, NULL, 1219, 171, NULL, 1, NULL, 1, NULL, '2023-03-24 18:18:18', 3, NULL, NULL, 1),
(1067, 'DT.M.39.01.04', NULL, NULL, 1220, 171, NULL, 1, NULL, 1, NULL, '2023-03-24 18:18:18', 3, NULL, NULL, 1),
(1068, 'DT.M.61.01.154', NULL, NULL, 1221, 171, NULL, 1, NULL, 1, NULL, '2023-03-24 18:18:18', 3, NULL, NULL, 1),
(1069, 'DT.M.61.01.155', NULL, NULL, 1222, 171, NULL, 1, NULL, 1, NULL, '2023-03-24 18:18:18', 3, NULL, NULL, 1),
(1070, 'DT.M.39.01.05', NULL, NULL, 1056, 171, NULL, 1, NULL, 1, NULL, '2023-03-24 18:18:18', 3, NULL, NULL, 1),
(1071, 'DT.M.39.01.06', NULL, NULL, 548, 171, NULL, 1, NULL, 1, NULL, '2023-03-24 18:18:18', 3, NULL, NULL, 1),
(1072, 'DT.M.39.01.07', NULL, NULL, 549, 171, NULL, 1, NULL, 1, NULL, '2023-03-24 18:18:18', 3, NULL, NULL, 1),
(1073, 'DT.M.39.01.08', NULL, NULL, 550, 171, NULL, 1, NULL, 1, NULL, '2023-03-24 18:18:18', 3, NULL, NULL, 1),
(1074, 'DT.M.52.01.61', NULL, NULL, 551, 171, NULL, 1, NULL, 1, NULL, '2023-03-24 18:18:18', 3, NULL, NULL, 1),
(1075, 'DT.M.52.01.62', NULL, NULL, 552, 171, NULL, 1, NULL, 1, NULL, '2023-03-24 18:18:18', 3, NULL, NULL, 1),
(1076, 'DT.M.57.01.117', NULL, NULL, 553, 171, NULL, 1, NULL, 1, NULL, '2023-03-24 18:18:18', 3, NULL, NULL, 1),
(1077, 'DT.M.57.04.115', NULL, NULL, 554, 168, NULL, 1, NULL, 1, NULL, '2023-03-24 18:18:18', 3, NULL, NULL, 1),
(1078, 'DT.M.57.04.116', NULL, NULL, 555, 167, NULL, 1, NULL, 1, NULL, '2023-03-24 18:18:18', 3, NULL, NULL, 1),
(1079, 'DT.M.59.01.142', NULL, NULL, 230, 171, NULL, 1, NULL, 1, NULL, '2023-03-24 18:18:18', 3, NULL, NULL, 1),
(1080, 'DT.M.59.01.143', NULL, NULL, 231, 171, NULL, 1, NULL, 1, NULL, '2023-03-24 18:18:18', 3, NULL, NULL, 1),
(1081, 'DT.M.59.01.144', NULL, NULL, 232, 171, NULL, 1, NULL, 1, NULL, '2023-03-24 18:18:18', 3, NULL, NULL, 1),
(1082, 'DT.M.59.01.145', NULL, NULL, 233, 171, NULL, 1, NULL, 1, NULL, '2023-03-24 18:18:18', 3, NULL, NULL, 1),
(1083, 'DT.M.59.01.146', NULL, NULL, 234, 171, NULL, 1, NULL, 1, NULL, '2023-03-24 18:18:18', 3, NULL, NULL, 1),
(1084, 'DT.M.59.01.147', NULL, NULL, 235, 171, NULL, 1, NULL, 1, NULL, '2023-03-24 18:18:18', 3, NULL, NULL, 1),
(1085, 'DT.M.59.04.148', NULL, NULL, 236, 168, NULL, 1, NULL, 1, NULL, '2023-03-24 18:18:18', 3, NULL, NULL, 1),
(1086, 'DT.M.59.04.149', NULL, NULL, 237, 168, NULL, 1, NULL, 1, NULL, '2023-03-24 18:18:18', 3, NULL, NULL, 1),
(1087, 'DT.M.39.01.09', NULL, NULL, 115, 171, NULL, 1, NULL, 1, NULL, '2023-03-24 18:18:18', 3, NULL, NULL, 1),
(1088, 'DT.M.62.01.158', NULL, NULL, 770, 171, NULL, 1, NULL, 1, NULL, '2023-03-24 18:18:18', 3, NULL, NULL, 1),
(1089, 'DT.M.43.02.10', NULL, NULL, 1180, 170, NULL, 1, NULL, 1, NULL, '2023-03-24 18:18:18', 3, NULL, NULL, 1),
(1090, 'DT.M.43.02.11', NULL, NULL, 1181, 170, NULL, 1, NULL, 1, NULL, '2023-03-24 18:18:18', 3, NULL, NULL, 1),
(1091, 'DT.M.43.02.12', NULL, NULL, 1184, 170, NULL, 1, NULL, 1, NULL, '2023-03-24 18:18:18', 3, NULL, NULL, 1),
(1092, 'DT.M.43.02.13', NULL, NULL, 1185, 170, NULL, 1, NULL, 1, NULL, '2023-03-24 18:18:18', 3, NULL, NULL, 1),
(1093, 'DT.M.43.02.14', NULL, NULL, 1186, 170, NULL, 1, NULL, 1, NULL, '2023-03-24 18:18:18', 3, NULL, NULL, 1),
(1094, 'DT.M.43.02.15', NULL, NULL, 1188, 170, NULL, 1, NULL, 1, NULL, '2023-03-24 18:18:18', 3, NULL, NULL, 1),
(1095, 'DT.M.43.02.16', NULL, NULL, 1189, 170, NULL, 1, NULL, 1, NULL, '2023-03-24 18:18:18', 3, NULL, NULL, 1),
(1096, 'DT.M.43.02.17', NULL, NULL, 1190, 170, NULL, 1, NULL, 1, NULL, '2023-03-24 18:18:18', 3, NULL, NULL, 1),
(1097, 'DT.M.60.02.150', NULL, NULL, 1191, 170, NULL, 1, NULL, 1, NULL, '2023-03-24 18:18:18', 3, NULL, NULL, 1),
(1098, 'DT.M.43.02.18', NULL, NULL, 1192, 170, NULL, 1, NULL, 1, NULL, '2023-03-24 18:18:18', 3, NULL, NULL, 1),
(1099, 'DT.M.43.02.19', NULL, NULL, 1193, 170, NULL, 1, NULL, 1, NULL, '2023-03-24 18:18:18', 3, NULL, NULL, 1),
(1100, 'DT.M.43.02.20', NULL, NULL, 1194, 170, NULL, 1, NULL, 1, NULL, '2023-03-24 18:18:18', 3, NULL, NULL, 1),
(1101, 'DT.M.60.02.151', NULL, NULL, 1195, 170, NULL, 1, NULL, 1, NULL, '2023-03-24 18:18:18', 3, NULL, NULL, 1),
(1102, 'DT.M.43.02.21', NULL, NULL, 624, 170, NULL, 1, NULL, 1, NULL, '2023-03-24 18:18:18', 3, NULL, NULL, 1),
(1103, 'DT.M.43.02.22', NULL, NULL, 116, 170, NULL, 1, NULL, 1, NULL, '2023-03-24 18:18:18', 3, NULL, NULL, 1),
(1104, 'DT.M.43.02.23', NULL, NULL, 121, 170, NULL, 1, NULL, 1, NULL, '2023-03-24 18:18:18', 3, NULL, NULL, 1),
(1105, 'DT.M.43.02.24', NULL, NULL, 85, 170, NULL, 1, NULL, 1, NULL, '2023-03-24 18:18:18', 3, NULL, NULL, 1),
(1106, 'DT.M.44.03.25', NULL, NULL, 1125, 169, NULL, 1, NULL, 1, NULL, '2023-03-24 18:18:18', 3, NULL, NULL, 1),
(1107, 'DT.M.44.03.26', NULL, NULL, 1126, 169, NULL, 1, NULL, 1, NULL, '2023-03-24 18:18:18', 3, NULL, NULL, 1),
(1108, 'DT.M.44.03.27', NULL, NULL, 1127, 169, NULL, 1, NULL, 1, NULL, '2023-03-24 18:18:18', 3, NULL, NULL, 1),
(1109, 'DT.M.44.03.28', NULL, NULL, 1128, 169, NULL, 1, NULL, 1, NULL, '2023-03-24 18:18:18', 3, NULL, NULL, 1),
(1110, 'DT.M.44.03.29', NULL, NULL, 1129, 169, NULL, 1, NULL, 1, NULL, '2023-03-24 18:18:18', 3, NULL, NULL, 1),
(1111, 'DT.M.44.03.30', NULL, NULL, 1136, 169, NULL, 1, NULL, 1, NULL, '2023-03-24 18:18:18', 3, NULL, NULL, 1),
(1112, 'DT.M.44.03.31', NULL, NULL, 1137, 169, NULL, 1, NULL, 1, NULL, '2023-03-24 18:18:18', 3, NULL, NULL, 1),
(1113, 'DT.M.44.03.32', NULL, NULL, 1138, 169, NULL, 1, NULL, 1, NULL, '2023-03-24 18:18:18', 3, NULL, NULL, 1),
(1114, 'DT.M.44.03.33', NULL, NULL, 1139, 169, NULL, 1, NULL, 1, NULL, '2023-03-24 18:18:18', 3, NULL, NULL, 1),
(1115, 'DT.M.44.03.34', NULL, NULL, 117, 169, NULL, 1, NULL, 1, NULL, '2023-03-24 18:18:18', 3, NULL, NULL, 1),
(1116, 'DT.M.44.03.35', NULL, NULL, 122, 169, NULL, 1, NULL, 1, NULL, '2023-03-24 18:18:18', 3, NULL, NULL, 1),
(1117, 'DT.M.44.03.36', NULL, NULL, 125, 169, NULL, 1, NULL, 1, NULL, '2023-03-24 18:18:18', 3, NULL, NULL, 1),
(1118, 'DT.M.53.03.70', NULL, NULL, 626, 169, NULL, 1, NULL, 1, NULL, '2023-03-24 18:18:18', 3, NULL, NULL, 1),
(1119, 'DT.M.47.04.37', NULL, NULL, 1140, 168, NULL, 1, NULL, 1, NULL, '2023-03-24 18:18:18', 3, NULL, NULL, 1),
(1120, 'DT.M.47.04.38', NULL, NULL, 1141, 168, NULL, 1, NULL, 1, NULL, '2023-03-24 18:18:18', 3, NULL, NULL, 1),
(1121, 'DT.M.47.04.39', NULL, NULL, 1142, 168, NULL, 1, NULL, 1, NULL, '2023-03-24 18:18:18', 3, NULL, NULL, 1),
(1122, 'DT.M.47.04.40', NULL, NULL, 1143, 168, NULL, 1, NULL, 1, NULL, '2023-03-24 18:18:18', 3, NULL, NULL, 1),
(1123, 'DT.M.47.04.41', NULL, NULL, 1144, 168, NULL, 1, NULL, 1, NULL, '2023-03-24 18:18:18', 3, NULL, NULL, 1),
(1124, 'DT.M.47.04.42', NULL, NULL, 1145, 168, NULL, 1, NULL, 1, NULL, '2023-03-24 18:18:18', 3, NULL, NULL, 1),
(1125, 'DT.M.47.04.43', NULL, NULL, 1146, 168, NULL, 1, NULL, 1, NULL, '2023-03-24 18:18:18', 3, NULL, NULL, 1),
(1126, 'DT.M.47.04.44', NULL, NULL, 1147, 168, NULL, 1, NULL, 1, NULL, '2023-03-24 18:18:18', 3, NULL, NULL, 1),
(1127, 'DT.M.47.04.45', NULL, NULL, 1148, 168, NULL, 1, NULL, 1, NULL, '2023-03-24 18:18:18', 3, NULL, NULL, 1),
(1128, 'DT.M.47.04.46', NULL, NULL, 1149, 168, NULL, 1, NULL, 1, NULL, '2023-03-24 18:18:18', 3, NULL, NULL, 1),
(1129, 'DT.M.47.04.47', NULL, NULL, 1150, 168, NULL, 1, NULL, 1, NULL, '2023-03-24 18:18:18', 3, NULL, NULL, 1),
(1130, 'DT.M.47.04.48', NULL, NULL, 1151, 168, NULL, 1, NULL, 1, NULL, '2023-03-24 18:18:18', 3, NULL, NULL, 1),
(1131, 'DT.M.47.04.49', NULL, NULL, 1152, 168, NULL, 1, NULL, 1, NULL, '2023-03-24 18:18:18', 3, NULL, NULL, 1),
(1132, 'DT.M.47.04.50', NULL, NULL, 1156, 168, NULL, 1, NULL, 1, NULL, '2023-03-24 18:18:18', 3, NULL, NULL, 1),
(1133, 'DT.M.47.04.51', NULL, NULL, 1157, 168, NULL, 1, NULL, 1, NULL, '2023-03-24 18:18:18', 3, NULL, NULL, 1),
(1134, 'DT.M.47.04.52', NULL, NULL, 1158, 168, NULL, 1, NULL, 1, NULL, '2023-03-24 18:18:18', 3, NULL, NULL, 1),
(1135, 'DT.M.47.04.53', NULL, NULL, 1159, 168, NULL, 1, NULL, 1, NULL, '2023-03-24 18:18:18', 3, NULL, NULL, 1),
(1136, 'DT.M.47.04.54', NULL, NULL, 1160, 168, NULL, 1, NULL, 1, NULL, '2023-03-24 18:18:18', 3, NULL, NULL, 1),
(1137, 'DT.M.47.04.55', NULL, NULL, 1161, 168, NULL, 1, NULL, 1, NULL, '2023-03-24 18:18:18', 3, NULL, NULL, 1),
(1138, 'DT.M.47.04.56', NULL, NULL, 1060, 168, NULL, 1, NULL, 1, NULL, '2023-03-24 18:18:18', 3, NULL, NULL, 1),
(1139, 'DT.M.47.04.57', NULL, NULL, 118, 168, NULL, 1, NULL, 1, NULL, '2023-03-24 18:18:18', 3, NULL, NULL, 1),
(1140, 'DT.M.47.04.58', NULL, NULL, 123, 168, NULL, 1, NULL, 1, NULL, '2023-03-24 18:18:18', 3, NULL, NULL, 1),
(1141, 'DT.M.53.04.71', NULL, NULL, 87, 168, NULL, 1, NULL, 1, NULL, '2023-03-24 18:18:18', 3, NULL, NULL, 1),
(1142, 'DT.M.47.04.59', NULL, NULL, 627, 168, NULL, 1, NULL, 1, NULL, '2023-03-24 18:18:18', 3, NULL, NULL, 1),
(1143, 'DT.M.47.04.60', NULL, NULL, 628, 168, NULL, 1, NULL, 1, NULL, '2023-03-24 18:18:18', 3, NULL, NULL, 1),
(1144, 'DT.M.47.04.114', NULL, NULL, 633, 168, NULL, 1, NULL, 1, NULL, '2023-03-24 18:18:18', 3, NULL, NULL, 1),
(1145, 'DT.M.52.05.63', NULL, NULL, 1162, 167, NULL, 1, NULL, 1, NULL, '2023-03-24 18:18:18', 3, NULL, NULL, 1),
(1146, 'DT.M.52.05.64', NULL, NULL, 1163, 167, NULL, 1, NULL, 1, NULL, '2023-03-24 18:18:18', 3, NULL, NULL, 1),
(1147, 'DT.M.52.05.65', NULL, NULL, 1164, 167, NULL, 1, NULL, 1, NULL, '2023-03-24 18:18:18', 3, NULL, NULL, 1),
(1148, 'DT.M.52.05.66', NULL, NULL, 1165, 167, NULL, 1, NULL, 1, NULL, '2023-03-24 18:18:18', 3, NULL, NULL, 1),
(1149, 'DT.M.52.05.67', NULL, NULL, 1166, 167, NULL, 1, NULL, 1, NULL, '2023-03-24 18:18:18', 3, NULL, NULL, 1),
(1150, 'DT.M.52.05.68', NULL, NULL, 1167, 167, NULL, 1, NULL, 1, NULL, '2023-03-24 18:18:18', 3, NULL, NULL, 1),
(1151, 'DT.M.52.05.69', NULL, NULL, 629, 167, NULL, 1, NULL, 1, NULL, '2023-03-24 18:18:18', 3, NULL, NULL, 1),
(1152, 'DT.M.56.06.72', NULL, NULL, 88, 166, NULL, 1, NULL, 1, NULL, '2023-03-24 18:18:18', 3, NULL, NULL, 1),
(1153, 'DT.M.56.06.73', NULL, NULL, 119, 166, NULL, 1, NULL, 1, NULL, '2023-03-24 18:18:18', 3, NULL, NULL, 1),
(1154, 'DT.M.56.06.74', NULL, NULL, 124, 166, NULL, 1, NULL, 1, NULL, '2023-03-24 18:18:18', 3, NULL, NULL, 1),
(1155, 'DT.M.56.06.75', NULL, NULL, 126, 166, NULL, 1, NULL, 1, NULL, '2023-03-24 18:18:18', 3, NULL, NULL, 1),
(1156, 'DT.M.56.06.76', NULL, NULL, 635, 166, NULL, 1, NULL, 1, NULL, '2023-03-24 18:18:18', 3, NULL, NULL, 1),
(1157, 'DT.M.56.06.77', NULL, NULL, 630, 166, NULL, 1, NULL, 1, NULL, '2023-03-24 18:18:18', 3, NULL, NULL, 1),
(1158, 'DT.M.56.06.78', NULL, NULL, 634, 166, NULL, 1, NULL, 1, NULL, '2023-03-24 18:18:18', 3, NULL, NULL, 1),
(1159, 'DT.M.56.06.79', NULL, NULL, 637, 166, NULL, 1, NULL, 1, NULL, '2023-03-24 18:18:18', 3, NULL, NULL, 1),
(1160, 'DT.M.56.06.80', NULL, NULL, 638, 166, NULL, 1, NULL, 1, NULL, '2023-03-24 18:18:18', 3, NULL, NULL, 1),
(1161, 'DT.M.56.06.81', NULL, NULL, 701, 166, NULL, 1, NULL, 1, NULL, '2023-03-24 18:18:18', 3, NULL, NULL, 1),
(1162, 'DT.M.56.06.82', NULL, NULL, 1269, 166, NULL, 1, NULL, 1, NULL, '2023-03-24 18:18:18', 3, NULL, NULL, 1),
(1163, 'DT.M.56.06.83', NULL, NULL, 1270, 166, NULL, 1, NULL, 1, NULL, '2023-03-24 18:18:18', 3, NULL, NULL, 1),
(1164, 'DT.M.56.06.84', NULL, NULL, 1271, 166, NULL, 1, NULL, 1, NULL, '2023-03-24 18:18:18', 3, NULL, NULL, 1),
(1165, 'DT.M.56.06.85', NULL, NULL, 1272, 166, NULL, 1, NULL, 1, NULL, '2023-03-24 18:18:18', 3, NULL, NULL, 1),
(1166, 'DT.M.56.06.86', NULL, NULL, 1273, 166, NULL, 1, NULL, 1, NULL, '2023-03-24 18:18:18', 3, NULL, NULL, 1),
(1167, 'DT.M.56.06.87', NULL, NULL, 1274, 166, NULL, 1, NULL, 1, NULL, '2023-03-24 18:18:18', 3, NULL, NULL, 1),
(1168, 'DT.M.56.06.88', NULL, NULL, 1275, 166, NULL, 1, NULL, 1, NULL, '2023-03-24 18:18:18', 3, NULL, NULL, 1),
(1169, 'DT.M.56.06.89', NULL, NULL, 1277, 166, NULL, 1, NULL, 1, NULL, '2023-03-24 18:18:18', 3, NULL, NULL, 1),
(1170, 'DT.M.56.06.90', NULL, NULL, 1278, 166, NULL, 1, NULL, 1, NULL, '2023-03-24 18:18:18', 3, NULL, NULL, 1),
(1171, 'DT.M.56.06.91', NULL, NULL, 1279, 166, NULL, 1, NULL, 1, NULL, '2023-03-24 18:18:18', 3, NULL, NULL, 1),
(1172, 'DT.M.56.06.92', NULL, NULL, 1280, 166, NULL, 1, NULL, 1, NULL, '2023-03-24 18:18:18', 3, NULL, NULL, 1),
(1173, 'DT.M.56.06.93', NULL, NULL, 1281, 166, NULL, 1, NULL, 1, NULL, '2023-03-24 18:18:18', 3, NULL, NULL, 1),
(1174, 'DT.M.56.06.94', NULL, NULL, 1282, 166, NULL, 1, NULL, 1, NULL, '2023-03-24 18:18:18', 3, NULL, NULL, 1),
(1175, 'DT.M.56.06.95', NULL, NULL, 1283, 166, NULL, 1, NULL, 1, NULL, '2023-03-24 18:18:18', 3, NULL, NULL, 1),
(1176, 'DT.M.56.06.96', NULL, NULL, 1284, 166, NULL, 1, NULL, 1, NULL, '2023-03-24 18:18:18', 3, NULL, NULL, 1),
(1177, 'DT.M.56.06.97', NULL, NULL, 1276, 166, NULL, 1, NULL, 1, NULL, '2023-03-24 18:18:18', 3, NULL, NULL, 1),
(1178, 'DT.M.56.06.98', NULL, NULL, 1295, 166, NULL, 1, NULL, 1, NULL, '2023-03-24 18:18:18', 3, NULL, NULL, 1),
(1179, 'DT.M.56.06.99', NULL, NULL, 1296, 166, NULL, 1, NULL, 1, NULL, '2023-03-24 18:18:18', 3, NULL, NULL, 1),
(1180, 'DT.M.56.06.100', NULL, NULL, 1297, 166, NULL, 1, NULL, 1, NULL, '2023-03-24 18:18:18', 3, NULL, NULL, 1),
(1181, 'DT.M.56.06.101', NULL, NULL, 1298, 166, NULL, 1, NULL, 1, NULL, '2023-03-24 18:18:18', 3, NULL, NULL, 1),
(1182, 'DT.M.56.06.102', NULL, NULL, 1299, 166, NULL, 1, NULL, 1, NULL, '2023-03-24 18:18:18', 3, NULL, NULL, 1),
(1183, 'DT.M.56.06.103', NULL, NULL, 1300, 166, NULL, 1, NULL, 1, NULL, '2023-03-24 18:18:18', 3, NULL, NULL, 1),
(1184, 'DT.M.56.06.104', NULL, NULL, 1168, 166, NULL, 1, NULL, 1, NULL, '2023-03-24 18:18:18', 3, NULL, NULL, 1),
(1185, 'DT.M.56.06.105', NULL, NULL, 1169, 166, NULL, 1, NULL, 1, NULL, '2023-03-24 18:18:18', 3, NULL, NULL, 1),
(1186, 'DT.M.56.06.106', NULL, NULL, 1170, 166, NULL, 1, NULL, 1, NULL, '2023-03-24 18:18:18', 3, NULL, NULL, 1),
(1187, 'DT.M.56.06.107', NULL, NULL, 1171, 166, NULL, 1, NULL, 1, NULL, '2023-03-24 18:18:18', 3, NULL, NULL, 1),
(1188, 'DT.M.56.06.108', NULL, NULL, 1172, 166, NULL, 1, NULL, 1, NULL, '2023-03-24 18:18:18', 3, NULL, NULL, 1),
(1189, 'DT.M.56.06.109', NULL, NULL, 1173, 166, NULL, 1, NULL, 1, NULL, '2023-03-24 18:18:18', 3, NULL, NULL, 1),
(1190, 'DT.M.61.06.152', NULL, NULL, 1054, 166, NULL, 1, NULL, 1, NULL, '2023-03-24 18:18:18', 3, NULL, NULL, 1),
(1191, 'DT.M.61.06.153', NULL, NULL, 1055, 166, NULL, 1, NULL, 1, NULL, '2023-03-24 18:18:18', 3, NULL, NULL, 1),
(1192, 'DT.M.56.06.110', NULL, NULL, 1285, 166, NULL, 1, NULL, 1, NULL, '2023-03-24 18:18:18', 3, NULL, NULL, 1),
(1193, 'DT.M.56.06.111', NULL, NULL, 1286, 166, NULL, 1, NULL, 1, NULL, '2023-03-24 18:18:18', 3, NULL, NULL, 1),
(1194, 'DT.M.56.06.112', NULL, NULL, 1287, 166, NULL, 1, NULL, 1, NULL, '2023-03-24 18:18:18', 3, NULL, NULL, 1),
(1195, 'DT.M.56.06.113', NULL, NULL, 1288, 166, NULL, 1, NULL, 1, NULL, '2023-03-24 18:18:18', 3, NULL, NULL, 1),
(1196, 'DT.M.57.06.118', NULL, NULL, 862, 166, NULL, 1, NULL, 1, NULL, '2023-03-24 18:18:18', 3, NULL, NULL, 1),
(1197, 'DT.M.57.06.119', NULL, NULL, 863, 166, NULL, 1, NULL, 1, NULL, '2023-03-24 18:18:18', 3, NULL, NULL, 1),
(1198, 'DT.M.58.07.120', NULL, NULL, 1289, 165, NULL, 1, NULL, 1, NULL, '2023-03-24 18:18:18', 3, NULL, NULL, 1),
(1199, 'DT.M.58.07.121', NULL, NULL, 1290, 165, NULL, 1, NULL, 1, NULL, '2023-03-24 18:18:18', 3, NULL, NULL, 1),
(1200, 'DT.M.58.07.122', NULL, NULL, 1291, 165, NULL, 1, NULL, 1, NULL, '2023-03-24 18:18:18', 3, NULL, NULL, 1),
(1201, 'DT.M.58.07.123', NULL, NULL, 1292, 165, NULL, 1, NULL, 1, NULL, '2023-03-24 18:18:18', 3, NULL, NULL, 1),
(1202, 'DT.M.58.07.124', NULL, NULL, 1293, 165, NULL, 1, NULL, 1, NULL, '2023-03-24 18:18:18', 3, NULL, NULL, 1),
(1203, 'DT.M.58.07.125', NULL, NULL, 1294, 165, NULL, 1, NULL, 1, NULL, '2023-03-24 18:18:18', 3, NULL, NULL, 1),
(1204, 'DT.M.58.07.126', NULL, NULL, 129, 165, NULL, 1, NULL, 1, NULL, '2023-03-24 18:18:18', 3, NULL, NULL, 1),
(1205, 'DT.M.58.07.127', NULL, NULL, 1119, 165, NULL, 1, NULL, 1, NULL, '2023-03-24 18:18:18', 3, NULL, NULL, 1),
(1206, 'DT.M.58.07.128', NULL, NULL, 1120, 165, NULL, 1, NULL, 1, NULL, '2023-03-24 18:18:18', 3, NULL, NULL, 1),
(1207, 'DT.M.58.07.129', NULL, NULL, 933, 165, NULL, 1, NULL, 1, NULL, '2023-03-24 18:18:18', 3, NULL, NULL, 1),
(1208, 'DT.M.58.07.130', NULL, NULL, 934, 165, NULL, 1, NULL, 1, NULL, '2023-03-24 18:18:18', 3, NULL, NULL, 1),
(1209, 'DT.M.58.07.131', NULL, NULL, 631, 165, NULL, 1, NULL, 1, NULL, '2023-03-24 18:18:18', 3, NULL, NULL, 1),
(1210, 'DT.M.58.07.132', NULL, NULL, 636, 165, NULL, 1, NULL, 1, NULL, '2023-03-24 18:18:18', 3, NULL, NULL, 1),
(1211, 'DT.M.58.02.134', NULL, NULL, 624, 170, NULL, 1, NULL, 1, NULL, '2023-03-24 18:18:18', 3, NULL, NULL, 1),
(1212, 'DT.M.58.03.135', NULL, NULL, 86, 169, NULL, 1, NULL, 1, NULL, '2023-03-24 18:18:18', 3, NULL, NULL, 1),
(1213, 'DT.M.58.04.136', NULL, NULL, 113, 168, NULL, 1, NULL, 1, NULL, '2023-03-24 18:18:18', 3, NULL, NULL, 1),
(1214, 'DT.M.58.04.137', NULL, NULL, 700, 168, NULL, 1, NULL, 1, NULL, '2023-03-24 18:18:18', 3, NULL, NULL, 1),
(1215, 'DT.M.58.04.138', NULL, NULL, 1005, 168, NULL, 1, NULL, 1, NULL, '2023-03-24 18:18:18', 3, NULL, NULL, 1),
(1216, 'DT.M.58.04.139', NULL, NULL, 1263, 168, NULL, 1, NULL, 1, NULL, '2023-03-24 18:18:18', 3, NULL, NULL, 1),
(1217, 'DT.M.58.01.140', NULL, NULL, 623, 171, NULL, 1, NULL, 1, NULL, '2023-03-24 18:18:18', 3, NULL, NULL, 1),
(1218, 'DT.M.58.01.141', NULL, NULL, 1265, 171, NULL, 1, NULL, 1, NULL, '2023-03-24 18:18:18', 3, NULL, NULL, 1),
(1219, 'DT.M.61.01.156', NULL, NULL, 1264, 171, NULL, 1, NULL, 1, NULL, '2023-03-24 18:18:18', 3, NULL, NULL, 1),
(1220, 'DT.M.61.01.157', NULL, NULL, 1004, 171, NULL, 1, NULL, 1, NULL, '2023-03-24 18:18:18', 3, NULL, NULL, 1),
(1221, 'DT.M.62.08.159', NULL, NULL, 108, 164, NULL, 1, NULL, 1, NULL, '2023-03-24 18:18:18', 3, NULL, NULL, 1),
(1222, 'DT.M.62.08.160', NULL, NULL, 109, 164, NULL, 1, NULL, 1, NULL, '2023-03-24 18:18:18', 3, NULL, NULL, 1),
(1223, 'DT.M.62.08.161', NULL, NULL, 110, 164, NULL, 1, NULL, 1, NULL, '2023-03-24 18:18:18', 3, NULL, NULL, 1),
(1224, 'DT.M.62.08.162', NULL, NULL, 111, 164, NULL, 1, NULL, 1, NULL, '2023-03-24 18:18:18', 3, NULL, NULL, 1),
(1225, 'DT.M.62.08.163', NULL, NULL, 652, 164, NULL, 1, NULL, 1, NULL, '2023-03-24 18:18:18', 3, NULL, NULL, 1),
(1226, 'DT.M.62.08.164', NULL, NULL, 653, 164, NULL, 1, NULL, 1, NULL, '2023-03-24 18:18:18', 3, NULL, NULL, 1),
(1227, 'DT.M.62.08.165', NULL, NULL, 654, 164, NULL, 1, NULL, 1, NULL, '2023-03-24 18:18:18', 3, NULL, NULL, 1),
(1228, 'DT.M.62.08.166', NULL, NULL, 655, 164, NULL, 1, NULL, 1, NULL, '2023-03-24 18:18:18', 3, NULL, NULL, 1),
(1229, 'DT.M.62.08.167', NULL, NULL, 105, 164, NULL, 1, NULL, 1, NULL, '2023-03-24 18:18:18', 3, NULL, NULL, 1),
(1230, 'DT.M.62.08.168', NULL, NULL, 106, 164, NULL, 1, NULL, 1, NULL, '2023-03-24 18:18:18', 3, NULL, NULL, 1),
(1231, 'DT.M.62.08.169', NULL, NULL, 1267, 164, NULL, 1, NULL, 1, NULL, '2023-03-24 18:18:18', 3, NULL, NULL, 1),
(1232, 'DT.M.62.08.170', NULL, NULL, 1268, 164, NULL, 1, NULL, 1, NULL, '2023-03-24 18:18:18', 3, NULL, NULL, 1),
(1233, 'DT.M.62.08.171', NULL, NULL, 1064, 164, NULL, 1, NULL, 1, NULL, '2023-03-24 18:18:18', 3, NULL, NULL, 1),
(1234, 'DT.M.62.08.172', NULL, NULL, 1065, 164, NULL, 1, NULL, 1, NULL, '2023-03-24 18:18:18', 3, NULL, NULL, 1),
(1235, 'DT.M.62.08.173', NULL, NULL, 1066, 164, NULL, 1, NULL, 1, NULL, '2023-03-24 18:18:18', 3, NULL, NULL, 1),
(1236, 'DT.M.62.08.174', NULL, NULL, 1067, 164, NULL, 1, NULL, 1, NULL, '2023-03-24 18:18:18', 3, NULL, NULL, 1),
(1237, 'DT.M.62.08.175', NULL, NULL, 73, 164, NULL, 1, NULL, 1, NULL, '2023-03-24 18:18:18', 3, NULL, NULL, 1),
(1238, 'DT.M.62.08.176', NULL, NULL, 74, 164, NULL, 1, NULL, 1, NULL, '2023-03-24 18:18:18', 3, NULL, NULL, 1),
(1239, 'DT.M.62.08.177', NULL, NULL, 75, 164, NULL, 1, NULL, 1, NULL, '2023-03-24 18:18:18', 3, NULL, NULL, 1),
(1240, 'DT.M.62.08.178', NULL, NULL, 76, 164, NULL, 1, NULL, 1, NULL, '2023-03-24 18:18:18', 3, NULL, NULL, 1),
(1241, 'DT.M.62.08.179', NULL, NULL, 77, 164, NULL, 1, NULL, 1, NULL, '2023-03-24 18:18:18', 3, NULL, NULL, 1),
(1242, 'DT.M.62.08.180', NULL, NULL, 78, 164, NULL, 1, NULL, 1, NULL, '2023-03-24 18:18:18', 3, NULL, NULL, 1),
(1243, 'DT.M.62.08.181', NULL, NULL, 1068, 164, NULL, 1, NULL, 1, NULL, '2023-03-24 18:18:18', 3, NULL, NULL, 1),
(1244, 'DT.M.62.08.182', NULL, NULL, 1069, 164, NULL, 1, NULL, 1, NULL, '2023-03-24 18:18:18', 3, NULL, NULL, 1),
(1245, 'DT.M.62.08.183', NULL, NULL, 79, 164, NULL, 1, NULL, 1, NULL, '2023-03-24 18:18:18', 3, NULL, NULL, 1),
(1246, 'DT.M.62.08.184', NULL, NULL, 80, 164, NULL, 1, NULL, 1, NULL, '2023-03-24 18:18:18', 3, NULL, NULL, 1),
(1247, 'DT.M.62.08.185', NULL, NULL, 81, 164, NULL, 1, NULL, 1, NULL, '2023-03-24 18:18:18', 3, NULL, NULL, 1),
(1248, 'DT.M.62.08.186', NULL, NULL, 82, 164, NULL, 1, NULL, 1, NULL, '2023-03-24 18:18:18', 3, NULL, NULL, 1),
(1249, 'DT.M.62.08.187', NULL, NULL, 1017, 164, NULL, 1, NULL, 1, NULL, '2023-03-24 18:18:18', 3, NULL, NULL, 1),
(1250, 'DT.M.62.08.188', NULL, NULL, 1018, 164, NULL, 1, NULL, 1, NULL, '2023-03-24 18:18:18', 3, NULL, NULL, 1),
(1251, 'DT.M.62.08.189', NULL, NULL, 1019, 164, NULL, 1, NULL, 1, NULL, '2023-03-24 18:18:18', 3, NULL, NULL, 1),
(1252, 'DT.M.62.08.190', NULL, NULL, 1020, 164, NULL, 1, NULL, 1, NULL, '2023-03-24 18:18:18', 3, NULL, NULL, 1),
(1253, 'DT.M.62.08.191', NULL, NULL, 1021, 164, NULL, 1, NULL, 1, NULL, '2023-03-24 18:18:18', 3, NULL, NULL, 1),
(1254, 'DT.M.62.08.192', NULL, NULL, 1053, 164, NULL, 1, NULL, 1, NULL, '2023-03-24 18:18:18', 3, NULL, NULL, 1),
(1255, 'DT.M.62.08.193', NULL, NULL, 1063, 164, NULL, 1, NULL, 1, NULL, '2023-03-24 18:18:18', 3, NULL, NULL, 1),
(1256, 'PLP.PCS.10W.3135', NULL, NULL, 25, 15, NULL, 7, NULL, 1, NULL, '2023-03-24 18:18:18', 3, NULL, NULL, 1),
(1257, 'PLP.PCS.10W.2583', NULL, NULL, 17, 15, NULL, 7, NULL, 1, NULL, '2023-03-24 18:18:18', 3, NULL, NULL, 1),
(1258, 'PLP.PCS.10W.2579', NULL, NULL, 14, 15, NULL, 7, NULL, 1, NULL, '2023-03-24 18:18:18', 3, NULL, NULL, 1),
(1259, 'PLP.PCS.10W.2584', NULL, NULL, 18, 15, NULL, 7, NULL, 1, NULL, '2023-03-24 18:18:18', 3, NULL, NULL, 1),
(1260, 'PLP.PCS.10W.0078', NULL, NULL, 46, 15, NULL, 7, NULL, 1, NULL, '2023-03-24 18:18:18', 3, NULL, NULL, 1),
(1261, 'PLP.PCS.10W.2581', NULL, NULL, 15, 15, NULL, 7, NULL, 1, NULL, '2023-03-24 18:18:18', 3, NULL, NULL, 1),
(1262, 'PLP.PCS.10W.2582', NULL, NULL, 16, 15, NULL, 7, NULL, 1, NULL, '2023-03-24 18:18:18', 3, NULL, NULL, 1),
(1263, 'PLP.PCS.10W.2585', NULL, NULL, 19, 15, NULL, 7, NULL, 1, NULL, '2023-03-24 18:18:18', 3, NULL, NULL, 1),
(1264, 'PLP.PCS.10W.2576', NULL, NULL, 13, 15, NULL, 7, NULL, 1, NULL, '2023-03-24 18:18:18', 3, NULL, NULL, 1),
(1265, 'PLP.PCS.10W.2906', NULL, NULL, 21, 15, NULL, 7, NULL, 1, NULL, '2023-03-24 18:18:18', 3, NULL, NULL, 1),
(1266, 'PLP.PCS.10W.2982', NULL, NULL, 22, 15, NULL, 7, NULL, 1, NULL, '2023-03-24 18:18:18', 3, NULL, NULL, 1),
(1267, 'PLP.PCS.10W.2878', NULL, NULL, 20, 15, NULL, 7, NULL, 1, NULL, '2023-03-24 18:18:18', 3, NULL, NULL, 1),
(1268, 'PLP.PCS.10W.3134', NULL, NULL, 24, 15, NULL, 7, NULL, 1, NULL, '2023-03-24 18:18:18', 3, NULL, NULL, 1),
(1269, 'PLP.PCS.10W.5842', NULL, NULL, 30, 15, NULL, 7, NULL, 1, NULL, '2023-03-24 18:18:18', 3, NULL, NULL, 1),
(1270, 'PLP.PCS.10W.7295', NULL, NULL, 35, 15, NULL, 7, NULL, 1, NULL, '2023-03-24 18:18:18', 3, NULL, NULL, 1),
(1271, 'PLP.PCS.10W.7296', NULL, NULL, 36, 15, NULL, 7, NULL, 1, NULL, '2023-03-24 18:18:18', 3, NULL, NULL, 1),
(1272, 'PLP.PCS.10W.7703', NULL, NULL, 37, 15, NULL, 7, NULL, 1, NULL, '2023-03-24 18:18:18', 3, NULL, NULL, 1),
(1273, 'PLP.PCS.10W.7704', NULL, NULL, 38, 15, NULL, 7, NULL, 1, NULL, '2023-03-24 18:18:18', 3, NULL, NULL, 1),
(1274, 'PLP.PCS.6W.6356', NULL, NULL, 31, 15, NULL, 7, NULL, 1, NULL, '2023-03-24 18:18:18', 3, NULL, NULL, 1),
(1275, 'PLP.PCS.6W.6390', NULL, NULL, 32, 15, NULL, 7, NULL, 1, NULL, '2023-03-24 18:18:18', 3, NULL, NULL, 1),
(1276, 'PLP.PCS.10W.8334', NULL, NULL, 41, 15, NULL, 7, NULL, 1, NULL, '2023-03-24 18:18:18', 3, NULL, NULL, 1),
(1277, 'PLP.PCS.10W.8332', NULL, NULL, 39, 15, NULL, 7, NULL, 1, NULL, '2023-03-24 18:18:18', 3, NULL, NULL, 1),
(1278, 'PLP.PCS.10W.8779', NULL, NULL, 43, 15, NULL, 7, NULL, 1, NULL, '2023-03-24 18:18:18', 3, NULL, NULL, 1),
(1279, 'PLP.PCS.10W.8780', NULL, NULL, 44, 15, NULL, 7, NULL, 1, NULL, '2023-03-24 18:18:18', 3, NULL, NULL, 1),
(1280, 'PLP.JPAC.10W.4653', NULL, NULL, 27, 17, NULL, 7, NULL, 1, NULL, '2023-03-24 18:18:18', 3, NULL, NULL, 1),
(1281, 'PLP.JPAC.10W.5673', NULL, NULL, 29, 15, NULL, 7, NULL, 1, NULL, '2023-03-24 18:18:18', 3, NULL, NULL, 1),
(1282, 'PLP.JPAC.10W.3133', NULL, NULL, 23, 15, NULL, 7, NULL, 1, NULL, '2023-03-24 18:18:18', 3, NULL, NULL, 1),
(1283, 'PLP.JPAC.10W.5575', NULL, NULL, 28, 15, NULL, 7, NULL, 1, NULL, '2023-03-24 18:18:18', 3, NULL, NULL, 1),
(1284, 'PLP.JPAC.10W.2571', NULL, NULL, 12, 15, NULL, 7, NULL, 1, NULL, '2023-03-24 18:18:18', 3, NULL, NULL, 1),
(1285, 'PLP.JPK.10W.6993', NULL, NULL, 33, 16, NULL, 7, NULL, 1, NULL, '2023-03-24 18:18:18', 3, NULL, NULL, 1),
(1286, 'PLP.JPK.10W.6994', NULL, NULL, 34, 16, NULL, 7, NULL, 1, NULL, '2023-03-24 18:18:18', 3, NULL, NULL, 1),
(1287, 'PLP.PCS.10W.0077', NULL, NULL, 45, 15, NULL, 7, NULL, 1, NULL, '2023-03-24 18:18:18', 3, NULL, NULL, 1),
(1288, 'PLP.PCS.4W.8888', NULL, NULL, 917, 15, NULL, 7, NULL, 1, NULL, '2023-03-24 18:18:18', 3, NULL, NULL, 1),
(1289, 'PLP.PCS.4W.306', NULL, NULL, 2, 15, NULL, 7, NULL, 1, NULL, '2023-03-24 18:18:18', 3, NULL, NULL, 1),
(1290, 'PLP.PCS.4W.305', NULL, NULL, 1, 15, NULL, 7, NULL, 1, NULL, '2023-03-24 18:18:18', 3, NULL, NULL, 1),
(1291, 'PLP.PCS.4W.6987', NULL, NULL, 4, 15, NULL, 7, NULL, 1, NULL, '2023-03-24 18:18:18', 3, NULL, NULL, 1),
(1292, 'PLP.PCS.4W.4897', NULL, NULL, 6, 15, NULL, 7, NULL, 1, NULL, '2023-03-24 18:18:18', 3, NULL, NULL, 1),
(1293, 'PLP.PCS.4W.4896', NULL, NULL, 5, 15, NULL, 7, NULL, 1, NULL, '2023-03-24 18:18:18', 3, NULL, NULL, 1),
(1294, 'PLP.PCS.4W.5512', NULL, NULL, 7, 15, NULL, 7, NULL, 1, NULL, '2023-03-24 18:18:18', 3, NULL, NULL, 1),
(1295, 'PLP.PCS.4W.5514', NULL, NULL, 8, 15, NULL, 7, NULL, 1, NULL, '2023-03-24 18:18:18', 3, NULL, NULL, 1),
(1296, 'PLP.JPK.4W.332', NULL, NULL, 899, 16, NULL, 7, NULL, 1, NULL, '2023-03-24 18:18:18', 3, NULL, NULL, 1),
(1297, 'PLP.JPK.4W.334', NULL, NULL, 900, 16, NULL, 7, NULL, 1, NULL, '2023-03-24 18:18:18', 3, NULL, NULL, 1),
(1298, 'PLP.JPK.4W.6932', NULL, NULL, 3, 16, NULL, 7, NULL, 1, NULL, '2023-03-24 18:18:18', 3, NULL, NULL, 1),
(1299, 'PLP.PCS.6W.4289', NULL, NULL, 26, 15, NULL, 7, NULL, 1, NULL, '2023-03-24 18:18:18', 3, NULL, NULL, 1),
(1300, 'PLP.PCS.6W.8333', NULL, NULL, 40, 15, NULL, 7, NULL, 1, NULL, '2023-03-24 18:18:18', 3, NULL, NULL, 1),
(1301, 'AS.M.62.08.02P', NULL, NULL, 138, 24, NULL, 1, NULL, 1, NULL, '2023-03-24 18:18:18', 3, NULL, NULL, 1),
(1302, 'Jpac.DT.M.A.56.01', NULL, NULL, 1121, 195, NULL, 2, NULL, 1, NULL, '2023-03-24 18:18:18', 3, NULL, NULL, 1),
(1303, 'Jpac.DT.M.A.56.02', NULL, NULL, 1122, 195, NULL, 2, NULL, 1, NULL, '2023-03-24 18:18:18', 3, NULL, NULL, 1),
(1304, 'Jpac.DT.M.A.56.03', NULL, NULL, 1123, 195, NULL, 2, NULL, 1, NULL, '2023-03-24 18:18:18', 3, NULL, NULL, 1),
(1305, 'Jpac.DT.M.A.56.04', NULL, NULL, 1124, 195, NULL, 2, NULL, 1, NULL, '2023-03-24 18:18:18', 3, NULL, NULL, 1),
(1306, 'Jpac.DT.M.A.56.05', NULL, NULL, 1153, 195, NULL, 2, NULL, 1, NULL, '2023-03-24 18:18:18', 3, NULL, NULL, 1),
(1307, 'Jpac.DT.M.A.56.06', NULL, NULL, 1154, 195, NULL, 2, NULL, 1, NULL, '2023-03-24 18:18:18', 3, NULL, NULL, 1),
(1308, 'Jpac.DT.M.A.56.07', NULL, NULL, 1155, 195, NULL, 2, NULL, 1, NULL, '2023-03-24 18:18:18', 3, NULL, NULL, 1),
(1309, 'Jpac.DT.M.A.56.08', NULL, NULL, 1174, 195, NULL, 2, NULL, 1, NULL, '2023-03-24 18:18:18', 3, NULL, NULL, 1),
(1310, 'Jpac.DT.M.A.56.09', NULL, NULL, 1175, 195, NULL, 2, NULL, 1, NULL, '2023-03-24 18:18:18', 3, NULL, NULL, 1),
(1311, 'Jpac.DT.M.A.56.10', NULL, NULL, 1176, 195, NULL, 2, NULL, 1, NULL, '2023-03-24 18:18:18', 3, NULL, NULL, 1),
(1312, 'Jpac.DT.M.A.56.11', NULL, NULL, 1177, 195, NULL, 2, NULL, 1, NULL, '2023-03-24 18:18:18', 3, NULL, NULL, 1),
(1313, 'Jpac.DT.M.A.56.12', NULL, NULL, 1178, 195, NULL, 2, NULL, 1, NULL, '2023-03-24 18:18:18', 3, NULL, NULL, 1),
(1314, 'Jpac.DT.M.A.56.13', NULL, NULL, 1179, 195, NULL, 2, NULL, 1, NULL, '2023-03-24 18:18:18', 3, NULL, NULL, 1),
(1315, 'Jpac.DT.M.A.56.15', NULL, NULL, 1182, 195, NULL, 2, NULL, 1, NULL, '2023-03-24 18:18:18', 3, NULL, NULL, 1),
(1316, 'Jpac.DT.M.A.56.16', NULL, NULL, 1183, 195, NULL, 2, NULL, 1, NULL, '2023-03-24 18:18:18', 3, NULL, NULL, 1),
(1317, 'Jpac.DT.M.A.56.14', NULL, NULL, 1187, 195, NULL, 2, NULL, 1, NULL, '2023-03-24 18:18:18', 3, NULL, NULL, 1),
(1318, 'Jpac.DT.M.A.56.19', NULL, NULL, 114, 195, NULL, 2, NULL, 1, NULL, '2023-03-24 18:18:18', 3, NULL, NULL, 1),
(1319, 'Jpac.DT.M.A.56.20', NULL, NULL, 120, 195, NULL, 2, NULL, 1, NULL, '2023-03-24 18:18:18', 3, NULL, NULL, 1),
(1320, 'Jpac.DT.M.A.56.21', NULL, NULL, 625, 195, NULL, 2, NULL, 1, NULL, '2023-03-24 18:18:18', 3, NULL, NULL, 1),
(1321, 'Jpac.DT.M.A.56.22', NULL, NULL, 632, 195, NULL, 2, NULL, 1, NULL, '2023-03-24 18:18:18', 3, NULL, NULL, 1),
(1322, 'Jpac.DT.M.A.56.24', NULL, NULL, 192, 195, NULL, 2, NULL, 1, NULL, '2023-03-24 18:18:18', 3, NULL, NULL, 1),
(1323, 'Jpac.DT.M.A.56.25', NULL, NULL, 685, 195, NULL, 2, NULL, 1, NULL, '2023-03-24 18:18:18', 3, NULL, NULL, 1),
(1324, 'Jpac.DT.M.A.56.26', NULL, NULL, 177, 195, NULL, 2, NULL, 1, NULL, '2023-03-24 18:18:18', 3, NULL, NULL, 1),
(1325, 'Jpac.DT.M.A.56.27', NULL, NULL, 179, 195, NULL, 2, NULL, 1, NULL, '2023-03-24 18:18:18', 3, NULL, NULL, 1),
(1326, 'Jpac.DT.M.A.56.28', NULL, NULL, 181, 195, NULL, 2, NULL, 1, NULL, '2023-03-24 18:18:18', 3, NULL, NULL, 1),
(1327, 'Jpac.DT.M.A.56.29', NULL, NULL, 183, 195, NULL, 2, NULL, 1, NULL, '2023-03-24 18:18:18', 3, NULL, NULL, 1),
(1328, 'Jpac.DT.M.A.56.30', NULL, NULL, 184, 195, NULL, 2, NULL, 1, NULL, '2023-03-24 18:18:18', 3, NULL, NULL, 1),
(1329, 'Jpac.DT.M.A.56.31', NULL, NULL, 185, 195, NULL, 2, NULL, 1, NULL, '2023-03-24 18:18:18', 3, NULL, NULL, 1),
(1330, 'Jpac.DT.M.C.60.43', NULL, NULL, 1117, 195, NULL, 2, NULL, 1, NULL, '2023-03-24 18:18:18', 3, NULL, NULL, 1),
(1331, 'Jpac.DT.M.C.60.44', NULL, NULL, 1196, 195, NULL, 2, NULL, 1, NULL, '2023-03-24 18:18:18', 3, NULL, NULL, 1),
(1332, 'Jpac.DT.M.C.60.45', NULL, NULL, 1197, 195, NULL, 2, NULL, 1, NULL, '2023-03-24 18:18:18', 3, NULL, NULL, 1),
(1333, 'Jpac.DT.M.C.60.46', NULL, NULL, 1198, 195, NULL, 2, NULL, 1, NULL, '2023-03-24 18:18:18', 3, NULL, NULL, 1),
(1334, 'Jpac.DT.M.C.60.47', NULL, NULL, 1116, 195, NULL, 2, NULL, 1, NULL, '2023-03-24 18:18:18', 3, NULL, NULL, 1),
(1335, 'Jpac.DT.M.C.60.48', NULL, NULL, 1130, 195, NULL, 2, NULL, 1, NULL, '2023-03-24 18:18:18', 3, NULL, NULL, 1),
(1336, 'Jpac.DT.M.C.60.49', NULL, NULL, 1131, 195, NULL, 2, NULL, 1, NULL, '2023-03-24 18:18:18', 3, NULL, NULL, 1),
(1337, 'Jpac.DT.M.C.60.50', NULL, NULL, 1132, 195, NULL, 2, NULL, 1, NULL, '2023-03-24 18:18:18', 3, NULL, NULL, 1),
(1338, 'Jpac.DT.M.C.60.51', NULL, NULL, 1133, 195, NULL, 2, NULL, 1, NULL, '2023-03-24 18:18:18', 3, NULL, NULL, 1),
(1339, 'Jpac.DT.M.C.60.52', NULL, NULL, 1134, 195, NULL, 2, NULL, 1, NULL, '2023-03-24 18:18:18', 3, NULL, NULL, 1),
(1340, 'Jpac.DT.M.C.60.53', NULL, NULL, 137, 195, NULL, 2, NULL, 1, NULL, '2023-03-24 18:18:18', 3, NULL, NULL, 1),
(1341, 'Jpac.DT.M.C.60.54', NULL, NULL, 647, 195, NULL, 2, NULL, 1, NULL, '2023-03-24 18:18:18', 3, NULL, NULL, 1),
(1342, 'Jpac.DT.M.C.60.55', NULL, NULL, 650, 195, NULL, 2, NULL, 1, NULL, '2023-03-24 18:18:18', 3, NULL, NULL, 1);
INSERT INTO `tb_machine_site` (`id_machine_site`, `code_machine_site`, `serial_number`, `recived_date`, `ref_id_machine_master`, `ref_id_building`, `ref_id_location`, `ref_id_site`, `ref_id_supplier`, `status_work`, `detail_machine_site`, `mcs_adddate`, `ref_id_user_add`, `mcs_editdate`, `ref_id_user_edit`, `status_machine_site`) VALUES
(1343, 'Jpac.BL.M.A.56.01', NULL, NULL, 167, 193, NULL, 2, NULL, 1, NULL, '2023-03-24 18:18:18', 3, NULL, NULL, 1),
(1344, 'Jpac.BL.M.A.56.02', NULL, NULL, 158, 193, NULL, 2, NULL, 1, NULL, '2023-03-24 18:18:18', 3, NULL, NULL, 1),
(1345, 'Jpac.DT.M.A.57.32', NULL, NULL, 245, 195, NULL, 2, NULL, 1, NULL, '2023-03-24 18:18:18', 3, NULL, NULL, 1),
(1346, 'Jpac.DT.M.A.57.36', NULL, NULL, 244, 193, NULL, 2, NULL, 1, NULL, '2023-03-24 18:18:18', 3, NULL, NULL, 1),
(1347, 'Jpac.DT.M.A.58.37', NULL, NULL, 244, 193, NULL, 2, NULL, 1, NULL, '2023-03-24 18:18:18', 3, NULL, NULL, 1),
(1348, 'Jpac.BL.M.B.57.03', NULL, NULL, 264, 193, NULL, 2, NULL, 1, NULL, '2023-03-24 18:18:18', 3, NULL, NULL, 1),
(1349, 'Jpac.BL.M.A.62.01', NULL, NULL, 264, 194, NULL, 2, NULL, 1, NULL, '2023-03-24 18:18:18', 3, NULL, NULL, 1),
(1350, 'Jpac.MB.M.A.57.02', NULL, NULL, 659, 194, NULL, 2, NULL, 1, NULL, '2023-03-24 18:18:18', 3, NULL, NULL, 1),
(1351, 'Jpac.DT.M.A.60.39', NULL, NULL, 244, 193, NULL, 2, NULL, 1, NULL, '2023-03-24 18:18:18', 3, NULL, NULL, 1),
(1352, 'Jpac.DT.M.A.60.40', NULL, NULL, 244, 193, NULL, 2, NULL, 1, NULL, '2023-03-24 18:18:18', 3, NULL, NULL, 1),
(1353, 'Jpac.DT.M.A.60.42', NULL, NULL, 244, 193, NULL, 2, NULL, 1, NULL, '2023-03-24 18:18:18', 3, NULL, NULL, 1),
(1354, 'Jpac.BL.M.B.62.01', NULL, NULL, 265, 193, NULL, 2, NULL, 1, NULL, '2023-03-24 18:18:18', 3, NULL, NULL, 1),
(1355, 'Jpac.DT.M.C.61.01', NULL, NULL, 1135, 193, NULL, 2, NULL, 1, NULL, '2023-03-24 18:18:18', 3, NULL, NULL, 1),
(1356, 'Jpac.DT.M.B.62.01', NULL, NULL, 244, 193, NULL, 2, NULL, 1, NULL, '2023-03-24 18:18:18', 3, NULL, NULL, 1),
(1357, 'JPK.OF.M.57.A.01', NULL, NULL, 1311, 189, NULL, 5, NULL, 1, NULL, '2023-03-24 18:18:18', 3, NULL, NULL, 1),
(1358, 'JPK.OF.M.57.A.02', NULL, NULL, 1312, 186, NULL, 5, NULL, 1, NULL, '2023-03-24 18:18:18', 3, NULL, NULL, 1),
(1359, 'JPK.MT.M.57.A.01', NULL, NULL, 1090, 186, NULL, 5, NULL, 1, NULL, '2023-03-24 18:18:18', 3, NULL, NULL, 1),
(1360, 'JPK.MT.M.57.A.02', NULL, NULL, 1091, 186, NULL, 5, NULL, 1, NULL, '2023-03-24 18:18:18', 3, NULL, NULL, 1),
(1361, 'JPK.MT.M.57.A.03', NULL, NULL, 1092, 186, NULL, 5, NULL, 1, NULL, '2023-03-24 18:18:18', 3, NULL, NULL, 1),
(1362, 'JPK.IT.M.57.A.01', NULL, NULL, 1061, 186, NULL, 5, NULL, 1, NULL, '2023-03-24 18:18:18', 3, NULL, NULL, 1),
(1363, 'JPK.PB.M.57.A.01', NULL, NULL, 1376, 186, NULL, 5, NULL, 1, NULL, '2023-03-24 18:18:18', 3, NULL, NULL, 1),
(1364, 'JPK.OF.M.62.A.03', NULL, NULL, 1058, 186, NULL, 5, NULL, 1, NULL, '2023-03-24 18:18:18', 3, NULL, NULL, 1),
(1365, 'JPK.OF.M.62.B2.04', NULL, NULL, 1057, 184, NULL, 5, NULL, 1, NULL, '2023-03-24 18:18:18', 3, NULL, NULL, 1),
(1366, 'JPK.OF.M.63.A.05', NULL, NULL, 1032, 186, NULL, 5, NULL, 1, NULL, '2023-03-24 18:18:18', 3, NULL, NULL, 1),
(1367, 'JPK.SC.M.58.A.01', NULL, NULL, 961, 186, NULL, 5, NULL, 1, NULL, '2023-03-24 18:18:18', 3, NULL, NULL, 1),
(1368, 'JPK.TL.M.57.A.01', NULL, NULL, 1088, 186, NULL, 5, NULL, 1, NULL, '2023-03-24 18:18:18', 3, NULL, NULL, 1),
(1369, 'JPK.TL.M.57.A.02', NULL, NULL, 1089, 186, NULL, 5, NULL, 1, NULL, '2023-03-24 18:18:18', 3, NULL, NULL, 1),
(1370, 'JPK.TL.M.57.A.03', NULL, NULL, 1085, 186, NULL, 5, NULL, 1, NULL, '2023-03-24 18:18:18', 3, NULL, NULL, 1),
(1371, 'JPK.TL.M.57.A.04', NULL, NULL, 1086, 186, NULL, 5, NULL, 1, NULL, '2023-03-24 18:18:18', 3, NULL, NULL, 1),
(1372, 'JPK.TL.M.57.B2.05', NULL, NULL, 1087, 184, NULL, 5, NULL, 1, NULL, '2023-03-24 18:18:18', 3, NULL, NULL, 1),
(1373, 'JPK.OD.M.57.A.01', NULL, NULL, 946, 186, NULL, 5, NULL, 1, NULL, '2023-03-24 18:18:18', 3, NULL, NULL, 1),
(1374, 'JPK.OD.M.57.A.02', NULL, NULL, 947, 186, NULL, 5, NULL, 1, NULL, '2023-03-24 18:18:18', 3, NULL, NULL, 1),
(1375, 'JPK.OD.M.57.A.03', NULL, NULL, 948, 186, NULL, 5, NULL, 1, NULL, '2023-03-24 18:18:18', 3, NULL, NULL, 1),
(1376, 'JPK.OD.M.57.A.04', NULL, NULL, 949, 186, NULL, 5, NULL, 1, NULL, '2023-03-24 18:18:18', 3, NULL, NULL, 1),
(1377, 'JPK.OD.M.57.A.05', NULL, NULL, 950, 186, NULL, 5, NULL, 1, NULL, '2023-03-24 18:18:18', 3, NULL, NULL, 1),
(1378, 'JPK.OD.M.57.A.06', NULL, NULL, 951, 186, NULL, 5, NULL, 1, NULL, '2023-03-24 18:18:18', 3, NULL, NULL, 1),
(1379, 'JPK.OD.M.57.A.07', NULL, NULL, 952, 186, NULL, 5, NULL, 1, NULL, '2023-03-24 18:18:18', 3, NULL, NULL, 1),
(1380, 'JPK.OD.M.57.A.08', NULL, NULL, 953, 186, NULL, 5, NULL, 1, NULL, '2023-03-24 18:18:18', 3, NULL, NULL, 1),
(1381, 'JPK.OD.M.57.A.09', NULL, NULL, 954, 186, NULL, 5, NULL, 1, NULL, '2023-03-24 18:18:18', 3, NULL, NULL, 1),
(1382, 'JPK.OD.M.57.A.10', NULL, NULL, 955, 186, NULL, 5, NULL, 1, NULL, '2023-03-24 18:18:18', 3, NULL, NULL, 1),
(1383, 'JPK.RS.M.59.B2.01', NULL, NULL, 755, 184, NULL, 5, NULL, 1, NULL, '2023-03-24 18:18:18', 3, NULL, NULL, 1),
(1384, 'JPK.RS.M.59.B2.02', NULL, NULL, 756, 184, NULL, 5, NULL, 1, NULL, '2023-03-24 18:18:18', 3, NULL, NULL, 1),
(1385, 'JPK.RS.M.59.B2.03', NULL, NULL, 757, 184, NULL, 5, NULL, 1, NULL, '2023-03-24 18:18:18', 3, NULL, NULL, 1),
(1386, 'JPK.RS.M.59.B2.04', NULL, NULL, 758, 184, NULL, 5, NULL, 1, NULL, '2023-03-24 18:18:18', 3, NULL, NULL, 1),
(1387, 'JPK.RS.M.59.B1.01', NULL, NULL, 735, 185, NULL, 5, NULL, 1, NULL, '2023-03-24 18:18:18', 3, NULL, NULL, 1),
(1388, 'JPK.RS.M.59.B1.02', NULL, NULL, 746, 185, NULL, 5, NULL, 1, NULL, '2023-03-24 18:18:18', 3, NULL, NULL, 1),
(1389, 'JPK.RS.M.59.B1.03', NULL, NULL, 748, 185, NULL, 5, NULL, 1, NULL, '2023-03-24 18:18:18', 3, NULL, NULL, 1),
(1390, 'JPK.RS.M.59.B1.04', NULL, NULL, 749, 185, NULL, 5, NULL, 1, NULL, '2023-03-24 18:18:18', 3, NULL, NULL, 1),
(1391, 'JPK.RS.M.59.B1.05', NULL, NULL, 750, 185, NULL, 5, NULL, 1, NULL, '2023-03-24 18:18:18', 3, NULL, NULL, 1),
(1392, 'JPK.RS.M.59.B1.06', NULL, NULL, 751, 185, NULL, 5, NULL, 1, NULL, '2023-03-24 18:18:18', 3, NULL, NULL, 1),
(1393, 'JPK.RS.M.59.B1.07', NULL, NULL, 752, 185, NULL, 5, NULL, 1, NULL, '2023-03-24 18:18:18', 3, NULL, NULL, 1),
(1394, 'JPK.RS.M.59.B1.08', NULL, NULL, 753, 185, NULL, 5, NULL, 1, NULL, '2023-03-24 18:18:18', 3, NULL, NULL, 1),
(1395, 'JPK.RS.M.59.B1.09', NULL, NULL, 754, 185, NULL, 5, NULL, 1, NULL, '2023-03-24 18:18:18', 3, NULL, NULL, 1),
(1396, 'JPK.RS.M.59.B1.10', NULL, NULL, 736, 185, NULL, 5, NULL, 1, NULL, '2023-03-24 18:18:18', 3, NULL, NULL, 1),
(1397, 'JPK.RS.M.59.B1.11', NULL, NULL, 737, 185, NULL, 5, NULL, 1, NULL, '2023-03-24 18:18:18', 3, NULL, NULL, 1),
(1398, 'JPK.RS.M.59.B1.12', NULL, NULL, 738, 185, NULL, 5, NULL, 1, NULL, '2023-03-24 18:18:18', 3, NULL, NULL, 1),
(1399, 'JPK.RS.M.59.B1.13', NULL, NULL, 739, 185, NULL, 5, NULL, 1, NULL, '2023-03-24 18:18:18', 3, NULL, NULL, 1),
(1400, 'JPK.RS.M.59.B1.14', NULL, NULL, 740, 185, NULL, 5, NULL, 1, NULL, '2023-03-24 18:18:18', 3, NULL, NULL, 1),
(1401, 'JPK.RS.M.59.B1.15', NULL, NULL, 741, 185, NULL, 5, NULL, 1, NULL, '2023-03-24 18:18:18', 3, NULL, NULL, 1),
(1402, 'JPK.RS.M.59.B1.16', NULL, NULL, 742, 185, NULL, 5, NULL, 1, NULL, '2023-03-24 18:18:18', 3, NULL, NULL, 1),
(1403, 'JPK.RS.M.59.B1.17', NULL, NULL, 743, 185, NULL, 5, NULL, 1, NULL, '2023-03-24 18:18:18', 3, NULL, NULL, 1),
(1404, 'JPK.RS.M.59.B1.18', NULL, NULL, 744, 185, NULL, 5, NULL, 1, NULL, '2023-03-24 18:18:18', 3, NULL, NULL, 1),
(1405, 'JPK.RS.M.59.B1.19', NULL, NULL, 745, 185, NULL, 5, NULL, 1, NULL, '2023-03-24 18:18:18', 3, NULL, NULL, 1),
(1406, 'JPK.RS.M.59.B1.20', NULL, NULL, 747, 185, NULL, 5, NULL, 1, NULL, '2023-03-24 18:18:18', 3, NULL, NULL, 1),
(1407, 'JPK.0F.M.62.B1.01', NULL, NULL, 1304, 185, NULL, 5, NULL, 1, NULL, '2023-03-24 18:18:18', 3, NULL, NULL, 1),
(1408, 'JPK.0F.M.62.B1.02', NULL, NULL, 1305, 185, NULL, 5, NULL, 1, NULL, '2023-03-24 18:18:18', 3, NULL, NULL, 1),
(1409, 'JPK.0F.M.62.B1.03', NULL, NULL, 1306, 185, NULL, 5, NULL, 1, NULL, '2023-03-24 18:18:18', 3, NULL, NULL, 1),
(1410, 'Jpac.FP.M.C.63.01', NULL, NULL, 532, 190, NULL, 2, NULL, 1, NULL, '2023-03-24 18:18:18', 3, NULL, NULL, 1),
(1411, 'Jpac.OF.M.A.63.01', NULL, NULL, 1308, 192, NULL, 2, NULL, 1, NULL, '2023-03-24 18:18:18', 3, NULL, NULL, 1),
(1412, 'Jpac.OF.M.A.63.02', NULL, NULL, 1309, 192, NULL, 2, NULL, 1, NULL, '2023-03-24 18:18:18', 3, NULL, NULL, 1),
(1413, 'Jpac.OF.M.A.63.03', NULL, NULL, 1310, 192, NULL, 2, NULL, 1, NULL, '2023-03-24 18:18:18', 3, NULL, NULL, 1),
(1414, 'Jpac.OF.M.A.63.04', NULL, NULL, 1307, 192, NULL, 2, NULL, 1, NULL, '2023-03-24 18:18:18', 3, NULL, NULL, 1),
(1415, 'Jpac.OF.M.A.63.05', NULL, NULL, 1113, 192, NULL, 2, NULL, 1, NULL, '2023-03-24 18:18:18', 3, NULL, NULL, 1),
(1416, 'Jpac.MT.M.A.63.01', NULL, NULL, 1093, 192, NULL, 2, NULL, 1, NULL, '2023-03-24 18:18:18', 3, NULL, NULL, 1),
(1417, 'Jpac.MT.M.A.63.02', NULL, NULL, 1094, 192, NULL, 2, NULL, 1, NULL, '2023-03-24 18:18:18', 3, NULL, NULL, 1),
(1418, 'Jpac.MT.M.A.63.03', NULL, NULL, 1095, 192, NULL, 2, NULL, 1, NULL, '2023-03-24 18:18:18', 3, NULL, NULL, 1),
(1419, 'Jpac.IT.M.A.63.01', NULL, NULL, 1061, 192, NULL, 2, NULL, 1, NULL, '2023-03-24 18:18:18', 3, NULL, NULL, 1),
(1420, 'Jpac.SC.M.A.63.01', NULL, NULL, 960, 192, NULL, 2, NULL, 1, NULL, '2023-03-24 18:18:18', 3, NULL, NULL, 1),
(1421, 'Jpac.TL.M.A.63.01', NULL, NULL, 1076, 192, NULL, 2, NULL, 1, NULL, '2023-03-24 18:18:18', 3, NULL, NULL, 1),
(1422, 'Jpac.TL.M.A.63.02', NULL, NULL, 1082, 192, NULL, 2, NULL, 1, NULL, '2023-03-24 18:18:18', 3, NULL, NULL, 1),
(1423, 'Jpac.TL.M.A.63.03', NULL, NULL, 1077, 192, NULL, 2, NULL, 1, NULL, '2023-03-24 18:18:18', 3, NULL, NULL, 1),
(1424, 'Jpac.TL.M.A.63.04', NULL, NULL, 1083, 192, NULL, 2, NULL, 1, NULL, '2023-03-24 18:18:18', 3, NULL, NULL, 1),
(1425, 'Jpac.TL.M.A.63.05', NULL, NULL, 1078, 192, NULL, 2, NULL, 1, NULL, '2023-03-24 18:18:18', 3, NULL, NULL, 1),
(1426, 'Jpac.TL.M.A.63.06', NULL, NULL, 1084, 192, NULL, 2, NULL, 1, NULL, '2023-03-24 18:18:18', 3, NULL, NULL, 1),
(1427, 'Jpac.TL.M.A.63.07', NULL, NULL, 1075, 192, NULL, 2, NULL, 1, NULL, '2023-03-24 18:18:18', 3, NULL, NULL, 1),
(1428, 'Jpac.TL.M.A.63.08', NULL, NULL, 1081, 192, NULL, 2, NULL, 1, NULL, '2023-03-24 18:18:18', 3, NULL, NULL, 1),
(1429, 'Jpac.TL.M.C.63.01', NULL, NULL, 1074, 190, NULL, 2, NULL, 1, NULL, '2023-03-24 18:18:18', 3, NULL, NULL, 1),
(1430, 'Jpac.TL.M.C.63.02', NULL, NULL, 1080, 190, NULL, 2, NULL, 1, NULL, '2023-03-24 18:18:18', 3, NULL, NULL, 1),
(1431, 'Jpac.RM.M.C.63.01', NULL, NULL, 1464, 190, NULL, 2, NULL, 1, NULL, '2023-03-24 18:18:18', 3, NULL, NULL, 1),
(1432, 'Jpac.RM.M.C.63.02', NULL, NULL, 1461, 190, NULL, 2, NULL, 1, NULL, '2023-03-24 18:18:18', 3, NULL, NULL, 1),
(1433, 'Jpac.MT.M.C.63.03', NULL, NULL, 896, 190, NULL, 2, NULL, 1, NULL, '2023-03-24 18:18:18', 3, NULL, NULL, 1),
(1434, 'Jpac.RM.M.A.63.01', NULL, NULL, 928, 192, NULL, 2, NULL, 1, NULL, '2023-03-24 18:18:18', 3, NULL, NULL, 1),
(1435, 'Jpac.RM.M.A.63.02', NULL, NULL, 927, 192, NULL, 2, NULL, 1, NULL, '2023-03-24 18:18:18', 3, NULL, NULL, 1),
(1436, 'Jpac.RM.M.C.63.03', NULL, NULL, 925, 190, NULL, 2, NULL, 1, NULL, '2023-03-24 18:18:18', 3, NULL, NULL, 1),
(1437, 'Jpac.RM.M.C.63.04', NULL, NULL, 926, 190, NULL, 2, NULL, 1, NULL, '2023-03-24 18:18:18', 3, NULL, NULL, 1),
(1438, 'Jpac.EL.M.A.63.01', NULL, NULL, 1071, 190, NULL, 2, NULL, 1, NULL, '2023-03-24 18:18:18', 3, NULL, NULL, 1),
(1439, 'Jpac.EL.M.C.63.01', NULL, NULL, 1059, 190, NULL, 2, NULL, 1, NULL, '2023-03-24 18:18:18', 3, NULL, NULL, 1),
(1440, 'Jpac.CR.M.A.63.01', NULL, NULL, 1070, 192, NULL, 2, NULL, 1, NULL, '2023-03-24 18:18:18', 3, NULL, NULL, 1),
(1441, 'Jpac.RM.M.A.63.03', NULL, NULL, 1010, 192, NULL, 2, NULL, 1, NULL, '2023-03-24 18:18:18', 3, NULL, NULL, 1),
(1442, 'Jpac.RM.M.A.63.04', NULL, NULL, 1009, 192, NULL, 2, NULL, 1, NULL, '2023-03-24 18:18:18', 3, NULL, NULL, 1),
(1443, 'Jpac.RM.M.C.63.05', NULL, NULL, 1007, 190, NULL, 2, NULL, 1, NULL, '2023-03-24 18:18:18', 3, NULL, NULL, 1),
(1444, 'Jpac.RM.M.C.63.06', NULL, NULL, 1008, 190, NULL, 2, NULL, 1, NULL, '2023-03-24 18:18:18', 3, NULL, NULL, 1),
(1445, 'Jpac.DL.M.C.63.01', NULL, NULL, 882, 190, NULL, 2, NULL, 1, NULL, '2023-03-24 18:18:18', 3, NULL, NULL, 1),
(1446, 'Jpac.DL.M.C.63.02', NULL, NULL, 888, 190, NULL, 2, NULL, 1, NULL, '2023-03-24 18:18:18', 3, NULL, NULL, 1),
(1447, 'Jpac.DL.M.C.63.03', NULL, NULL, 889, 190, NULL, 2, NULL, 1, NULL, '2023-03-24 18:18:18', 3, NULL, NULL, 1),
(1448, 'Jpac.DL.M.C.63.04', NULL, NULL, 890, 190, NULL, 2, NULL, 1, NULL, '2023-03-24 18:18:18', 3, NULL, NULL, 1),
(1449, 'Jpac.DL.M.C.63.05', NULL, NULL, 891, 190, NULL, 2, NULL, 1, NULL, '2023-03-24 18:18:18', 3, NULL, NULL, 1),
(1450, 'Jpac.DL.M.A.63.01', NULL, NULL, 892, 192, NULL, 2, NULL, 1, NULL, '2023-03-24 18:18:18', 3, NULL, NULL, 1),
(1451, 'Jpac.DL.M.A.63.02', NULL, NULL, 893, 192, NULL, 2, NULL, 1, NULL, '2023-03-24 18:18:18', 3, NULL, NULL, 1),
(1452, 'Jpac.DL.M.A.63.03', NULL, NULL, 894, 192, NULL, 2, NULL, 1, NULL, '2023-03-24 18:18:18', 3, NULL, NULL, 1),
(1453, 'Jpac.DL.M.A.63.04', NULL, NULL, 895, 192, NULL, 2, NULL, 1, NULL, '2023-03-24 18:18:18', 3, NULL, NULL, 1),
(1454, 'Jpac.DL.M.A.63.05', NULL, NULL, 883, 192, NULL, 2, NULL, 1, NULL, '2023-03-24 18:18:18', 3, NULL, NULL, 1),
(1455, 'Jpac.DL.M.A.63.06', NULL, NULL, 884, 192, NULL, 2, NULL, 1, NULL, '2023-03-24 18:18:18', 3, NULL, NULL, 1),
(1456, 'Jpac.DL.M.A.63.07', NULL, NULL, 885, 192, NULL, 2, NULL, 1, NULL, '2023-03-24 18:18:18', 3, NULL, NULL, 1),
(1457, 'Jpac.DL.M.A.63.08', NULL, NULL, 886, 192, NULL, 2, NULL, 1, NULL, '2023-03-24 18:18:18', 3, NULL, NULL, 1),
(1458, 'Jpac.DL.M.A.63.09', NULL, NULL, 887, 192, NULL, 2, NULL, 1, NULL, '2023-03-24 18:18:18', 3, NULL, NULL, 1),
(1459, 'Jpac.DL.M.A.63.10', NULL, NULL, 257, 192, NULL, 2, NULL, 1, NULL, '2023-03-24 18:18:18', 3, NULL, NULL, 1),
(1460, 'Jpac.DL.M.A.63.11', NULL, NULL, 258, 192, NULL, 2, NULL, 1, NULL, '2023-03-24 18:18:18', 3, NULL, NULL, 1),
(1461, 'Jpac.AT.M.A.63.01', NULL, NULL, 135, 192, NULL, 2, NULL, 1, NULL, '2023-03-24 18:18:18', 3, NULL, NULL, 1),
(1462, 'Jpac.AT.M.A.63.02', NULL, NULL, 136, 192, NULL, 2, NULL, 1, NULL, '2023-03-24 18:18:18', 3, NULL, NULL, 1),
(1463, 'Jpac.AT.M.C.63.01', NULL, NULL, 132, 190, NULL, 2, NULL, 1, NULL, '2023-03-24 18:18:18', 3, NULL, NULL, 1),
(1464, 'Jpac.PK.M.A.63.01', NULL, NULL, 685, 192, NULL, 2, NULL, 1, NULL, '2023-03-24 18:18:18', 3, NULL, NULL, 1),
(1465, 'Jpac.RM.M.A.63.05', NULL, NULL, 1115, 192, NULL, 2, NULL, 1, NULL, '2023-03-24 18:18:18', 3, NULL, NULL, 1),
(1466, 'Jpac.CR.M.A.63.02', NULL, NULL, 194, 192, NULL, 2, NULL, 1, NULL, '2023-03-24 18:18:18', 3, NULL, NULL, 1),
(1467, 'Jpac.CR.M.A.63.03', NULL, NULL, 195, 192, NULL, 2, NULL, 1, NULL, '2023-03-24 18:18:18', 3, NULL, NULL, 1),
(1468, 'Jpac.CR.M.A.63.04', NULL, NULL, 196, 192, NULL, 2, NULL, 1, NULL, '2023-03-24 18:18:18', 3, NULL, NULL, 1),
(1469, 'Jpac.CR.M.A.63.05', NULL, NULL, 197, 192, NULL, 2, NULL, 1, NULL, '2023-03-24 18:18:18', 3, NULL, NULL, 1),
(1470, 'Jpac.CR.M.A.63.06', NULL, NULL, 198, 192, NULL, 2, NULL, 1, NULL, '2023-03-24 18:18:18', 3, NULL, NULL, 1),
(1471, 'Jpac.CR.M.A.63.07', NULL, NULL, 199, 192, NULL, 2, NULL, 1, NULL, '2023-03-24 18:18:18', 3, NULL, NULL, 1),
(1472, 'Jpac.CR.M.C.63.01', NULL, NULL, 200, 190, NULL, 2, NULL, 1, NULL, '2023-03-24 18:18:18', 3, NULL, NULL, 1),
(1473, 'Jpac.CR.M.C.63.02', NULL, NULL, 201, 190, NULL, 2, NULL, 1, NULL, '2023-03-24 18:18:18', 3, NULL, NULL, 1),
(1474, 'Jpac.CR.M.C.63.03', NULL, NULL, 202, 190, NULL, 2, NULL, 1, NULL, '2023-03-24 18:18:18', 3, NULL, NULL, 1),
(1475, 'Jpac.CR.M.C.63.04', NULL, NULL, 203, 190, NULL, 2, NULL, 1, NULL, '2023-03-24 18:18:18', 3, NULL, NULL, 1),
(1476, 'Jpac.CR.M.C.63.05', NULL, NULL, 204, 190, NULL, 2, NULL, 1, NULL, '2023-03-24 18:18:18', 3, NULL, NULL, 1),
(1477, 'Jpac.HP.M.A.63.01', NULL, NULL, 986, 192, NULL, 2, NULL, 1, NULL, '2023-03-24 18:18:18', 3, NULL, NULL, 1),
(1478, 'Jpac.HP.M.A.63.02', NULL, NULL, 991, 192, NULL, 2, NULL, 1, NULL, '2023-03-24 18:18:18', 3, NULL, NULL, 1),
(1479, 'Jpac.HP.M.A.63.03', NULL, NULL, 992, 192, NULL, 2, NULL, 1, NULL, '2023-03-24 18:18:18', 3, NULL, NULL, 1),
(1480, 'Jpac.HP.M.A.63.04', NULL, NULL, 993, 192, NULL, 2, NULL, 1, NULL, '2023-03-24 18:18:18', 3, NULL, NULL, 1),
(1481, 'Jpac.HP.M.A.63.05', NULL, NULL, 994, 192, NULL, 2, NULL, 1, NULL, '2023-03-24 18:18:18', 3, NULL, NULL, 1),
(1482, 'Jpac.HP.M.A.63.06', NULL, NULL, 995, 192, NULL, 2, NULL, 1, NULL, '2023-03-24 18:18:18', 3, NULL, NULL, 1),
(1483, 'Jpac.HP.M.A.63.07', NULL, NULL, 996, 192, NULL, 2, NULL, 1, NULL, '2023-03-24 18:18:18', 3, NULL, NULL, 1),
(1484, 'Jpac.HP.M.A.63.08', NULL, NULL, 997, 192, NULL, 2, NULL, 1, NULL, '2023-03-24 18:18:18', 3, NULL, NULL, 1),
(1485, 'Jpac.HP.M.A.63.09', NULL, NULL, 998, 192, NULL, 2, NULL, 1, NULL, '2023-03-24 18:18:18', 3, NULL, NULL, 1),
(1486, 'Jpac.HP.M.A.63.10', NULL, NULL, 987, 192, NULL, 2, NULL, 1, NULL, '2023-03-24 18:18:18', 3, NULL, NULL, 1),
(1487, 'Jpac.HP.M.A.63.11', NULL, NULL, 988, 192, NULL, 2, NULL, 1, NULL, '2023-03-24 18:18:18', 3, NULL, NULL, 1),
(1488, 'Jpac.HP.M.A.63.12', NULL, NULL, 989, 192, NULL, 2, NULL, 1, NULL, '2023-03-24 18:18:18', 3, NULL, NULL, 1),
(1489, 'Jpac.HP.M.A.63.13', NULL, NULL, 990, 192, NULL, 2, NULL, 1, NULL, '2023-03-24 18:18:18', 3, NULL, NULL, 1),
(1490, 'PCS.AA.63.00.01', NULL, NULL, 1097, 2, NULL, 1, NULL, 1, NULL, '2023-03-24 18:18:18', 3, NULL, NULL, 1),
(1491, 'PCS.AA.63.00.02', NULL, NULL, 1262, 2, NULL, 1, NULL, 1, NULL, '2023-03-24 18:18:18', 3, NULL, NULL, 1),
(1492, 'PCS.AA.63.00.03', NULL, NULL, 1223, 183, NULL, 1, NULL, 1, NULL, '2023-03-24 18:18:18', 3, NULL, NULL, 1),
(1493, 'PCS.AA.63.00.04', NULL, NULL, 112, 183, NULL, 1, NULL, 1, NULL, '2023-03-24 18:18:18', 3, NULL, NULL, 1),
(1494, 'PCS.AA.63.00.05', NULL, NULL, 662, 183, NULL, 1, NULL, 1, NULL, '2023-03-24 18:18:18', 3, NULL, NULL, 1),
(1495, 'PCS.AA.63.00.06', NULL, NULL, 1052, 183, NULL, 1, NULL, 1, NULL, '2023-03-24 18:18:18', 3, NULL, NULL, 1),
(1496, 'PCS.AA.63.00.07', NULL, NULL, 769, 183, NULL, 1, NULL, 1, NULL, '2023-03-24 18:18:18', 3, NULL, NULL, 1),
(1497, 'PCS.AA.63.00.08', NULL, NULL, 1098, 11, NULL, 1, NULL, 1, NULL, '2023-03-24 18:18:18', 3, NULL, NULL, 1),
(1498, 'PCS.AA.63.00.09', NULL, NULL, 1100, 11, NULL, 1, NULL, 1, NULL, '2023-03-24 18:18:18', 3, NULL, NULL, 1),
(1499, 'PCS.AA.63.00.10', NULL, NULL, 1102, 9, NULL, 1, NULL, 1, NULL, '2023-03-24 18:18:18', 3, NULL, NULL, 1),
(1500, 'Jpac.FR.M.A.63.01', NULL, NULL, 1098, 192, NULL, 2, NULL, 1, NULL, '2023-03-24 18:18:18', 3, NULL, NULL, 1),
(1501, 'Jpac.FR.M.A.63.02', NULL, NULL, 1100, 192, NULL, 2, NULL, 1, NULL, '2023-03-24 18:18:18', 3, NULL, NULL, 1),
(1502, 'Jpac.FR.M.A.63.03', NULL, NULL, 1102, 192, NULL, 2, NULL, 1, NULL, '2023-03-24 18:18:18', 3, NULL, NULL, 1),
(1503, 'Jpac.FR.M.A.63.04', NULL, NULL, 1104, 192, NULL, 2, NULL, 1, NULL, '2023-03-24 18:18:18', 3, NULL, NULL, 1),
(1504, 'Jpac.FR.M.A.63.05', NULL, NULL, 1106, 192, NULL, 2, NULL, 1, NULL, '2023-03-24 18:18:18', 3, NULL, NULL, 1),
(1505, 'Jpac.FR.M.A.63.06', NULL, NULL, 1108, 192, NULL, 2, NULL, 1, NULL, '2023-03-24 18:18:18', 3, NULL, NULL, 1),
(1506, 'Jpac.DL.M.A.63.12', NULL, NULL, 259, 192, NULL, 2, NULL, 1, NULL, '2023-03-24 18:18:18', 3, NULL, NULL, 1),
(1507, 'Jpac.DL.M.A.63.13', NULL, NULL, 256, 192, NULL, 2, NULL, 1, NULL, '2023-03-24 18:18:18', 3, NULL, NULL, 1),
(1508, 'Jpac.DL.M.A.63.14', NULL, NULL, 260, 192, NULL, 2, NULL, 1, NULL, '2023-03-24 18:18:18', 3, NULL, NULL, 1),
(1509, 'Jpac.DL.M.A.63.15', NULL, NULL, 261, 192, NULL, 2, NULL, 1, NULL, '2023-03-24 18:18:18', 3, NULL, NULL, 1),
(1510, 'Jpac.DL.M.C.63.16', NULL, NULL, 254, 190, NULL, 2, NULL, 1, NULL, '2023-03-24 18:18:18', 3, NULL, NULL, 1),
(1511, 'Jpac.DL.M.C.63.17', NULL, NULL, 255, 190, NULL, 2, NULL, 1, NULL, '2023-03-24 18:18:18', 3, NULL, NULL, 1),
(1512, 'Jpac.OF.M.C.63.01', NULL, NULL, 1032, 190, NULL, 2, NULL, 1, NULL, '2023-03-24 18:18:18', 3, NULL, NULL, 1),
(1513, 'PCS.AA.63.00.11', NULL, NULL, 1104, 11, NULL, 1, NULL, 1, NULL, '2023-03-24 18:18:18', 3, NULL, NULL, 1),
(1514, 'PCS.AA.63.00.12', NULL, NULL, 1106, 11, NULL, 1, NULL, 1, NULL, '2023-03-24 18:18:18', 3, NULL, NULL, 1),
(1515, 'PCS.AA.63.00.13', NULL, NULL, 1108, 11, NULL, 1, NULL, 1, NULL, '2023-03-24 18:18:18', 3, NULL, NULL, 1),
(1516, 'PCS.AA.63.00.14', NULL, NULL, 1110, 8, NULL, 1, NULL, 1, NULL, '2023-03-24 18:18:18', 3, NULL, NULL, 1),
(1517, 'PCS.AA.63.00.15', NULL, NULL, 1111, 8, NULL, 1, NULL, 1, NULL, '2023-03-24 18:18:18', 3, NULL, NULL, 1),
(1518, 'PCS.AA.63.00.16', NULL, NULL, 1224, 11, NULL, 1, NULL, 1, NULL, '2023-03-24 18:18:18', 3, NULL, NULL, 1),
(1519, 'PCS.AA.63.00.17', NULL, NULL, 1235, 11, NULL, 1, NULL, 1, NULL, '2023-03-24 18:18:18', 3, NULL, NULL, 1),
(1520, 'PCS.AA.63.00.18', NULL, NULL, 1242, 11, NULL, 1, NULL, 1, NULL, '2023-03-24 18:18:18', 3, NULL, NULL, 1),
(1521, 'PCS.AA.63.00.19', NULL, NULL, 1244, 11, NULL, 1, NULL, 1, NULL, '2023-03-24 18:18:18', 3, NULL, NULL, 1),
(1522, 'PCS.AA.63.00.20', NULL, NULL, 1245, 11, NULL, 1, NULL, 1, NULL, '2023-03-24 18:18:18', 3, NULL, NULL, 1),
(1523, 'PCS.AA.63.00.21', NULL, NULL, 1246, 10, NULL, 1, NULL, 1, NULL, '2023-03-24 18:18:18', 3, NULL, NULL, 1),
(1524, 'PCS.AA.63.00.22', NULL, NULL, 1247, 10, NULL, 1, NULL, 1, NULL, '2023-03-24 18:18:18', 3, NULL, NULL, 1),
(1525, 'PCS.AA.63.00.23', NULL, NULL, 1248, 10, NULL, 1, NULL, 1, NULL, '2023-03-24 18:18:18', 3, NULL, NULL, 1),
(1526, 'PCS.AA.63.00.24', NULL, NULL, 1249, 10, NULL, 1, NULL, 1, NULL, '2023-03-24 18:18:18', 3, NULL, NULL, 1),
(1527, 'PCS.AA.63.00.25', NULL, NULL, 1225, 9, NULL, 1, NULL, 1, NULL, '2023-03-24 18:18:18', 3, NULL, NULL, 1),
(1528, 'PCS.AA.63.00.26', NULL, NULL, 1226, 9, NULL, 1, NULL, 1, NULL, '2023-03-24 18:18:18', 3, NULL, NULL, 1),
(1529, 'PCS.AA.63.00.27', NULL, NULL, 1227, 9, NULL, 1, NULL, 1, NULL, '2023-03-24 18:18:18', 3, NULL, NULL, 1),
(1530, 'PCS.AA.63.00.28', NULL, NULL, 1228, 9, NULL, 1, NULL, 1, NULL, '2023-03-24 18:18:18', 3, NULL, NULL, 1),
(1531, 'PCS.AA.63.00.29', NULL, NULL, 1229, 8, NULL, 1, NULL, 1, NULL, '2023-03-24 18:18:18', 3, NULL, NULL, 1),
(1532, 'PCS.AA.63.00.30', NULL, NULL, 1230, 8, NULL, 1, NULL, 1, NULL, '2023-03-24 18:18:18', 3, NULL, NULL, 1),
(1533, 'PCS.AA.63.00.31', NULL, NULL, 1231, 8, NULL, 1, NULL, 1, NULL, '2023-03-24 18:18:18', 3, NULL, NULL, 1),
(1534, 'PCS.AA.63.00.32', NULL, NULL, 1232, 8, NULL, 1, NULL, 1, NULL, '2023-03-24 18:18:18', 3, NULL, NULL, 1),
(1535, 'PCS.AA.63.00.33', NULL, NULL, 1233, 8, NULL, 1, NULL, 1, NULL, '2023-03-24 18:18:18', 3, NULL, NULL, 1),
(1536, 'PCS.AA.63.00.34', NULL, NULL, 1234, 8, NULL, 1, NULL, 1, NULL, '2023-03-24 18:18:18', 3, NULL, NULL, 1),
(1537, 'PCS.AA.63.00.35', NULL, NULL, 1236, 8, NULL, 1, NULL, 1, NULL, '2023-03-24 18:18:18', 3, NULL, NULL, 1),
(1538, 'PCS.AA.63.00.36', NULL, NULL, 1237, 8, NULL, 1, NULL, 1, NULL, '2023-03-24 18:18:18', 3, NULL, NULL, 1),
(1539, 'PCS.AA.63.00.37', NULL, NULL, 1238, 8, NULL, 1, NULL, 1, NULL, '2023-03-24 18:18:18', 3, NULL, NULL, 1),
(1540, 'PCS.AA.63.00.38', NULL, NULL, 1239, 7, NULL, 1, NULL, 1, NULL, '2023-03-24 18:18:18', 3, NULL, NULL, 1),
(1541, 'PCS.AA.63.00.39', NULL, NULL, 1240, 7, NULL, 1, NULL, 1, NULL, '2023-03-24 18:18:18', 3, NULL, NULL, 1),
(1542, 'PCS.AA.63.00.40', NULL, NULL, 1241, 7, NULL, 1, NULL, 1, NULL, '2023-03-24 18:18:18', 3, NULL, NULL, 1),
(1543, 'PCS.AA.63.00.41', NULL, NULL, 1255, 6, NULL, 1, NULL, 1, NULL, '2023-03-24 18:18:18', 3, NULL, NULL, 1),
(1544, 'PCS.AA.63.00.42', NULL, NULL, 1256, 6, NULL, 1, NULL, 1, NULL, '2023-03-24 18:18:18', 3, NULL, NULL, 1),
(1545, 'PCS.AA.63.00.43', NULL, NULL, 1257, 6, NULL, 1, NULL, 1, NULL, '2023-03-24 18:18:18', 3, NULL, NULL, 1),
(1546, 'PCS.AA.63.00.44', NULL, NULL, 1258, 6, NULL, 1, NULL, 1, NULL, '2023-03-24 18:18:18', 3, NULL, NULL, 1),
(1547, 'PCS.AA.63.00.45', NULL, NULL, 1259, 6, NULL, 1, NULL, 1, NULL, '2023-03-24 18:18:18', 3, NULL, NULL, 1),
(1548, 'PCS.AA.63.00.46', NULL, NULL, 1260, 6, NULL, 1, NULL, 1, NULL, '2023-03-24 18:18:18', 3, NULL, NULL, 1),
(1549, 'PCS.AA.63.00.47', NULL, NULL, 1250, 4, NULL, 1, NULL, 1, NULL, '2023-03-24 18:18:18', 3, NULL, NULL, 1),
(1550, 'PCS.AA.63.00.48', NULL, NULL, 1251, 4, NULL, 1, NULL, 1, NULL, '2023-03-24 18:18:18', 3, NULL, NULL, 1),
(1551, 'PCS.AA.63.00.49', NULL, NULL, 1254, 4, NULL, 1, NULL, 1, NULL, '2023-03-24 18:18:18', 3, NULL, NULL, 1),
(1552, 'PCS.AA.63.00.50', NULL, NULL, 651, 4, NULL, 1, NULL, 1, NULL, '2023-03-24 18:18:18', 3, NULL, NULL, 1),
(1553, 'PCS.AA.63.00.51', NULL, NULL, 107, 4, NULL, 1, NULL, 1, NULL, '2023-03-24 18:18:18', 3, NULL, NULL, 1),
(1554, 'PCS.AA.63.00.52', NULL, NULL, 1243, 6, NULL, 1, NULL, 1, NULL, '2023-03-24 18:18:18', 3, NULL, NULL, 1),
(1555, 'PCS.AA.63.00.53', NULL, NULL, 1252, 9, NULL, 1, NULL, 1, NULL, '2023-03-24 18:18:18', 3, NULL, NULL, 1),
(1556, 'PCS.AA.63.00.54', NULL, NULL, 1253, 8, NULL, 1, NULL, 1, NULL, '2023-03-24 18:18:18', 3, NULL, NULL, 1),
(1557, 'PCS.AA.63.00.55', NULL, NULL, 861, 6, NULL, 1, NULL, 1, NULL, '2023-03-24 18:18:18', 3, NULL, NULL, 1),
(1558, 'PCS.AA.63.00.56', NULL, NULL, 1114, 132, NULL, 1, NULL, 1, NULL, '2023-03-24 18:18:18', 3, NULL, NULL, 1),
(1559, 'PCS.AA.63.00.57', NULL, NULL, 1006, 132, NULL, 1, NULL, 1, NULL, '2023-03-24 18:18:18', 3, NULL, NULL, 1),
(1560, 'PCS.AA.63.00.58', NULL, NULL, 1118, 132, NULL, 1, NULL, 1, NULL, '2023-03-24 18:18:18', 3, NULL, NULL, 1),
(1561, 'PCS.AA.63.00.59', NULL, NULL, 1096, 132, NULL, 1, NULL, 1, NULL, '2023-03-24 18:18:18', 3, NULL, NULL, 1),
(1562, 'PCS.AA.63.00.60', NULL, NULL, 881, 132, NULL, 1, NULL, 1, NULL, '2023-03-24 18:18:18', 3, NULL, NULL, 1),
(1563, 'PCS.AA.63.00.61', NULL, NULL, 1003, 132, NULL, 1, NULL, 1, NULL, '2023-03-24 18:18:18', 3, NULL, NULL, 1),
(1564, 'PCS.AA.63.00.62', NULL, NULL, 880, 132, NULL, 1, NULL, 1, NULL, '2023-03-24 18:18:18', 3, NULL, NULL, 1),
(1565, 'PCS.AA.63.00.63', NULL, NULL, 924, 132, NULL, 1, NULL, 1, NULL, '2023-03-24 18:18:18', 3, NULL, NULL, 1),
(1566, 'PCS.AA.63.00.64', NULL, NULL, 971, 13, NULL, 1, NULL, 1, NULL, '2023-03-24 18:18:18', 3, NULL, NULL, 1),
(1567, 'PCS.AA.63.00.65', NULL, NULL, 942, 13, NULL, 1, NULL, 1, NULL, '2023-03-24 18:18:18', 3, NULL, NULL, 1),
(1568, 'PCS.AA.63.00.66', NULL, NULL, 974, 13, NULL, 1, NULL, 1, NULL, '2023-03-24 18:18:18', 3, NULL, NULL, 1),
(1569, 'PCS.AA.63.00.67', NULL, NULL, 1302, 12, NULL, 1, NULL, 1, NULL, '2023-03-24 18:18:18', 3, NULL, NULL, 1),
(1570, 'PCS.AA.63.00.68', NULL, NULL, 1464, 1, NULL, 1, NULL, 1, NULL, '2023-03-24 18:18:18', 3, NULL, NULL, 1),
(1571, 'PCS.AA.63.00.69', NULL, NULL, 1002, 13, NULL, 1, NULL, 1, NULL, '2023-03-24 18:18:18', 3, NULL, NULL, 1),
(1572, 'PCS.AA.63.00.70', NULL, NULL, 1303, 12, NULL, 1, NULL, 1, NULL, '2023-03-24 18:18:18', 3, NULL, NULL, 1),
(1573, 'PCS.AA.63.00.71', NULL, NULL, 1112, 13, NULL, 1, NULL, 1, NULL, '2023-03-24 18:18:18', 3, NULL, NULL, 1),
(1574, 'PCS.AA.63.00.72', NULL, NULL, 857, 13, NULL, 1, NULL, 1, NULL, '2023-03-24 18:18:18', 3, NULL, NULL, 1),
(1575, 'PCS.AA.63.00.73', NULL, NULL, 968, 13, NULL, 1, NULL, 1, NULL, '2023-03-24 18:18:18', 3, NULL, NULL, 1),
(1576, 'PCS.AA.63.00.74', NULL, NULL, 971, 13, NULL, 1, NULL, 1, NULL, '2023-03-24 18:18:18', 3, NULL, NULL, 1),
(1577, 'PCS.AA.63.00.75', NULL, NULL, 943, 13, NULL, 1, NULL, 1, NULL, '2023-03-24 18:18:18', 3, NULL, NULL, 1),
(1578, 'PCS.AA.63.00.76', NULL, NULL, 944, 13, NULL, 1, NULL, 1, NULL, '2023-03-24 18:18:18', 3, NULL, NULL, 1),
(1579, 'PCS.AA.63.00.77', NULL, NULL, 945, 13, NULL, 1, NULL, 1, NULL, '2023-03-24 18:18:18', 3, NULL, NULL, 1),
(1580, 'PCS.AA.63.00.78', NULL, NULL, 859, 13, NULL, 1, NULL, 1, NULL, '2023-03-24 18:18:18', 3, NULL, NULL, 1),
(1581, 'PCS.AA.63.00.79', NULL, NULL, 1014, 13, NULL, 1, NULL, 1, NULL, '2023-03-24 18:18:18', 3, NULL, NULL, 1),
(1582, 'PCS.AA.63.00.80', NULL, NULL, 1380, 13, NULL, 1, NULL, 1, NULL, '2023-03-24 18:18:18', 3, NULL, NULL, 1),
(1583, 'PCS.AA.63.00.81', NULL, NULL, 1036, 13, NULL, 1, NULL, 1, NULL, '2023-03-24 18:18:18', 3, NULL, NULL, 1),
(1584, 'PCS.AA.63.00.82', NULL, NULL, 999, 13, NULL, 1, NULL, 1, NULL, '2023-03-24 18:18:18', 3, NULL, NULL, 1),
(1585, 'PCS.AA.63.00.83', NULL, NULL, 902, 13, NULL, 1, NULL, 1, NULL, '2023-03-24 18:18:18', 3, NULL, NULL, 1),
(1586, 'PCS.AA.63.00.84', NULL, NULL, 1463, 13, NULL, 1, NULL, 1, NULL, '2023-03-24 18:18:18', 3, NULL, NULL, 1),
(1587, 'PCS.AA.63.00.85', NULL, NULL, 858, 13, NULL, 1, NULL, 1, NULL, '2023-03-24 18:18:18', 3, NULL, NULL, 1),
(1588, 'PCS.AA.63.00.86', NULL, NULL, 1073, 13, NULL, 1, NULL, 1, NULL, '2023-03-24 18:18:18', 3, NULL, NULL, 1),
(1589, 'PCS.AA.63.00.87', NULL, NULL, 1079, 13, NULL, 1, NULL, 1, NULL, '2023-03-24 18:18:18', 3, NULL, NULL, 1),
(1590, 'PCS.AA.63.00.88', NULL, NULL, 1001, 13, NULL, 1, NULL, 1, NULL, '2023-03-24 18:18:18', 3, NULL, NULL, 1),
(1591, 'PCS.AA.63.00.89', NULL, NULL, 976, 13, NULL, 1, NULL, 1, NULL, '2023-03-24 18:18:18', 3, NULL, NULL, 1),
(1592, 'PCS.AA.63.00.90', NULL, NULL, 1350, 12, NULL, 1, NULL, 1, NULL, '2023-03-24 18:18:18', 3, NULL, NULL, 1),
(1593, 'PCS.AA.63.00.91', NULL, NULL, 1346, 12, NULL, 1, NULL, 1, NULL, '2023-03-24 18:18:18', 3, NULL, NULL, 1),
(1594, 'PCS.AA.63.00.92', NULL, NULL, 1361, 12, NULL, 1, NULL, 1, NULL, '2023-03-24 18:18:18', 3, NULL, NULL, 1),
(1595, 'PCS.AA.63.00.93', NULL, NULL, 1339, 13, NULL, 1, NULL, 1, NULL, '2023-03-24 18:18:18', 3, NULL, NULL, 1),
(1596, 'PCS.AA.63.00.94', NULL, NULL, 1342, 13, NULL, 1, NULL, 1, NULL, '2023-03-24 18:18:18', 3, NULL, NULL, 1),
(1597, 'PCS.AA.63.00.95', NULL, NULL, 1382, 13, NULL, 1, NULL, 1, NULL, '2023-03-24 18:18:18', 3, NULL, NULL, 1),
(1598, 'PCS.AA.63.00.96', NULL, NULL, 972, 13, NULL, 1, NULL, 1, NULL, '2023-03-24 18:18:18', 3, NULL, NULL, 1),
(1599, 'PCS.AA.63.00.97', NULL, NULL, 959, 13, NULL, 1, NULL, 1, NULL, '2023-03-24 18:18:18', 3, NULL, NULL, 1),
(1600, 'PCS.AA.63.00.98', NULL, NULL, 957, 13, NULL, 1, NULL, 1, NULL, '2023-03-24 18:18:18', 3, NULL, NULL, 1),
(1601, 'PCS.AA.63.00.99', NULL, NULL, 1031, 13, NULL, 1, NULL, 1, NULL, '2023-03-24 18:18:18', 3, NULL, NULL, 1),
(1602, 'PCS.AA.63.00.100', NULL, NULL, 1377, 13, NULL, 1, NULL, 1, NULL, '2023-03-24 18:18:18', 3, NULL, NULL, 1),
(1603, 'PCS.AA.63.00.101', NULL, NULL, 956, 13, NULL, 1, NULL, 1, NULL, '2023-03-24 18:18:18', 3, NULL, NULL, 1),
(1604, 'PCS.AA.63.00.102', NULL, NULL, 1381, 13, NULL, 1, NULL, 1, NULL, '2023-03-24 18:18:18', 3, NULL, NULL, 1),
(1605, 'PCS.AA.63.00.103', NULL, NULL, 958, 13, NULL, 1, NULL, 1, NULL, '2023-03-24 18:18:18', 3, NULL, NULL, 1),
(1606, 'PCS.AA.63.00.104', NULL, NULL, 916, 13, NULL, 1, NULL, 1, NULL, '2023-03-24 18:18:18', 3, NULL, NULL, 1),
(1607, 'PCS.AA.63.00.105', NULL, NULL, 1022, 13, NULL, 1, NULL, 1, NULL, '2023-03-24 18:18:18', 3, NULL, NULL, 1),
(1608, 'PCS.AA.63.00.106', NULL, NULL, 1034, 13, NULL, 1, NULL, 1, NULL, '2023-03-24 18:18:18', 3, NULL, NULL, 1),
(1609, 'PCS.AA.63.00.107', NULL, NULL, 1035, 13, NULL, 1, NULL, 1, NULL, '2023-03-24 18:18:18', 3, NULL, NULL, 1),
(1610, 'PCS.AA.63.00.108', NULL, NULL, 1016, 13, NULL, 1, NULL, 1, NULL, '2023-03-24 18:18:18', 3, NULL, NULL, 1),
(1611, 'PCS.AA.63.00.109', NULL, NULL, 1033, 13, NULL, 1, NULL, 1, NULL, '2023-03-24 18:18:18', 3, NULL, NULL, 1),
(1612, 'PCS.AA.63.00.110', NULL, NULL, 932, 13, NULL, 1, NULL, 1, NULL, '2023-03-24 18:18:18', 3, NULL, NULL, 1),
(1613, 'PCS.AA.63.00.111', NULL, NULL, 854, 13, NULL, 1, NULL, 1, NULL, '2023-03-24 18:18:18', 3, NULL, NULL, 1),
(1614, 'PCS.AA.63.00.112', NULL, NULL, 1458, 13, NULL, 1, NULL, 1, NULL, '2023-03-24 18:18:18', 3, NULL, NULL, 1),
(1615, 'PCS.AA.63.00.113', NULL, NULL, 1331, 13, NULL, 1, NULL, 1, NULL, '2023-03-24 18:18:18', 3, NULL, NULL, 1),
(1616, 'PCS.AA.63.00.114', NULL, NULL, 1457, 13, NULL, 1, NULL, 1, NULL, '2023-03-24 18:18:18', 3, NULL, NULL, 1),
(1617, 'PCS.AA.63.00.115', NULL, NULL, 910, 13, NULL, 1, NULL, 1, NULL, '2023-03-24 18:18:18', 3, NULL, NULL, 1),
(1618, 'PCS.AA.63.00.116', NULL, NULL, 1329, 13, NULL, 1, NULL, 1, NULL, '2023-03-24 18:18:18', 3, NULL, NULL, 1),
(1619, 'PCS.AA.63.00.117', NULL, NULL, 911, 13, NULL, 1, NULL, 1, NULL, '2023-03-24 18:18:18', 3, NULL, NULL, 1),
(1620, 'PCS.AA.63.00.118', NULL, NULL, 898, 13, NULL, 1, NULL, 1, NULL, '2023-03-24 18:18:18', 3, NULL, NULL, 1),
(1621, 'PCS.AA.63.00.119', NULL, NULL, 975, 13, NULL, 1, NULL, 1, NULL, '2023-03-24 18:18:18', 3, NULL, NULL, 1),
(1622, 'PCS.AA.63.00.120', NULL, NULL, 1337, 13, NULL, 1, NULL, 1, NULL, '2023-03-24 18:18:18', 3, NULL, NULL, 1),
(1623, 'PCS.AA.63.00.121', NULL, NULL, 981, 13, NULL, 1, NULL, 1, NULL, '2023-03-24 18:18:18', 3, NULL, NULL, 1),
(1624, 'PCS.AA.63.00.122', NULL, NULL, 984, 13, NULL, 1, NULL, 1, NULL, '2023-03-24 18:18:18', 3, NULL, NULL, 1),
(1625, 'PCS.AA.63.00.123', NULL, NULL, 982, 13, NULL, 1, NULL, 1, NULL, '2023-03-24 18:18:18', 3, NULL, NULL, 1),
(1626, 'PCS.AA.63.00.124', NULL, NULL, 980, 13, NULL, 1, NULL, 1, NULL, '2023-03-24 18:18:18', 3, NULL, NULL, 1),
(1627, 'PCS.AA.63.00.125', NULL, NULL, 979, 14, NULL, 1, NULL, 1, NULL, '2023-03-24 18:18:18', 3, NULL, NULL, 1),
(1628, 'PCS.AA.63.00.126', NULL, NULL, 978, 14, NULL, 1, NULL, 1, NULL, '2023-03-24 18:18:18', 3, NULL, NULL, 1),
(1629, 'PCS.AA.63.00.127', NULL, NULL, 977, 14, NULL, 1, NULL, 1, NULL, '2023-03-24 18:18:18', 3, NULL, NULL, 1),
(1630, 'PCS.AA.63.00.128', NULL, NULL, 983, 13, NULL, 1, NULL, 1, NULL, '2023-03-24 18:18:18', 3, NULL, NULL, 1),
(1631, 'PCS.AA.63.00.129', NULL, NULL, 856, 13, NULL, 1, NULL, 1, NULL, '2023-03-24 18:18:18', 3, NULL, NULL, 1),
(1632, 'PCS.AA.63.00.130', NULL, NULL, 935, 13, NULL, 1, NULL, 1, NULL, '2023-03-24 18:18:18', 3, NULL, NULL, 1),
(1633, 'PCS.AA.63.00.131', NULL, NULL, 1013, 13, NULL, 1, NULL, 1, NULL, '2023-03-24 18:18:18', 3, NULL, NULL, 1),
(1634, 'Jpac.DB.M.A.63.01', NULL, NULL, 660, 192, NULL, 2, NULL, 1, NULL, '2023-03-24 18:18:18', 3, NULL, NULL, 1),
(1635, 'Jpac.DB.M.C.60.01', NULL, NULL, 661, 190, NULL, 2, NULL, 1, NULL, '2023-03-24 18:18:18', 3, NULL, NULL, 1),
(1636, 'Jpac.SB.M.A.60.01', NULL, NULL, 766, 192, NULL, 2, NULL, 1, NULL, '2023-03-24 18:18:18', 3, NULL, NULL, 1),
(1637, 'Jpac.IV.M.A.60.01', NULL, NULL, 581, 192, NULL, 2, NULL, 1, NULL, '2023-03-24 18:18:18', 3, NULL, NULL, 1),
(1638, 'Jpac.IV.M.A.60.02', NULL, NULL, 587, 192, NULL, 2, NULL, 1, NULL, '2023-03-24 18:18:18', 3, NULL, NULL, 1),
(1639, 'Jpac.IV.M.A.60.03', NULL, NULL, 588, 192, NULL, 2, NULL, 1, NULL, '2023-03-24 18:18:18', 3, NULL, NULL, 1),
(1640, 'Jpac.IV.M.A.60.04', NULL, NULL, 589, 192, NULL, 2, NULL, 1, NULL, '2023-03-24 18:18:18', 3, NULL, NULL, 1),
(1641, 'Jpac.IV.M.A.60.05', NULL, NULL, 590, 192, NULL, 2, NULL, 1, NULL, '2023-03-24 18:18:18', 3, NULL, NULL, 1),
(1642, 'Jpac.IV.M.A.60.06', NULL, NULL, 591, 192, NULL, 2, NULL, 1, NULL, '2023-03-24 18:18:18', 3, NULL, NULL, 1),
(1643, 'Jpac.IV.M.A.60.07', NULL, NULL, 592, 192, NULL, 2, NULL, 1, NULL, '2023-03-24 18:18:18', 3, NULL, NULL, 1),
(1644, 'Jpac.IV.M.A.60.08', NULL, NULL, 593, 192, NULL, 2, NULL, 1, NULL, '2023-03-24 18:18:18', 3, NULL, NULL, 1),
(1645, 'Jpac.IV.M.A.60.09', NULL, NULL, 594, 192, NULL, 2, NULL, 1, NULL, '2023-03-24 18:18:18', 3, NULL, NULL, 1),
(1646, 'Jpac.IV.M.A.60.10', NULL, NULL, 582, 192, NULL, 2, NULL, 1, NULL, '2023-03-24 18:18:18', 3, NULL, NULL, 1),
(1647, 'Jpac.IV.M.A.60.11', NULL, NULL, 583, 192, NULL, 2, NULL, 1, NULL, '2023-03-24 18:18:18', 3, NULL, NULL, 1),
(1648, 'Jpac.IV.M.A.62.01', NULL, NULL, 584, 192, NULL, 2, NULL, 1, NULL, '2023-03-24 18:18:18', 3, NULL, NULL, 1),
(1649, 'Jpac.IV.M.A.62.02', NULL, NULL, 585, 192, NULL, 2, NULL, 1, NULL, '2023-03-24 18:18:18', 3, NULL, NULL, 1),
(1650, 'Jpac.IV.M.A.62.03', NULL, NULL, 586, 192, NULL, 2, NULL, 1, NULL, '2023-03-24 18:18:18', 3, NULL, NULL, 1),
(1651, 'Jpac.LP.M.A.56.01', NULL, NULL, 616, 192, NULL, 2, NULL, 1, NULL, '2023-03-24 18:18:18', 3, NULL, NULL, 1),
(1652, 'Jpac.LP.M.A.56.02', NULL, NULL, 618, 192, NULL, 2, NULL, 1, NULL, '2023-03-24 18:18:18', 3, NULL, NULL, 1),
(1653, 'Jpac.LP.M.A.56.03', NULL, NULL, 620, 192, NULL, 2, NULL, 1, NULL, '2023-03-24 18:18:18', 3, NULL, NULL, 1),
(1654, 'Jpac.LP.M.A.56.04', NULL, NULL, 622, 192, NULL, 2, NULL, 1, NULL, '2023-03-24 18:18:18', 3, NULL, NULL, 1),
(1655, 'Jpac.LP.M.C.60.01', NULL, NULL, 617, 190, NULL, 2, NULL, 1, NULL, '2023-03-24 18:18:18', 3, NULL, NULL, 1),
(1656, 'Jpac.LP.M.C.60.02', NULL, NULL, 619, 190, NULL, 2, NULL, 1, NULL, '2023-03-24 18:18:18', 3, NULL, NULL, 1),
(1657, 'Jpac.LP.M.C.60.03', NULL, NULL, 621, 190, NULL, 2, NULL, 1, NULL, '2023-03-24 18:18:18', 3, NULL, NULL, 1),
(1658, 'Jpac.DB.M.C.60.02', NULL, NULL, 765, 190, NULL, 2, NULL, 1, NULL, '2023-03-24 18:18:18', 3, NULL, NULL, 1),
(1659, 'Jpac.AC.M.A.63.01', NULL, NULL, 1429, 192, NULL, 2, NULL, 1, NULL, '2023-03-24 18:18:18', 3, NULL, NULL, 1),
(1660, 'Jpac.AC.M.A.63.02', NULL, NULL, 1430, 192, NULL, 2, NULL, 1, NULL, '2023-03-24 18:18:18', 3, NULL, NULL, 1),
(1661, 'Jpac.AC.M.A.63.03', NULL, NULL, 1431, 192, NULL, 2, NULL, 1, NULL, '2023-03-24 18:18:18', 3, NULL, NULL, 1),
(1662, 'Jpac.AC.M.A.63.04', NULL, NULL, 1426, 192, NULL, 2, NULL, 1, NULL, '2023-03-24 18:18:18', 3, NULL, NULL, 1),
(1663, 'Jpac.AC.M.A.63.05', NULL, NULL, 1427, 192, NULL, 2, NULL, 1, NULL, '2023-03-24 18:18:18', 3, NULL, NULL, 1),
(1664, 'Jpac.AC.M.A.63.06', NULL, NULL, 1448, 192, NULL, 2, NULL, 1, NULL, '2023-03-24 18:18:18', 3, NULL, NULL, 1),
(1665, 'Jpac.AC.M.A.63.07', NULL, NULL, 1449, 192, NULL, 2, NULL, 1, NULL, '2023-03-24 18:18:18', 3, NULL, NULL, 1),
(1666, 'Jpac.AC.M.A.63.08', NULL, NULL, 1450, 192, NULL, 2, NULL, 1, NULL, '2023-03-24 18:18:18', 3, NULL, NULL, 1),
(1667, 'Jpac.AC.M.A.63.09', NULL, NULL, 1438, 192, NULL, 2, NULL, 1, NULL, '2023-03-24 18:18:18', 3, NULL, NULL, 1),
(1668, 'Jpac.AC.M.A.63.10', NULL, NULL, 1425, 192, NULL, 2, NULL, 1, NULL, '2023-03-24 18:18:18', 3, NULL, NULL, 1),
(1669, 'Jpac.AC.M.A.63.11', NULL, NULL, 1446, 192, NULL, 2, NULL, 1, NULL, '2023-03-24 18:18:18', 3, NULL, NULL, 1),
(1670, 'Jpac.AC.M.A.63.12', NULL, NULL, 1424, 192, NULL, 2, NULL, 1, NULL, '2023-03-24 18:18:18', 3, NULL, NULL, 1),
(1671, 'Jpac.AC.M.A.63.13', NULL, NULL, 1434, 192, NULL, 2, NULL, 1, NULL, '2023-03-24 18:18:18', 3, NULL, NULL, 1),
(1672, 'Jpac.AC.M.A.63.14', NULL, NULL, 1435, 192, NULL, 2, NULL, 1, NULL, '2023-03-24 18:18:18', 3, NULL, NULL, 1),
(1673, 'Jpac.AC.M.A.63.15', NULL, NULL, 1436, 192, NULL, 2, NULL, 1, NULL, '2023-03-24 18:18:18', 3, NULL, NULL, 1),
(1674, 'Jpac.AC.M.A.63.16', NULL, NULL, 1451, 192, NULL, 2, NULL, 1, NULL, '2023-03-24 18:18:18', 3, NULL, NULL, 1),
(1675, 'Jpac.AC.M.A.63.17', NULL, NULL, 1452, 192, NULL, 2, NULL, 1, NULL, '2023-03-24 18:18:18', 3, NULL, NULL, 1),
(1676, 'Jpac.AC.M.A.63.18', NULL, NULL, 1453, 192, NULL, 2, NULL, 1, NULL, '2023-03-24 18:18:18', 3, NULL, NULL, 1),
(1677, 'Jpac.AC.M.A.63.19', NULL, NULL, 1454, 192, NULL, 2, NULL, 1, NULL, '2023-03-24 18:18:18', 3, NULL, NULL, 1),
(1678, 'Jpac.AC.M.A.63.20', NULL, NULL, 1439, 192, NULL, 2, NULL, 1, NULL, '2023-03-24 18:18:18', 3, NULL, NULL, 1),
(1679, 'Jpac.AC.M.A.63.21', NULL, NULL, 1455, 192, NULL, 2, NULL, 1, NULL, '2023-03-24 18:18:18', 3, NULL, NULL, 1),
(1680, 'Jpac.AC.M.A.63.22', NULL, NULL, 1456, 192, NULL, 2, NULL, 1, NULL, '2023-03-24 18:18:18', 3, NULL, NULL, 1),
(1681, 'Jpac.AC.M.A.63.23', NULL, NULL, 1440, 192, NULL, 2, NULL, 1, NULL, '2023-03-24 18:18:18', 3, NULL, NULL, 1),
(1682, 'Jpac.AC.M.A.63.24', NULL, NULL, 1441, 192, NULL, 2, NULL, 1, NULL, '2023-03-24 18:18:18', 3, NULL, NULL, 1),
(1683, 'PCS.AA.63.00.132', NULL, NULL, 1030, 13, NULL, 1, NULL, 1, NULL, '2023-03-24 18:18:18', 3, NULL, NULL, 1),
(1684, 'PCS.AA.63.00.133', NULL, NULL, 920, 13, NULL, 1, NULL, 1, NULL, '2023-03-24 18:18:18', 3, NULL, NULL, 1),
(1685, 'PCS.AA.63.00.134', NULL, NULL, 923, 13, NULL, 1, NULL, 1, NULL, '2023-03-24 18:18:18', 3, NULL, NULL, 1),
(1686, 'PCS.AA.63.00.135', NULL, NULL, 937, 13, NULL, 1, NULL, 1, NULL, '2023-03-24 18:18:18', 3, NULL, NULL, 1),
(1687, 'PCS.AA.63.00.136', NULL, NULL, 962, 13, NULL, 1, NULL, 1, NULL, '2023-03-24 18:18:18', 3, NULL, NULL, 1),
(1688, 'PCS.AA.63.00.137', NULL, NULL, 1027, 13, NULL, 1, NULL, 1, NULL, '2023-03-24 18:18:18', 3, NULL, NULL, 1),
(1689, 'PCS.AA.63.00.138', NULL, NULL, 1460, 13, NULL, 1, NULL, 1, NULL, '2023-03-24 18:18:18', 3, NULL, NULL, 1),
(1690, 'PCS.AA.63.00.139', NULL, NULL, 897, 13, NULL, 1, NULL, 1, NULL, '2023-03-24 18:18:18', 3, NULL, NULL, 1),
(1691, 'PCS.AA.63.00.140', NULL, NULL, 966, 13, NULL, 1, NULL, 1, NULL, '2023-03-24 18:18:18', 3, NULL, NULL, 1),
(1692, 'PCS.AA.63.00.141', NULL, NULL, 909, 13, NULL, 1, NULL, 1, NULL, '2023-03-24 18:18:18', 3, NULL, NULL, 1),
(1693, 'PCS.AA.63.00.142', NULL, NULL, 913, 13, NULL, 1, NULL, 1, NULL, '2023-03-24 18:18:18', 3, NULL, NULL, 1),
(1694, 'PCS.AA.63.00.143', NULL, NULL, 912, 13, NULL, 1, NULL, 1, NULL, '2023-03-24 18:18:18', 3, NULL, NULL, 1),
(1695, 'PCS.AA.63.00.144', NULL, NULL, 963, 13, NULL, 1, NULL, 1, NULL, '2023-03-24 18:18:18', 3, NULL, NULL, 1),
(1696, 'PCS.AA.63.00.145', NULL, NULL, 1000, 13, NULL, 1, NULL, 1, NULL, '2023-03-24 18:18:18', 3, NULL, NULL, 1),
(1697, 'PCS.AA.63.00.146', NULL, NULL, 918, 13, NULL, 1, NULL, 1, NULL, '2023-03-24 18:18:18', 3, NULL, NULL, 1),
(1698, 'PCS.AA.63.00.147', NULL, NULL, 1028, 13, NULL, 1, NULL, 1, NULL, '2023-03-24 18:18:18', 3, NULL, NULL, 1),
(1699, 'PCS.AA.63.00.148', NULL, NULL, 908, 13, NULL, 1, NULL, 1, NULL, '2023-03-24 18:18:18', 3, NULL, NULL, 1),
(1700, 'PCS.AA.63.00.149', NULL, NULL, 1330, 13, NULL, 1, NULL, 1, NULL, '2023-03-24 18:18:18', 3, NULL, NULL, 1),
(1701, 'PCS.AA.63.00.150', NULL, NULL, 903, 13, NULL, 1, NULL, 1, NULL, '2023-03-24 18:18:18', 3, NULL, NULL, 1),
(1702, 'PCS.AA.63.00.151', NULL, NULL, 985, 132, NULL, 1, NULL, 1, NULL, '2023-03-24 18:18:18', 3, NULL, NULL, 1),
(1703, 'PCS.AA.63.00.152', NULL, NULL, 921, 132, NULL, 1, NULL, 1, NULL, '2023-03-24 18:18:18', 3, NULL, NULL, 1),
(1704, 'PCS.AA.63.00.153', NULL, NULL, 724, 132, NULL, 1, NULL, 1, NULL, '2023-03-24 18:18:18', 3, NULL, NULL, 1),
(1705, 'PCS.AA.63.00.154', NULL, NULL, 973, 132, NULL, 1, NULL, 1, NULL, '2023-03-24 18:18:18', 3, NULL, NULL, 1),
(1706, 'PCS.AA.63.00.155', NULL, NULL, 853, 132, NULL, 1, NULL, 1, NULL, '2023-03-24 18:18:18', 3, NULL, NULL, 1),
(1707, 'PCS.AA.63.00.156', NULL, NULL, 969, 132, NULL, 1, NULL, 1, NULL, '2023-03-24 18:18:18', 3, NULL, NULL, 1),
(1708, 'PCS.AA.63.00.157', NULL, NULL, 1328, 132, NULL, 1, NULL, 1, NULL, '2023-03-24 18:18:18', 3, NULL, NULL, 1),
(1709, 'PCS.AA.63.00.158', NULL, NULL, 929, 12, NULL, 1, NULL, 1, NULL, '2023-03-24 18:18:18', 3, NULL, NULL, 1),
(1710, 'PCS.AA.63.00.159', NULL, NULL, 930, 12, NULL, 1, NULL, 1, NULL, '2023-03-24 18:18:18', 3, NULL, NULL, 1),
(1711, 'PCS.AA.63.00.160', NULL, NULL, 970, 12, NULL, 1, NULL, 1, NULL, '2023-03-24 18:18:18', 3, NULL, NULL, 1),
(1712, 'PCS.AA.63.00.161', NULL, NULL, 931, 12, NULL, 1, NULL, 1, NULL, '2023-03-24 18:18:18', 3, NULL, NULL, 1),
(1713, 'PCS.AA.63.00.162', NULL, NULL, 922, 12, NULL, 1, NULL, 1, NULL, '2023-03-24 18:18:18', 3, NULL, NULL, 1),
(1714, 'PCS.AA.63.00.163', NULL, NULL, 919, 13, NULL, 1, NULL, 1, NULL, '2023-03-24 18:18:18', 3, NULL, NULL, 1),
(1715, 'PCS.AA.63.00.164', NULL, NULL, 1029, 13, NULL, 1, NULL, 1, NULL, '2023-03-24 18:18:18', 3, NULL, NULL, 1),
(1716, 'PCS.AA.63.00.165', NULL, NULL, 967, 13, NULL, 1, NULL, 1, NULL, '2023-03-24 18:18:18', 3, NULL, NULL, 1),
(1717, 'PCS.AA.63.00.166', NULL, NULL, 939, 13, NULL, 1, NULL, 1, NULL, '2023-03-24 18:18:18', 3, NULL, NULL, 1),
(1718, 'PCS.AA.63.00.167', NULL, NULL, 1301, 13, NULL, 1, NULL, 1, NULL, '2023-03-24 18:18:18', 3, NULL, NULL, 1),
(1719, 'PCS.AA.63.00.168', NULL, NULL, 941, 13, NULL, 1, NULL, 1, NULL, '2023-03-24 18:18:18', 3, NULL, NULL, 1),
(1720, 'PCS.AA.63.00.169', NULL, NULL, 901, 13, NULL, 1, NULL, 1, NULL, '2023-03-24 18:18:18', 3, NULL, NULL, 1),
(1721, 'PCS.AA.63.00.170', NULL, NULL, 855, 13, NULL, 1, NULL, 1, NULL, '2023-03-24 18:18:18', 3, NULL, NULL, 1),
(1722, 'PCS.AA.63.00.171', NULL, NULL, 1015, 13, NULL, 1, NULL, 1, NULL, '2023-03-24 18:18:18', 3, NULL, NULL, 1),
(1723, 'PCS.AA.63.00.172', NULL, NULL, 1461, 13, NULL, 1, NULL, 1, NULL, '2023-03-24 18:18:18', 3, NULL, NULL, 1),
(1724, 'PCS.AA.63.00.173', NULL, NULL, 860, 13, NULL, 1, NULL, 1, NULL, '2023-03-24 18:18:18', 3, NULL, NULL, 1),
(1725, 'PCS.AA.63.00.174', NULL, NULL, 936, 13, NULL, 1, NULL, 1, NULL, '2023-03-24 18:18:18', 3, NULL, NULL, 1),
(1726, 'PCS.AA.63.00.175', NULL, NULL, 940, 13, NULL, 1, NULL, 1, NULL, '2023-03-24 18:18:18', 3, NULL, NULL, 1),
(1727, 'PCS.AA.63.00.176', NULL, NULL, 1313, 13, NULL, 1, NULL, 1, NULL, '2023-03-24 18:18:18', 3, NULL, NULL, 1),
(1728, 'PCS.AA.63.00.177', NULL, NULL, 938, 13, NULL, 1, NULL, 1, NULL, '2023-03-24 18:18:18', 3, NULL, NULL, 1),
(1729, 'JPK.BD.M.57.A.01', NULL, NULL, 1327, 186, NULL, 5, NULL, 1, NULL, '2023-03-24 18:18:18', 3, NULL, NULL, 1),
(1730, 'JPK.BD.M.58.B.01', NULL, NULL, 1324, 185, NULL, 5, NULL, 1, NULL, '2023-03-24 18:18:18', 3, NULL, NULL, 1),
(1731, 'JPK.BD.M.58.B.02', NULL, NULL, 1325, 184, NULL, 5, NULL, 1, NULL, '2023-03-24 18:18:18', 3, NULL, NULL, 1),
(1732, 'PCSAA6300178', NULL, NULL, 1314, 23, NULL, 1, NULL, 1, NULL, '2023-03-24 18:18:18', 3, NULL, NULL, 1),
(1733, 'PCSAA6300179', NULL, NULL, 1315, 10, NULL, 1, NULL, 1, NULL, '2023-03-24 18:18:18', 3, NULL, NULL, 1),
(1734, 'PCSAA6300180', NULL, NULL, 1316, 9, NULL, 1, NULL, 1, NULL, '2023-03-24 18:18:18', 3, NULL, NULL, 1),
(1735, 'PCSAA6300181', NULL, NULL, 1317, 8, NULL, 1, NULL, 1, NULL, '2023-03-24 18:18:18', 3, NULL, NULL, 1),
(1736, 'PCSAA6300182', NULL, NULL, 1318, 7, NULL, 1, NULL, 1, NULL, '2023-03-24 18:18:18', 3, NULL, NULL, 1),
(1737, 'PCSAA6300183', NULL, NULL, 1319, 6, NULL, 1, NULL, 1, NULL, '2023-03-24 18:18:18', 3, NULL, NULL, 1),
(1738, 'PCSAA6300184', NULL, NULL, 1320, 5, NULL, 1, NULL, 1, NULL, '2023-03-24 18:18:18', 3, NULL, NULL, 1),
(1739, 'PCSAA6300185', NULL, NULL, 1321, 4, NULL, 1, NULL, 1, NULL, '2023-03-24 18:18:18', 3, NULL, NULL, 1),
(1740, 'Jpac.TW.M.A.56.01', NULL, NULL, 1359, 192, NULL, 2, NULL, 1, NULL, '2023-03-24 18:18:18', 3, NULL, NULL, 1),
(1741, 'PCS.AA.63.00.186', NULL, NULL, 1072, 13, NULL, 1, NULL, 1, NULL, '2023-03-24 18:18:18', 3, NULL, NULL, 1),
(1742, 'JPK.DL.M.57.A.L01.D4', NULL, NULL, 1023, 186, NULL, 5, NULL, 1, NULL, '2023-03-24 18:18:18', 3, NULL, NULL, 1),
(1743, 'JPK.DL.M.57.A.L01.D5', NULL, NULL, 1024, 186, NULL, 5, NULL, 1, NULL, '2023-03-24 18:18:18', 3, NULL, NULL, 1),
(1744, 'JPK.DL.M.57.A.L02.D4', NULL, NULL, 1025, 186, NULL, 5, NULL, 1, NULL, '2023-03-24 18:18:18', 3, NULL, NULL, 1),
(1745, 'JPK.DL.M.57.A.L02.D5', NULL, NULL, 1026, 186, NULL, 5, NULL, 1, NULL, '2023-03-24 18:18:18', 3, NULL, NULL, 1),
(1746, 'PLP.PCS.6W.8546', NULL, NULL, 42, 15, NULL, 7, NULL, 1, NULL, '2023-03-24 18:18:18', 3, NULL, NULL, 1),
(1747, 'PLP.PCS.6W.0237', NULL, NULL, 48, 15, NULL, 7, NULL, 1, NULL, '2023-03-24 18:18:18', 3, NULL, NULL, 1),
(1748, 'Jpac.BD.M.A.56.01', NULL, NULL, 1322, 192, NULL, 2, NULL, 1, NULL, '2023-03-24 18:18:18', 3, NULL, NULL, 1),
(1749, 'Jpac.BD.M.B.60.01', NULL, NULL, 1323, 191, NULL, 2, NULL, 1, NULL, '2023-03-24 18:18:18', 3, NULL, NULL, 1),
(1750, 'Jpac.BD.M.C.60.01', NULL, NULL, 1326, 190, NULL, 2, NULL, 1, NULL, '2023-03-24 18:18:18', 3, NULL, NULL, 1),
(1751, 'Jpac.CT.M.A.63.01', NULL, NULL, 1352, 192, NULL, 2, NULL, 1, NULL, '2023-03-24 18:18:18', 3, NULL, NULL, 1),
(1752, 'JPK.TB.M.63.A.01', NULL, NULL, 1459, 186, NULL, 5, NULL, 1, NULL, '2023-03-24 18:18:18', 3, NULL, NULL, 1),
(1753, 'JPK.TB.M.63.A.02', NULL, NULL, 1459, 186, NULL, 5, NULL, 1, NULL, '2023-03-24 18:18:18', 3, NULL, NULL, 1),
(1754, 'JPK.TB.M.63.A.03', NULL, NULL, 1459, 186, NULL, 5, NULL, 1, NULL, '2023-03-24 18:18:18', 3, NULL, NULL, 1),
(1755, 'JPK.TB.M.63.A.04', NULL, NULL, 1459, 186, NULL, 5, NULL, 1, NULL, '2023-03-24 18:18:18', 3, NULL, NULL, 1),
(1756, 'JPK.TB.M.63.A.05', NULL, NULL, 1459, 186, NULL, 5, NULL, 1, NULL, '2023-03-24 18:18:18', 3, NULL, NULL, 1),
(1757, 'JPK.TB.M.63.A.06', NULL, NULL, 1459, 186, NULL, 5, NULL, 1, NULL, '2023-03-24 18:18:18', 3, NULL, NULL, 1),
(1758, 'JPK.FL.M.63.A.19', NULL, NULL, 600, 186, NULL, 5, NULL, 1, NULL, '2023-03-24 18:18:18', 3, NULL, NULL, 1),
(1759, 'JPK.FL.M.63.A.20', NULL, NULL, 186, 186, NULL, 5, NULL, 1, NULL, '2023-03-24 18:18:18', 3, NULL, NULL, 1),
(1760, 'JPK.FL.M.63.A.21', NULL, NULL, 186, 186, NULL, 5, NULL, 1, NULL, '2023-03-24 18:18:18', 3, NULL, NULL, 1),
(1761, 'JPK.FL.M.63.A.22', NULL, NULL, 186, 186, NULL, 5, NULL, 1, NULL, '2023-03-24 18:18:18', 3, NULL, NULL, 1),
(1762, 'PCS.WH.M.Building.W', NULL, NULL, 870, 132, NULL, 1, NULL, 1, NULL, '2023-03-24 18:18:18', 3, NULL, NULL, 1),
(1763, 'PCS.CS.M.Building.W', NULL, NULL, 873, 93, NULL, 1, NULL, 1, NULL, '2023-03-24 18:18:18', 3, NULL, NULL, 1),
(1764, 'PCS.EN.M.Building.W', NULL, NULL, 876, 132, NULL, 1, NULL, 1, NULL, '2023-03-24 18:18:18', 3, NULL, NULL, 1),
(1765, 'PCS.MK.M.Building.W', NULL, NULL, 868, 24, NULL, 1, NULL, 1, NULL, '2023-03-24 18:18:18', 3, NULL, NULL, 1),
(1766, 'PCS.IV.M.Building.W', NULL, NULL, 877, 24, NULL, 1, NULL, 1, NULL, '2023-03-24 18:18:18', 3, NULL, NULL, 1),
(1767, 'PCS.PLP.M.Building.W', NULL, NULL, 869, 132, NULL, 1, NULL, 1, NULL, '2023-03-24 18:18:18', 3, NULL, NULL, 1),
(1768, 'PCS.HR.M.Building.W', NULL, NULL, 875, 12, NULL, 1, NULL, 1, NULL, '2023-03-24 18:18:18', 3, NULL, NULL, 1),
(1769, 'PCS.PC.M.Building.W', NULL, NULL, 872, 12, NULL, 1, NULL, 1, NULL, '2023-03-24 18:18:18', 3, NULL, NULL, 1),
(1770, 'PCS.AC.M.Building.W', NULL, NULL, 874, 12, NULL, 1, NULL, 1, NULL, '2023-03-24 18:18:18', 3, NULL, NULL, 1),
(1771, 'PCS.QA.M.Building.W', NULL, NULL, 871, 132, NULL, 1, NULL, 1, NULL, '2023-03-24 18:18:18', 3, NULL, NULL, 1),
(1772, 'PCS.SA.M.Building.W', NULL, NULL, 867, 132, NULL, 1, NULL, 1, NULL, '2023-03-24 18:18:18', 3, NULL, NULL, 1),
(1773, 'PCS.IT.M.Building.W', NULL, NULL, 878, 12, NULL, 1, NULL, 1, NULL, '2023-03-24 18:18:18', 3, NULL, NULL, 1),
(1774, 'BL.M.63.A.06', NULL, NULL, 907, 186, NULL, 5, NULL, 1, NULL, '2023-03-24 18:18:18', 3, NULL, NULL, 1),
(1775, 'PCS.AA.63.09.73', NULL, NULL, 879, 13, NULL, 1, NULL, 1, NULL, '2023-03-24 18:18:18', 3, NULL, NULL, 1),
(1776, 'Jpac.DT.M.A.63.05', NULL, NULL, 240, 192, NULL, 2, NULL, 1, NULL, '2023-03-24 18:18:18', 3, NULL, NULL, 1),
(1777, 'Jpac.DE.M.A.56.01', NULL, NULL, 681, 192, NULL, 2, NULL, 1, NULL, '2023-03-24 18:18:18', 3, NULL, NULL, 1),
(1778, 'Jpac.DE.M.A.56.02', NULL, NULL, 682, 192, NULL, 2, NULL, 1, NULL, '2023-03-24 18:18:18', 3, NULL, NULL, 1),
(1779, 'Jpac.DE.M.A.56.03', NULL, NULL, 683, 192, NULL, 2, NULL, 1, NULL, '2023-03-24 18:18:18', 3, NULL, NULL, 1),
(1780, 'Jpac.DE.M.A.56.04', NULL, NULL, 684, 192, NULL, 2, NULL, 1, NULL, '2023-03-24 18:18:18', 3, NULL, NULL, 1);
INSERT INTO `tb_machine_site` (`id_machine_site`, `code_machine_site`, `serial_number`, `recived_date`, `ref_id_machine_master`, `ref_id_building`, `ref_id_location`, `ref_id_site`, `ref_id_supplier`, `status_work`, `detail_machine_site`, `mcs_adddate`, `ref_id_user_add`, `mcs_editdate`, `ref_id_user_edit`, `status_machine_site`) VALUES
(1781, 'JPAC.DT.M.A.63.01', NULL, NULL, 689, 195, NULL, 2, NULL, 1, NULL, '2023-03-24 18:18:18', 3, NULL, NULL, 1),
(1782, 'Jpac.BL.M.A.62.02', NULL, NULL, 158, 192, NULL, 2, NULL, 1, NULL, '2023-03-24 18:18:18', 3, NULL, NULL, 1),
(1783, 'Jpac.IF.M.A.63.01', NULL, NULL, 578, 194, NULL, 2, NULL, 1, NULL, '2023-03-24 18:18:18', 3, NULL, NULL, 1),
(1784, 'Jpac.IF.M.A.63.02', NULL, NULL, 578, 194, NULL, 2, NULL, 1, NULL, '2023-03-24 18:18:18', 3, NULL, NULL, 1),
(1785, 'Jpac.IF.M.A.63.03', NULL, NULL, 578, 194, NULL, 2, NULL, 1, NULL, '2023-03-24 18:18:18', 3, NULL, NULL, 1),
(1786, 'Jpac.IF.M.A.63.04', NULL, NULL, 578, 194, NULL, 2, NULL, 1, NULL, '2023-03-24 18:18:18', 3, NULL, NULL, 1),
(1787, 'JPK.LIFT.57.A.01', NULL, NULL, 606, 186, NULL, 5, NULL, 1, NULL, '2023-03-24 18:18:18', 3, NULL, NULL, 1),
(1788, 'JPK.LIFT.57.A.02', NULL, NULL, 607, 186, NULL, 5, NULL, 1, NULL, '2023-03-24 18:18:18', 3, NULL, NULL, 1),
(1789, 'JPK.HP.57.A.01', NULL, NULL, 1341, 189, NULL, 5, NULL, 1, NULL, '2023-03-24 18:18:18', 3, NULL, NULL, 1),
(1790, 'Jpac.PP.M.A.62.01', NULL, NULL, 711, 192, NULL, 2, NULL, 1, NULL, '2023-03-24 18:18:18', 3, NULL, NULL, 1),
(1791, 'JPK.BD.A.57.ห้องแต่งตัวฟรีส', NULL, NULL, 1261, 186, NULL, 5, NULL, 1, NULL, '2023-03-24 18:18:18', 3, NULL, NULL, 1),
(1792, 'DL.M.60.B2.01', NULL, NULL, 249, 184, NULL, 5, NULL, 1, NULL, '2023-03-24 18:18:18', 3, NULL, NULL, 1),
(1793, 'JPK.FL.M.65.A.01(MTR65009)', NULL, NULL, 541, 186, NULL, 5, NULL, 1, NULL, '2023-03-24 18:18:18', 3, NULL, NULL, 1),
(1794, 'JPK.FL.M.65.A.02(MTR65010)', NULL, NULL, 542, 186, NULL, 5, NULL, 1, NULL, '2023-03-24 18:18:18', 3, NULL, NULL, 1),
(1795, 'JPK.FL.M.65.A.03(MTR65011)', NULL, NULL, 545, 186, NULL, 5, NULL, 1, NULL, '2023-03-24 18:18:18', 3, NULL, NULL, 1),
(1796, 'JPK.FL.M.65.A.04(MTR65012)', NULL, NULL, 546, 186, NULL, 5, NULL, 1, NULL, '2023-03-24 18:18:18', 3, NULL, NULL, 1),
(1797, 'JPK.FL.M.65.A.05(MTR65013)', NULL, NULL, 547, 186, NULL, 5, NULL, 1, NULL, '2023-03-24 18:18:18', 3, NULL, NULL, 1),
(1798, 'JPK.CB.M.63.A.01(MTR63214)', NULL, NULL, 540, 186, NULL, 5, NULL, 1, NULL, '2023-03-24 18:18:18', 3, NULL, NULL, 1),
(1799, 'JPK.PE.M.62.A.01(180890383)', NULL, NULL, 712, 186, NULL, 5, NULL, 1, NULL, '2023-03-24 18:18:18', 3, NULL, NULL, 1),
(1800, 'JPK.PE.M.62.A.02(180890839)', NULL, NULL, 713, 186, NULL, 5, NULL, 1, NULL, '2023-03-24 18:18:18', 3, NULL, NULL, 1),
(1801, 'JPK.PE.M.64.A.03(I9BA06653)', NULL, NULL, 715, 186, NULL, 5, NULL, 1, NULL, '2023-03-24 18:18:18', 3, NULL, NULL, 1),
(1802, 'JPK.PE.M.64.A.04(I9BA06654)', NULL, NULL, 716, 186, NULL, 5, NULL, 1, NULL, '2023-03-24 18:18:18', 3, NULL, NULL, 1),
(1803, 'JPK.EP.M.63.A.01(stacker)', NULL, NULL, 262, 186, NULL, 5, NULL, 1, NULL, '2023-03-24 18:18:18', 3, NULL, NULL, 1),
(1804, 'JPK.OF.M.57.A.03(CheckingPostRoom)', NULL, NULL, 191, 186, NULL, 5, NULL, 1, NULL, '2023-03-24 18:18:18', 3, NULL, NULL, 1),
(1805, 'JPK.PH.65.A.01(เครื่องพ่นยา,เครื่องฉีดน้ำ)', NULL, NULL, 1351, 186, NULL, 5, NULL, 1, NULL, '2023-03-24 18:18:18', 3, NULL, NULL, 1),
(1806, 'JPK.AS.63.A.01(Autoscrubberเครื่องขัดพื้น)', NULL, NULL, 602, 186, NULL, 5, NULL, 1, NULL, '2023-03-24 18:18:18', 3, NULL, NULL, 1),
(1807, 'JPK.AS.64.A.02(Autoscrubberเครื่องขัดพื้น)', NULL, NULL, 603, 186, NULL, 5, NULL, 1, NULL, '2023-03-24 18:18:18', 3, NULL, NULL, 1),
(1808, 'JPK.AS.64.A.03(Autoscrubberเครื่องขัดพื้น)', NULL, NULL, 604, 184, NULL, 5, NULL, 1, NULL, '2023-03-24 18:18:18', 3, NULL, NULL, 1),
(1809, 'PLP.PCS.10W.0236', NULL, NULL, 47, 15, NULL, 7, NULL, 1, NULL, '2023-03-24 18:18:18', 3, NULL, NULL, 1),
(1810, 'PLP.PCS.4W.304', NULL, NULL, 9, 16, NULL, 7, NULL, 1, NULL, '2023-03-24 18:18:18', 3, NULL, NULL, 1),
(1811, 'PLP.PCS.4W.น305', NULL, NULL, 10, 16, NULL, 7, NULL, 1, NULL, '2023-03-24 18:18:18', 3, NULL, NULL, 1),
(1812, 'PLP.PCS.4W.313', NULL, NULL, 11, 15, NULL, 7, NULL, 1, NULL, '2023-03-24 18:18:18', 3, NULL, NULL, 1),
(1813, 'DL.M.60.B1.01dockleveler', NULL, NULL, 246, 185, NULL, 5, NULL, 1, NULL, '2023-03-24 18:18:18', 3, NULL, NULL, 1),
(1814, 'DL.M.60.B1.02dockleveler', NULL, NULL, 246, 185, NULL, 5, NULL, 1, NULL, '2023-03-24 18:18:18', 3, NULL, NULL, 1),
(1815, 'DL.M.60.B1.09dockleveler', NULL, NULL, 246, 185, NULL, 5, NULL, 1, NULL, '2023-03-24 18:18:18', 3, NULL, NULL, 1),
(1816, 'DL.M.60.B2.10dockleveler', NULL, NULL, 246, 184, NULL, 5, NULL, 1, NULL, '2023-03-24 18:18:18', 3, NULL, NULL, 1),
(1817, 'DL.M.60.B1.03(dockleveler)', NULL, NULL, 248, 185, NULL, 5, NULL, 1, NULL, '2023-03-24 18:18:18', 3, NULL, NULL, 1),
(1818, 'DL.M.60.B1.04(dockleveler)', NULL, NULL, 247, 185, NULL, 5, NULL, 1, NULL, '2023-03-24 18:18:18', 3, NULL, NULL, 1),
(1819, 'DL.M.60.B1.05(dockleveler)', NULL, NULL, 246, 185, NULL, 5, NULL, 1, NULL, '2023-03-24 18:18:18', 3, NULL, NULL, 1),
(1820, 'DL.M.60.B1.06(dockleveler)', NULL, NULL, 246, 185, NULL, 5, NULL, 1, NULL, '2023-03-24 18:18:18', 3, NULL, NULL, 1),
(1821, 'DL.M.60.B1.07(dockleveler)', NULL, NULL, 246, 185, NULL, 5, NULL, 1, NULL, '2023-03-24 18:18:18', 3, NULL, NULL, 1),
(1822, 'DL.M.60.B1.08(dockleveler)', NULL, NULL, 246, 185, NULL, 5, NULL, 1, NULL, '2023-03-24 18:18:18', 3, NULL, NULL, 1),
(1823, 'DL.M.60.B2.11(dockleveler)', NULL, NULL, 246, 184, NULL, 5, NULL, 1, NULL, '2023-03-24 18:18:18', 3, NULL, NULL, 1),
(1824, 'DL.M.60.B2.02(dockleveler)', NULL, NULL, 246, 184, NULL, 5, NULL, 1, NULL, '2023-03-24 18:18:18', 3, NULL, NULL, 1),
(1825, 'PE.M.64.A.03', NULL, NULL, 714, 186, NULL, 5, NULL, 1, NULL, '2023-03-24 18:18:18', 3, NULL, NULL, 1),
(1826, 'JPK.PE.M.64.B2.04(080257N0499)', NULL, NULL, 717, 184, NULL, 5, NULL, 1, NULL, '2023-03-24 18:18:18', 3, NULL, NULL, 1),
(1827, 'JPK.FL.M.64.B2.01(181201989)', NULL, NULL, 539, 184, NULL, 5, NULL, 1, NULL, '2023-03-24 18:18:18', 3, NULL, NULL, 1),
(1828, 'JPK.FL.M.64.B2.02(180901442)', NULL, NULL, 543, 184, NULL, 5, NULL, 1, NULL, '2023-03-24 18:18:18', 3, NULL, NULL, 1),
(1829, 'JPK.FL.M.65.B2.03(07020DG0007)', NULL, NULL, 544, 184, NULL, 5, NULL, 1, NULL, '2023-03-24 18:18:18', 3, NULL, NULL, 1),
(1830, 'JPK.SC.M.62.A.01', NULL, NULL, 605, 189, NULL, 5, NULL, 1, NULL, '2023-03-24 18:18:18', 3, NULL, NULL, 1),
(1831, 'PE.M.65.A.01(08025JP5908)', NULL, NULL, 703, 186, NULL, 5, NULL, 1, NULL, '2023-03-24 18:18:18', 3, NULL, NULL, 1),
(1832, 'PE.M.65.A.02(080225JP5910)', NULL, NULL, 704, 186, NULL, 5, NULL, 1, NULL, '2023-03-24 18:18:18', 3, NULL, NULL, 1),
(1833, 'PS.M.65.A.01(08012JP0100)', NULL, NULL, 722, 186, NULL, 5, NULL, 1, NULL, '2023-03-24 18:18:18', 3, NULL, NULL, 1),
(1834, 'PS.M.65.A.02(08015JP0101)', NULL, NULL, 723, 186, NULL, 5, NULL, 1, NULL, '2023-03-24 18:18:18', 3, NULL, NULL, 1),
(1835, 'IT-AS-0001-0001', NULL, '2023-04-19 00:00:00', 1479, NULL, NULL, 1, NULL, 1, 'ใช้แจ้งซ่อมกรณีผู้แจ้งไม่ทราบชนิดของอุปกรณ์', '2023-04-19 09:30:09', 8, NULL, NULL, 1),
(1836, 'MT-AS-1479-0001', NULL, '2023-04-20 00:00:00', 1480, NULL, NULL, 3, NULL, 1, 'ใช้แจ้งกรณีไม่ทราบชื่อ,รหัสเครื่องจักร', '2023-04-20 09:54:20', 4, NULL, NULL, 1),
(1837, 'MIS-AS-0001-0001', NULL, '2023-04-21 00:00:00', 1481, NULL, NULL, 1, NULL, 1, NULL, '2023-04-21 09:28:01', 1, NULL, NULL, 1),
(1838, 'MIS-AS-0001-0002', NULL, '2018-06-01 00:00:00', 1481, NULL, NULL, 5, NULL, 1, NULL, '2023-04-24 11:31:33', 17, NULL, NULL, 1),
(1839, 'EN-AS-0001-0001', '๋JPK.OF.M.57.A.03', '2015-04-24 00:00:00', 1482, 186, NULL, 5, NULL, 1, 'ออฟฟิศห้องทำงานลูกค้าทูกบาชั้น 3', '2023-04-24 15:25:34', 17, NULL, NULL, 1),
(1840, 'TP-AS-0001-0001', NULL, '2023-05-05 00:00:00', 1488, NULL, NULL, 7, NULL, 1, NULL, '2023-05-05 10:40:59', 50, NULL, NULL, 1),
(1841, 'TP-AS-0002-0001', NULL, '2023-05-05 00:00:00', 1489, NULL, NULL, 7, NULL, 1, NULL, '2023-05-05 10:41:21', 50, NULL, NULL, 1);

-- --------------------------------------------------------

--
-- Table structure for table `tb_maintenance_request`
--

CREATE TABLE `tb_maintenance_request` (
  `id_maintenance_request` int NOT NULL COMMENT 'ID ใบแจ้งซ่อม',
  `maintenance_request_no` varchar(20) COLLATE utf8mb4_unicode_ci NOT NULL COMMENT 'PCS-FM-IT-23-02-0001',
  `ref_id_dept_request` int NOT NULL COMMENT 'REF.ไอดีแผนกแจ้งซ่อม',
  `ref_id_site_request` int NOT NULL COMMENT 'REF.ไซต์งาน',
  `ref_id_dept_responsibility` int NOT NULL COMMENT 'แผนกที่รับผิดชอบใบแจ้งซ่อม',
  `mt_request_date` datetime NOT NULL COMMENT 'วันที่แจ้งซ่อม',
  `ref_id_user_request` int NOT NULL COMMENT 'REF.ไอดีผู้แจ้งซ่อม',
  `ref_id_machine_site` int NOT NULL COMMENT 'REF.ไอดีเครื่องจักรรายไซต์',
  `ref_id_mt_type` int NOT NULL COMMENT 'REF.อ้างอิงประเภทใบงาน',
  `status_approved` int DEFAULT NULL COMMENT '1-อนุมัติซ่อม / 2-ไม่อนุมัติ(หน.ช่าง)',
  `ref_id_user_approver` int NOT NULL COMMENT 'REF.ไอดีผู้อนุมัติใบแจ้งซ่อม',
  `detail_note_approved` varchar(150) COLLATE utf8mb4_unicode_ci DEFAULT NULL,
  `allotted_date` datetime DEFAULT NULL COMMENT 'วันที่อนุมัติ/จ่ายงานให้ผู้ซ่อม',
  `allotted_accept_date` datetime DEFAULT NULL COMMENT 'วันที่ผู้ซ่อม(ช่าง)รับงาน',
  `ref_user_id_accept_request` int DEFAULT NULL COMMENT 'REF.ไอดีผู้กดรับงาน',
  `related_to_safty` int DEFAULT NULL COMMENT 'เกี่ยวข้องกับความปลอดภัย 	1-ไม่เกี่ยวข้อง/2-เกี่ยวข้อง',
  `problem_statement` longtext COLLATE utf8mb4_unicode_ci COMMENT 'อาการเสีย,ปัญหาที่พบ',
  `ref_id_job_type` int DEFAULT NULL COMMENT 'ประเภทงานซ่อม1-แจ้งช่างซ่อม/2-ช่างซ่อมเอง/3-ส่งซ่อมภายนอก',
  `urgent_type` int NOT NULL COMMENT '1-ด่วน/2-ไม่ด่วน',
  `outsource_service_status` int DEFAULT NULL COMMENT '0, 1-ส่งซ่อมภายนอก/ แจ้งช่างซ่อม',
  `caused_by_os` longtext COLLATE utf8mb4_unicode_ci COMMENT 'สาเหตุที่ส่งซ่อม 		เหตุผล:|:รายละเอียด / คั่นด้วย :|:',
  `ref_id_user_approve_os` int DEFAULT NULL COMMENT 'ผู้อนุมัติส่งซ่อมภายนอก',
  `duration_serv_start` datetime DEFAULT NULL COMMENT 'เวลาที่เริ่มซ่อม',
  `duration_serv_end` datetime DEFAULT NULL COMMENT 'เวลาที่ซ่อมเสร็จ',
  `estimate_hand_over_date` datetime DEFAULT NULL COMMENT 'วันที่คาดว่าจะเสร็จส่งมอบ',
  `hand_over_date` datetime DEFAULT NULL COMMENT 'วันที่ส่งมอบงาน',
  `recomment` longtext COLLATE utf8mb4_unicode_ci,
  `ref_id_user_survey` int DEFAULT NULL COMMENT 'REF.ไอดีผู้ประเมิณ(ผู้แจ้งซ่อม)',
  `survay_date` datetime DEFAULT NULL,
  `ref_id_user_hand_over` int DEFAULT NULL COMMENT 'REF.ไอดีผู้ส่งมอบงาน',
  `cause_mt_request_cancel` longtext COLLATE utf8mb4_unicode_ci COMMENT 'สาเหตุการยกเลิก',
  `date_mt_request_cancel` datetime DEFAULT NULL COMMENT 'วันที่ยกเลิก',
  `ref_id_user_cancel` int DEFAULT NULL,
  `maintenance_request_status` int NOT NULL COMMENT 'สถานะใบแจ้งซ่อม 1-ใช้งาน,2-ยกเลิก'
) ENGINE=InnoDB DEFAULT CHARSET=utf8mb4 COLLATE=utf8mb4_unicode_ci COMMENT='ตารางใบแจ้งซ่อม';

--
-- Dumping data for table `tb_maintenance_request`
--

INSERT INTO `tb_maintenance_request` (`id_maintenance_request`, `maintenance_request_no`, `ref_id_dept_request`, `ref_id_site_request`, `ref_id_dept_responsibility`, `mt_request_date`, `ref_id_user_request`, `ref_id_machine_site`, `ref_id_mt_type`, `status_approved`, `ref_id_user_approver`, `detail_note_approved`, `allotted_date`, `allotted_accept_date`, `ref_user_id_accept_request`, `related_to_safty`, `problem_statement`, `ref_id_job_type`, `urgent_type`, `outsource_service_status`, `caused_by_os`, `ref_id_user_approve_os`, `duration_serv_start`, `duration_serv_end`, `estimate_hand_over_date`, `hand_over_date`, `recomment`, `ref_id_user_survey`, `survay_date`, `ref_id_user_hand_over`, `cause_mt_request_cancel`, `date_mt_request_cancel`, `ref_id_user_cancel`, `maintenance_request_status`) VALUES
(4, 'PCS-FM-MT-2304-0004', 6, 1, 7, '2023-04-17 16:29:24', 22, 0, 0, 1, 46, NULL, '2023-04-21 13:57:25', '2023-04-22 09:52:30', 45, 1, 'สติ็กเกอร์ที่ตีเส้นบริเวณลานโหลดอาคาร 9  หลุด  ชำรุด', 1, 1, 0, NULL, NULL, NULL, NULL, NULL, NULL, NULL, NULL, NULL, NULL, NULL, NULL, NULL, 1),
(5, 'JPK-FM-MT-2304-0001', 8, 5, 8, '2023-04-17 16:48:02', 17, 1365, 0, 1, 17, NULL, '2023-04-17 16:49:44', NULL, NULL, 1, 'แอร์ห้อง CS อาคาร B2 ปั้มส่งน้ำทิ้งเสีย', 2, 2, 0, NULL, NULL, NULL, NULL, NULL, NULL, NULL, NULL, NULL, NULL, 'เทส', '2023-04-17 16:51:02', 17, 2),
(6, 'JPK-FM-MT-2304-0002', 8, 5, 8, '2023-04-17 17:00:27', 17, 1365, 0, 1, 17, NULL, '2023-04-19 15:23:34', '2023-04-19 15:23:44', 17, 1, 'ปั้มส่งน้ำเดรนชำรุดแก้ไขใช้งานเบื้องต้น ส่งซัพเสนอราคาตัวใหม่', 2, 2, 0, NULL, NULL, '2023-04-20 08:07:16', NULL, NULL, NULL, NULL, NULL, NULL, NULL, NULL, NULL, NULL, 1),
(7, 'JPK-FM-MT-2304-0003', 8, 5, 8, '2023-04-18 14:12:11', 17, 223, 5, 1, 17, NULL, '2023-04-19 15:22:21', '2023-04-19 15:22:52', 17, 1, 'แปรงถ่านมอเตอร์หมด', 2, 2, 0, NULL, NULL, NULL, NULL, NULL, NULL, NULL, NULL, NULL, NULL, 'งานแจ้งซ่อมซ้ำ', '2023-04-19 16:45:51', 17, 2),
(9, 'PCS-FM-MT-2304-0002', 5, 1, 7, '2023-04-18 15:16:26', 28, 1553, 0, 1, 46, NULL, '2023-04-21 13:55:46', '2023-04-22 09:53:13', 45, 1, 'รางคอนเวนเยอร์ Roller หลุดออกจากสายพาน อาคาร 8', 1, 1, 0, NULL, NULL, '2023-04-27 09:21:58', '2023-04-27 09:26:40', NULL, NULL, NULL, NULL, NULL, NULL, NULL, NULL, NULL, 1),
(10, 'PCS-FM-MT-2304-0003', 5, 1, 7, '2023-04-18 15:22:34', 28, 1588, 0, 1, 46, NULL, '2023-04-21 13:42:12', '2023-04-21 13:52:51', 45, 1, 'โอริงท่อเดนน้ำหลุดออก', 1, 1, 0, NULL, NULL, '2023-04-21 13:53:07', '2023-04-21 15:39:27', NULL, '2023-04-21 20:44:55', NULL, NULL, NULL, 46, NULL, NULL, NULL, 1),
(11, 'PCS-FM-MT-2304-0004', 5, 1, 7, '2023-04-18 15:35:11', 28, 1588, 3, 1, 46, NULL, '2023-04-21 13:59:32', '2023-04-22 09:15:43', 45, 1, 'อ่างล้างหน้าห้องน้ำชายด้านล่างตัน น้ำทิ้งไม่ไหล  อาคาร 8', 1, 1, 0, NULL, NULL, '2023-04-22 09:16:12', '2023-04-22 09:30:24', NULL, NULL, NULL, NULL, NULL, NULL, NULL, NULL, NULL, 1),
(12, 'PCS-FM-MT-2304-0005', 5, 1, 7, '2023-04-18 15:37:57', 28, 1553, 0, 1, 46, NULL, '2023-04-21 13:44:17', '2023-04-22 09:53:30', 45, 1, 'ราวกั้น กันกระแทก น๊อตหลุด บริเวณที่จัดเก็บรางคอนเวเยอร์ อาคาร 8', 1, 1, 0, NULL, NULL, '2023-04-22 14:32:36', NULL, NULL, NULL, NULL, NULL, NULL, NULL, NULL, NULL, NULL, 1),
(13, 'PCS-FM-MT-2304-0006', 13, 1, 7, '2023-04-19 09:15:03', 18, 1741, 3, 1, 46, NULL, '2023-04-21 13:45:43', '2023-04-22 09:53:57', 45, 1, 'อาคาร8 ชั้น3 ประตูล๊อค สายฉีดตูดเสีย', 1, 1, 0, NULL, NULL, '2023-04-22 14:04:56', '2023-04-22 14:08:03', NULL, NULL, NULL, NULL, NULL, NULL, NULL, NULL, NULL, 1),
(18, 'JPK-FM-EN-2304-0005', 8, 5, 8, '2023-04-19 15:34:20', 17, 1815, 0, 1, 17, NULL, '2023-04-19 16:42:39', '2023-04-19 16:42:46', 17, 1, 'บอร์ดคอนโทรลชำรุด', 2, 2, 0, NULL, NULL, NULL, NULL, NULL, NULL, NULL, NULL, NULL, NULL, NULL, NULL, NULL, 1),
(19, 'JPK-FM-EN-2304-0006', 8, 5, 8, '2023-04-19 16:52:50', 17, 223, 0, 1, 17, NULL, '2023-04-19 16:53:56', '2023-04-19 16:54:16', 17, 1, 'แปรงถ่านหมด', 2, 2, 0, NULL, NULL, '2023-04-20 13:29:41', '2023-04-20 15:06:42', NULL, '2023-04-20 15:51:29', '-', 17, '2023-04-20 15:51:55', 17, NULL, NULL, NULL, 1),
(20, 'PCS-FM-MT-2304-0007', 5, 1, 7, '2023-04-19 17:28:12', 28, 1739, 0, 1, 46, NULL, '2023-04-21 13:46:41', '2023-04-22 09:34:10', 45, 1, 'Stacker ไฟไม่เข้า เดินหน้า - ถอยหลัง ไม่ได้ ชั้น 2 อาคาร 8 ', 1, 2, 0, NULL, NULL, '2023-04-22 09:34:18', '2023-05-02 18:26:17', NULL, NULL, NULL, NULL, NULL, NULL, NULL, NULL, NULL, 1),
(21, 'PCS-FM-MT-2304-0008', 5, 1, 7, '2023-04-19 17:28:14', 28, 1739, 0, 0, 0, NULL, NULL, NULL, NULL, 1, 'Stacker ไฟไม่เข้า เดินหน้า - ถอยหลัง ไม่ได้ ชั้น 2 อาคาร 8 ', 1, 2, 0, NULL, NULL, NULL, NULL, NULL, NULL, NULL, NULL, NULL, NULL, 'ซำ้', '2023-04-19 17:49:39', 28, 2),
(22, 'PCS-FM-MT-2304-0009', 5, 1, 7, '2023-04-19 17:28:33', 28, 1739, 0, 0, 0, NULL, NULL, NULL, NULL, 1, 'Stacker ไฟไม่เข้า เดินหน้า - ถอยหลัง ไม่ได้ ชั้น 2 อาคาร 8 ', 1, 1, 0, NULL, NULL, NULL, NULL, NULL, NULL, NULL, NULL, NULL, NULL, 'ซ้ำ', '2023-04-19 17:50:04', 28, 2),
(23, 'PCS-FM-MT-2304-0010', 5, 1, 7, '2023-04-19 17:29:09', 28, 1739, 0, 0, 0, NULL, NULL, NULL, NULL, 1, 'Stacker ไฟไม่เข้า เดินหน้า - ถอยหลัง ไม่ได้ ชั้น 2 อาคาร 8 ', 1, 1, 0, NULL, NULL, NULL, NULL, NULL, NULL, NULL, NULL, NULL, NULL, 'ซ้ำ', '2023-04-19 17:48:34', 28, 2),
(24, 'PCS-FM-MT-2304-0011', 5, 1, 7, '2023-04-19 17:30:08', 28, 1739, 0, 0, 0, NULL, NULL, NULL, NULL, 1, 'Stacker ไฟไม่เข้า เดินหน้า - ถอยหลัง ไม่ได้ ชั้น 2 อาคาร 8 ', 1, 1, 0, NULL, NULL, NULL, NULL, NULL, NULL, NULL, NULL, NULL, NULL, 'ซ้ำ', '2023-04-19 17:48:02', 28, 2),
(25, 'PCS-FM-MT-2304-0012', 5, 1, 7, '2023-04-19 17:30:10', 28, 1739, 0, 0, 0, NULL, NULL, NULL, NULL, 1, 'Stacker ไฟไม่เข้า เดินหน้า - ถอยหลัง ไม่ได้ ชั้น 2 อาคาร 8 ', 1, 1, 0, NULL, NULL, NULL, NULL, NULL, NULL, NULL, NULL, NULL, NULL, 'แจ้งซ้ำ', '2023-04-19 17:51:30', 28, 2),
(26, 'PCS-FM-MT-2304-0013', 5, 1, 7, '2023-04-19 17:31:42', 28, 1553, 0, 1, 46, NULL, '2023-04-21 14:00:22', NULL, NULL, 1, 'Stacker ไฟไม่เข้า เดินหน้า - ถอยหลัง ไม่ได้ ชั้น 2 อาคาร 8 ', 1, 1, 0, NULL, NULL, NULL, NULL, NULL, NULL, NULL, NULL, NULL, NULL, 'ซ้ำ', '2023-04-21 20:48:43', 46, 2),
(27, 'PCS-FM-MT-2304-0014', 5, 1, 7, '2023-04-19 17:34:42', 28, 1551, 5, 1, 46, NULL, '2023-04-21 13:52:13', '2023-04-28 14:38:35', 45, 1, 'ประตูห้อง Mobile  ปิดไม่สนิท เนื่องจากประตูเอียง(เกิดการเยื้องศูนย์)', 1, 2, 0, NULL, NULL, '2023-04-28 14:38:43', NULL, NULL, NULL, NULL, NULL, NULL, NULL, NULL, NULL, NULL, 1),
(28, 'PCS-FM-MT-2304-0015', 5, 1, 7, '2023-04-19 17:36:36', 28, 1551, 0, 0, 0, NULL, NULL, NULL, NULL, 1, 'ประตูห้อง Mobile  ปิดไม่สนิท ', 1, 2, 0, NULL, NULL, NULL, NULL, NULL, NULL, NULL, NULL, NULL, NULL, 'แจ้งซ้ำ\r\n', '2023-04-19 17:51:02', 28, 2),
(29, 'PCS-FM-MT-2304-0016', 5, 1, 7, '2023-04-19 18:46:15', 35, 1578, 5, 1, 46, NULL, '2023-04-21 13:53:42', '2023-04-27 08:31:27', 45, 1, 'ประตูชำรุดเสียหาย อาคาร6 ช่องโหลดที 12', 1, 1, 0, NULL, NULL, NULL, NULL, NULL, NULL, NULL, NULL, NULL, NULL, NULL, NULL, NULL, 1),
(50, 'PCS-FM-MT-2304-0037', 5, 1, 7, '2023-04-19 19:35:43', 35, 1564, 5, 1, 46, NULL, '2023-04-21 14:01:06', '2023-04-27 08:32:33', 45, 1, 'ประตูช่องโหลดที่ 12 เกิดอุบัติเหตุ ทำให้ชำรุดโค้งงอ เปิด-ปิดไม่ได้', 1, 2, 0, NULL, NULL, '2023-04-27 12:42:43', NULL, NULL, NULL, NULL, NULL, NULL, NULL, NULL, NULL, NULL, 1),
(51, 'PCS-FM-IT-2304-0001', 3, 1, 13, '2023-04-20 10:29:44', 37, 0, 0, 0, 0, NULL, NULL, NULL, NULL, 1, 'รบกวนเก็บสายไฟบริเวณใต้โต๊ะ เนื่องจากสายมีมีจำนวนมากและไม่เป็นระเบียบค่ะ  ', 1, 2, 0, NULL, NULL, NULL, NULL, NULL, NULL, NULL, NULL, NULL, NULL, NULL, NULL, NULL, 1),
(63, 'PCS-FM-MT-2304-0038', 3, 1, 7, '2023-04-20 10:38:27', 37, 1611, 0, 1, 46, NULL, '2023-04-20 14:21:40', '2023-04-20 14:25:25', 45, 1, 'รบกวนซ่อมหน้างานบานเลื่อนที่ออฟฟิศฝ่ายบริการลูกค้าให้ด้วยค่ะ \r\nเนื่องจากหน้าต่างเวลาเปิดใช้งานขณะรับลูกค้าค่อนข้างที่จะเปิดลำบากและเวลาปิดค่อนข้างเสียงดังค่ะ  ', 1, 2, 0, NULL, NULL, '2023-04-20 14:26:05', NULL, NULL, NULL, NULL, NULL, NULL, NULL, NULL, NULL, NULL, 1),
(64, 'PCS-FM-IT-2304-0013', 5, 1, 13, '2023-04-20 11:36:55', 36, 1835, 10, 1, 21, NULL, '2023-04-20 15:47:56', '2023-04-20 15:48:02', 21, 1, 'เครื่องปริ้นเตอร์ ด้านล่างอ.7 PT.64.003 เครื่องขัดข้องหัวอ่านติดไม่ทำงาน', 1, 2, 0, NULL, NULL, NULL, NULL, NULL, NULL, NULL, NULL, NULL, NULL, NULL, NULL, NULL, 1),
(65, 'JPK-FM-EN-2304-0007', 8, 5, 8, '2023-04-20 13:15:39', 17, 201, 0, 1, 17, NULL, '2023-04-20 13:16:21', '2023-04-20 13:19:22', 42, 1, 'ชุดแผงคอและbacket ชำรุด', 2, 2, 0, NULL, NULL, '2023-04-20 13:20:35', '2023-04-20 13:29:01', NULL, '2023-04-20 13:35:32', '', 17, '2023-04-20 14:46:42', 17, NULL, NULL, NULL, 1),
(66, 'PCS-FM-MT-2304-0039', 14, 1, 7, '2023-04-20 14:30:44', 1, 252, 0, 1, 46, NULL, '2023-04-20 14:32:54', '2023-04-20 14:33:20', 45, 1, 'แอร์ไม่ทำงาน', 1, 2, 0, NULL, NULL, '2023-04-20 14:33:28', '2023-04-20 15:06:59', NULL, '2023-04-20 15:10:08', 'test', 1, '2023-04-20 15:11:32', 46, NULL, NULL, NULL, 1),
(67, 'JPK-FM-EN-2304-0008', 8, 5, 8, '2023-04-20 15:22:50', 17, 1730, 0, 1, 17, NULL, '2023-04-20 15:24:24', '2023-04-20 16:50:26', 38, 1, 'ม่านกันความเย็นและแมลงฉีกขาดชำรุดเนื่องจากการใช้งาน', 1, 2, 0, NULL, NULL, '2023-04-21 08:31:46', NULL, NULL, NULL, NULL, NULL, NULL, NULL, NULL, NULL, NULL, 1),
(69, 'JPK-FM-EN-2304-0010', 8, 5, 8, '2023-04-20 15:28:26', 17, 1731, 0, 1, 17, NULL, '2023-04-20 15:29:05', '2023-04-20 16:50:45', 38, 1, 'ปั้มน้ำใช้ภายในอาคารชำรุด', 1, 2, 0, NULL, NULL, '2023-04-20 16:50:57', NULL, NULL, NULL, NULL, NULL, NULL, NULL, NULL, NULL, NULL, 1),
(73, 'JPAC-FM-EN-2304-0004', 10, 2, 8, '2023-04-20 16:02:32', 32, 1417, 17, 1, 26, NULL, '2023-05-03 10:22:37', '2023-05-03 10:51:30', 73, 1, 'หลอดไฟเสียเปิดไม่ติด  แผงไฟตรงกลางห้อง', 1, 2, 0, NULL, NULL, '2023-05-03 12:54:03', '2023-05-03 13:02:01', NULL, '2023-05-03 13:03:11', NULL, NULL, NULL, 73, NULL, NULL, NULL, 1),
(92, 'PACT-FM-MT-2304-0001', 5, 3, 7, '2023-04-21 10:52:29', 29, 1836, 0, 0, 0, NULL, NULL, NULL, NULL, 1, 'แจ้งขอสร้างตู้เก็บสารเคมี จำนวน 1 ตู้  และถาดสีแดง จำนวน 6  ใบ  เพื่อเอามาเก็บสารเคมีประเภท น้ำมัน/สี    ', 4, 2, 0, NULL, NULL, NULL, NULL, NULL, NULL, NULL, NULL, NULL, NULL, NULL, NULL, NULL, 1),
(93, 'PACT-FM-MT-2304-0002', 5, 3, 7, '2023-04-21 11:12:09', 29, 1836, 0, 0, 0, NULL, NULL, NULL, NULL, 1, 'แจ้งสร้าง ที่ม้วนเก็บสายไฟ ในมี2 ช่อง  คือช่องโหลด ที่ 1 และ 2   ', 4, 2, 0, NULL, NULL, NULL, NULL, NULL, NULL, NULL, NULL, NULL, NULL, NULL, NULL, NULL, 1),
(94, 'PACT-FM-MT-2304-0003', 5, 3, 7, '2023-04-21 11:17:15', 29, 1836, 0, 0, 0, NULL, NULL, NULL, NULL, 1, 'สวิตช์ไฟ  ช่องโหลด 3  ยุบเข้าไปข้างใน', 1, 2, 0, NULL, NULL, NULL, NULL, NULL, NULL, NULL, NULL, NULL, NULL, NULL, NULL, NULL, 1),
(95, 'PCS-FM-MT-2304-0020', 5, 1, 7, '2023-04-21 11:29:45', 28, 1739, 3, 1, 46, NULL, '2023-04-21 14:02:02', '2023-04-22 09:35:11', 45, 1, 'ก๊อกน้ำ ข้างเสาหน้าทางขึ้น-ลง โฟร์คลิฟท์  มีน้ำหยด ซึมตลอด อาคาร 8', 1, 1, 0, NULL, NULL, '2023-04-22 13:55:57', '2023-04-22 13:58:20', NULL, NULL, NULL, NULL, NULL, NULL, NULL, NULL, NULL, 1),
(96, 'PACT-FM-MT-2304-0004', 5, 3, 7, '2023-04-21 11:35:48', 29, 1836, 0, 0, 0, NULL, NULL, NULL, NULL, 1, 'สายไฟ เชื่อมต่อตู้คอนโทรลไฟ  ชำรุด   ช่องโหลด 2 และ ช่องโหลด 3', 1, 2, 0, NULL, NULL, NULL, NULL, NULL, NULL, NULL, NULL, NULL, NULL, NULL, NULL, NULL, 1),
(97, 'PACT-FM-MT-2304-0005', 5, 3, 7, '2023-04-21 17:07:05', 29, 1836, 0, 0, 0, NULL, NULL, NULL, NULL, 1, 'ม่านผ้าใบ สีเหลือง ช่องโหลด 2 เอียง ตัวติดตีนตุ๊กแกติดกับม่านไม่สนิท บางตัว ติดไม่ได้ ', 1, 2, 0, NULL, NULL, NULL, NULL, NULL, NULL, NULL, NULL, NULL, NULL, NULL, NULL, NULL, 1),
(98, 'PACT-FM-MT-2304-0006', 5, 3, 7, '2023-04-21 17:46:34', 29, 1836, 0, 0, 0, NULL, NULL, NULL, NULL, 1, 'แก้ไข ผนังมีรอยแยกตลอดแนว', 1, 2, 0, NULL, NULL, NULL, NULL, NULL, NULL, NULL, NULL, NULL, NULL, NULL, NULL, NULL, 1),
(99, 'PACT-FM-MT-2304-0007', 5, 3, 7, '2023-04-21 19:35:16', 29, 1836, 0, 0, 0, NULL, NULL, NULL, NULL, 1, 'สายพานคอนเวนเยอร์ขาดชำรุด  เบอร์ WC.M.56.06.38', 1, 1, 0, NULL, NULL, NULL, NULL, NULL, NULL, NULL, NULL, NULL, NULL, NULL, NULL, NULL, 1),
(100, 'PACT-FM-MT-2304-0008', 5, 3, 7, '2023-04-22 09:20:53', 29, 1836, 0, 0, 0, NULL, NULL, NULL, NULL, 1, 'ขอบปูนหน้าช่องโหลด 1  แตก', 1, 2, 0, NULL, NULL, NULL, NULL, NULL, NULL, NULL, NULL, NULL, NULL, NULL, NULL, NULL, 1),
(101, 'JPK-FM-EN-2304-0006', 8, 5, 8, '2023-04-22 09:55:27', 17, 1826, 0, 1, 17, NULL, '2023-04-22 10:01:59', '2023-04-22 19:42:26', 42, 1, 'ชุดแปรงถ่านหมด', 2, 1, 0, NULL, NULL, '2023-04-22 19:42:40', NULL, NULL, NULL, NULL, NULL, NULL, NULL, NULL, NULL, NULL, 1),
(102, 'PCS-FM-MT-2304-0021', 10, 1, 7, '2023-04-22 14:02:09', 47, 1608, 0, 1, 46, NULL, '2023-04-24 16:12:24', '2023-05-06 09:17:06', 46, 1, 'ห้องน้ำหญิง ชั้น 1  อฟฟิต หน้า', 1, 2, 0, NULL, NULL, '2023-05-06 10:12:29', NULL, NULL, NULL, NULL, NULL, NULL, NULL, 'ไม่แนบรูปภาพไม่ชัดเจน', '2023-05-06 10:21:33', 46, 2),
(105, 'PCS-FM-MT-2304-0024', 10, 1, 7, '2023-04-22 14:07:50', 47, 1606, 1, 1, 46, NULL, '2023-04-24 16:00:27', '2023-04-27 08:32:58', 45, 1, 'กระจกแตก  ที่คาร์ปาร์ค', 1, 2, 0, NULL, NULL, '2023-04-27 09:20:30', '2023-05-02 13:44:25', NULL, NULL, NULL, NULL, NULL, NULL, NULL, NULL, NULL, 1),
(106, 'PCS-FM-MT-2304-0025', 5, 1, 7, '2023-04-22 14:20:35', 36, 1738, 0, 1, 46, NULL, '2023-04-24 16:01:34', '2023-04-27 08:34:02', 45, 1, 'ขอบผนังและพื้นปูนไม่เรียบ เก็บงานปูนจุดที่มีการเจาะประตูตรง Dumper ', 1, 1, 0, NULL, NULL, '2023-04-27 08:34:30', NULL, NULL, NULL, NULL, NULL, NULL, NULL, NULL, NULL, NULL, 1),
(107, 'PCS-FM-MT-2304-0026', 5, 1, 7, '2023-04-22 14:30:30', 36, 1738, 0, 1, 46, NULL, '2023-04-24 16:02:05', '2023-04-27 08:40:35', 45, 1, 'ม่านขาดชำรุด ในห้อง Mo.4,MO.5,0a7,Antyroom', 1, 1, 0, NULL, NULL, '2023-04-27 09:20:00', NULL, NULL, NULL, NULL, NULL, NULL, NULL, NULL, NULL, NULL, 1),
(108, 'PCS-FM-MT-2304-0027', 5, 1, 7, '2023-04-22 14:46:01', 36, 1738, 2, 1, 46, NULL, '2023-04-24 15:49:47', '2023-04-27 08:34:57', 45, 1, 'ปลั๊ก power ตรงบริเวณ DUMPER เพิ่อรองรับการใช้เครื่อง  High Pressure', 4, 2, 0, NULL, NULL, '2023-04-27 08:35:54', NULL, NULL, NULL, NULL, NULL, NULL, NULL, NULL, NULL, NULL, 1),
(109, 'PCS-FM-MT-2304-0028', 10, 1, 7, '2023-04-22 16:08:57', 47, 1700, 1, 1, 46, NULL, '2023-04-24 15:50:23', '2023-04-27 08:36:55', 45, 1, 'สปริงที่เหยีบบ ไม่เด้ง  น้ำไหลตลอด  ที่อาคาร 6', 1, 2, 0, NULL, NULL, '2023-04-27 09:19:44', '2023-04-28 16:40:53', NULL, NULL, NULL, NULL, NULL, NULL, NULL, NULL, NULL, 1),
(110, 'PCS-FM-MT-2304-0029', 10, 1, 7, '2023-04-22 16:20:00', 47, 1685, 0, 1, 46, NULL, '2023-04-24 15:48:19', NULL, NULL, 1, 'ท่อแตก มีขยะอุดตัน', 1, 2, 0, NULL, NULL, NULL, NULL, NULL, NULL, NULL, NULL, NULL, NULL, NULL, NULL, NULL, 1),
(111, 'PCS-FM-IT-2304-0003', 10, 1, 13, '2023-04-22 16:24:00', 47, 1835, 0, 0, 0, NULL, NULL, NULL, NULL, 1, 'เก็บสายไม่เรียบร้อย', 1, 2, 0, NULL, NULL, NULL, NULL, NULL, NULL, NULL, NULL, NULL, NULL, NULL, NULL, NULL, 1),
(112, 'PCS-FM-MT-2304-0030', 10, 1, 7, '2023-04-22 16:31:58', 47, 0, 0, 2, 46, 'ไม่ใช่ของบริษัท', '2023-04-24 16:13:58', NULL, NULL, 1, 'ตู้โทรศัพท์ไม่ใช้แล้ว', 1, 1, 0, NULL, NULL, NULL, NULL, NULL, NULL, NULL, NULL, NULL, NULL, NULL, NULL, NULL, 1),
(113, 'PCS-FM-MT-2304-0031', 10, 1, 7, '2023-04-22 16:34:16', 47, 1611, 0, 2, 46, 'อาคาร ไหน', '2023-04-24 16:04:02', NULL, NULL, 1, 'ที่เกาะขอบหน้าต่างหลุด/หัก', 1, 2, 0, NULL, NULL, NULL, NULL, NULL, NULL, NULL, NULL, NULL, NULL, NULL, NULL, NULL, 1),
(114, 'PCS-FM-MT-2304-0032', 3, 1, 7, '2023-04-22 20:01:50', 37, 1613, 0, 1, 46, NULL, '2023-04-24 16:04:59', NULL, NULL, 1, 'รบกวนวัดขนาด กระจกเพื่อสั่งฟิมล์ติดใหม่ โดยให้ช่างติดให้ค่ะ', 1, 2, 0, NULL, NULL, NULL, NULL, NULL, NULL, NULL, NULL, NULL, NULL, NULL, NULL, NULL, 1),
(115, 'PCS-FM-MT-2304-0033', 3, 1, 7, '2023-04-22 20:02:58', 37, 0, 0, 1, 46, NULL, '2023-04-24 16:05:51', NULL, NULL, 1, 'รบกวนจัดทำชั้นวางรองเท้าให้ออฟฟิศฝ่ายบริการลูกค้าด้านหน้าด้วยค่ะ ', 4, 2, 0, NULL, NULL, NULL, NULL, NULL, NULL, NULL, NULL, NULL, NULL, NULL, NULL, NULL, 1),
(116, 'PCS-FM-MT-2304-0034', 5, 1, 7, '2023-04-23 16:58:08', 28, 1739, 0, 1, 46, NULL, '2023-04-24 15:52:50', '2023-04-27 08:39:46', 45, 1, 'ราวกันกระแทกโดนรถโฟร์คชน เกิดการแตกหัก บริเวณเสาแรก ห้องโหลดสินค้า อาคาร 8', 1, 1, 0, NULL, NULL, '2023-04-27 09:18:54', NULL, NULL, NULL, NULL, NULL, NULL, NULL, NULL, NULL, NULL, 1),
(117, 'PCS-FM-EN-2304-0001', 8, 1, 8, '2023-04-24 09:12:40', 23, 0, 0, 0, 0, NULL, NULL, NULL, NULL, 1, 'แอร์ห้องเครื่อง อาคาร 9 เซนเซอร์ Error', 1, 2, 0, NULL, NULL, NULL, NULL, NULL, NULL, NULL, NULL, NULL, NULL, NULL, NULL, NULL, 1),
(118, 'PCS-FM-EN-2304-0002', 8, 1, 8, '2023-04-24 09:12:44', 23, 0, 0, 0, 0, NULL, NULL, NULL, NULL, 1, 'แอร์ห้องเครื่อง อาคาร 9 เซนเซอร์ Error', 1, 2, 0, NULL, NULL, NULL, NULL, NULL, NULL, NULL, NULL, NULL, NULL, 'ซ้ำ', '2023-04-24 09:27:34', 23, 2),
(119, 'PCS-FM-EN-2304-0003', 8, 1, 8, '2023-04-24 09:12:50', 23, 0, 0, 0, 0, NULL, NULL, NULL, NULL, 1, 'แอร์ห้องเครื่อง อาคาร 9 เซนเซอร์ Error', 1, 2, 0, NULL, NULL, NULL, NULL, NULL, NULL, NULL, NULL, NULL, NULL, 'ซ้ำ', '2023-04-24 09:27:12', 23, 2),
(120, 'PCS-FM-EN-2304-0004', 8, 1, 8, '2023-04-24 09:12:56', 23, 0, 0, 0, 0, NULL, NULL, NULL, NULL, 1, 'แอร์ห้องเครื่อง อาคาร 9 เซนเซอร์ Error', 1, 2, 0, NULL, NULL, NULL, NULL, NULL, NULL, NULL, NULL, NULL, NULL, 'ซ้ำ', '2023-04-24 09:26:45', 23, 2),
(121, 'PCS-FM-MT-2304-0035', 10, 1, 7, '2023-04-24 09:14:26', 47, 1631, 0, 1, 46, NULL, '2023-04-24 16:06:21', NULL, NULL, 1, 'ออฟฟิตหน้า ชั้น2  อ่างล้างอุปกรณ์ ปิดแล้วน้ำยังหยดอยู่ตลอด', 1, 2, 0, NULL, NULL, NULL, NULL, NULL, NULL, NULL, NULL, NULL, NULL, NULL, NULL, NULL, 1),
(122, 'PCS-FM-MT-2304-0036', 8, 1, 7, '2023-04-24 09:15:16', 23, 1597, 0, 0, 0, NULL, NULL, NULL, NULL, 1, 'แอร์ห้องเครื่อง อาคาร 9 เซนเซอร์ Error', 1, 2, 0, NULL, NULL, NULL, NULL, NULL, NULL, NULL, NULL, NULL, NULL, 'ซ้ำ', '2023-04-24 09:26:21', 23, 2),
(123, 'PCS-FM-MT-2304-0037', 8, 1, 7, '2023-04-24 09:15:19', 23, 1597, 0, 0, 0, NULL, NULL, NULL, NULL, 1, 'แอร์ห้องเครื่อง อาคาร 9 เซนเซอร์ Error', 1, 2, 0, NULL, NULL, NULL, NULL, NULL, NULL, NULL, NULL, NULL, NULL, 'ซ้ำ', '2023-04-24 09:26:06', 23, 2),
(124, 'PCS-FM-MT-2304-0038', 8, 1, 7, '2023-04-24 09:16:25', 23, 1597, 0, 0, 0, NULL, NULL, NULL, NULL, 1, 'แอร์ห้องเครื่อง อาคาร 9 เซนเซอร์ Error', 1, 2, 0, NULL, NULL, NULL, NULL, NULL, NULL, NULL, NULL, NULL, NULL, 'ซ้ำ', '2023-04-24 09:25:50', 23, 2),
(125, 'PCS-FM-MT-2304-0039', 8, 1, 7, '2023-04-24 09:18:42', 23, 1597, 0, 0, 0, NULL, NULL, NULL, NULL, 1, 'แอร์ห้องเครื่อง อาคาร 9 ไม่ทำงาน เซนเซอร์ Error', 1, 2, 0, NULL, NULL, NULL, NULL, NULL, NULL, NULL, NULL, NULL, NULL, 'ซ้ำ', '2023-04-24 09:23:26', 23, 2),
(126, 'PCS-FM-MT-2304-0040', 5, 1, 7, '2023-04-24 10:14:14', 52, 1574, 0, 2, 46, 'ไม่ระบุ อาคาร สถานที่', '2023-04-24 16:11:30', NULL, NULL, 1, 'หักชำรุด', 1, 2, 0, NULL, NULL, NULL, NULL, NULL, NULL, NULL, NULL, NULL, NULL, NULL, NULL, NULL, 1),
(133, 'JPAC-FM-EN-2304-0002', 10, 2, 8, '2023-04-24 11:35:05', 33, 1424, 18, 1, 26, NULL, '2023-05-03 10:22:22', '2023-05-03 11:10:30', 73, 1, 'น้ำซึมจากห้องหญิงออฟฟิศชั้น2ลงสู่ห้องน้ำหญิงออฟฟิตชั้น1', 1, 1, 0, NULL, NULL, NULL, NULL, NULL, NULL, NULL, NULL, NULL, NULL, NULL, NULL, NULL, 1),
(134, 'JPAC-FM-EN-2304-0003', 10, 2, 8, '2023-04-24 11:36:02', 33, 1424, 0, 0, 0, NULL, NULL, NULL, NULL, 1, 'น้ำซึมจากห้องหญิงออฟฟิศชั้น2ลงสู่ห้องน้ำหญิงออฟฟิตชั้น1', 1, 1, 0, NULL, NULL, NULL, NULL, NULL, NULL, NULL, NULL, NULL, NULL, 'บันทึกข้อมูลซ้ำเนื่องจากกดบันทุกแล้วขึ้นว่าไม่บันทึกจึงกดบันทึกซ้ำ', '2023-04-24 11:44:39', 33, 2),
(135, 'JPAC-FM-EN-2304-0004', 10, 2, 8, '2023-04-24 11:36:04', 33, 1424, 0, 0, 0, NULL, NULL, NULL, NULL, 1, 'น้ำซึมจากห้องหญิงออฟฟิศชั้น2ลงสู่ห้องน้ำหญิงออฟฟิตชั้น1', 1, 1, 0, NULL, NULL, NULL, NULL, NULL, NULL, NULL, NULL, NULL, NULL, 'รายการซ้ำกัน', '2023-04-24 11:43:11', 33, 2),
(136, 'JPK-FM-EN-2304-0007', 8, 5, 8, '2023-04-24 11:37:56', 40, 1358, 0, 1, 17, NULL, '2023-04-24 11:39:04', NULL, NULL, 1, 'คาปาซิเตอร์แอร์คอยร้อนเสีย\r\nออฟฟิตทุกบาร์', 2, 2, 0, NULL, NULL, NULL, NULL, NULL, NULL, NULL, NULL, NULL, NULL, 'เปิดใบงานซ้ำ', '2023-04-25 08:28:03', 17, 2),
(137, 'JPK-FM-EN-2304-0008', 8, 5, 8, '2023-04-24 11:37:58', 40, 1358, 0, 0, 0, NULL, NULL, NULL, NULL, 1, 'คาปาซิเตอร์แอร์คอยร้อนเสีย\r\nออฟฟิตทุกบาร์', 2, 2, 0, NULL, NULL, NULL, NULL, NULL, NULL, NULL, NULL, NULL, NULL, 'แจ้งซ้ำ', '2023-04-24 11:39:45', 17, 2),
(138, 'PCS-FM-IT-2304-0004', 8, 1, 13, '2023-04-24 13:16:50', 1, 1835, 0, 2, 1, 'สาเหตุไม่อนุมัติใบแจ้งซ่อม ทดสอบไม่อนุมัติ สาเหตุไม่อนุมัติใบแจ้งซ่อม ทดสอบไม่อนุมัติ \n', '2023-06-05 16:13:19', NULL, NULL, 1, 'ทดสอบแจ้งซ่อม แก้ปัญหากดยืนยันแล้วค้าง ไม่สามารถบันทึกข้อมูลได้\r\n(แก้ไขแล้ว)', 1, 1, 0, NULL, NULL, NULL, NULL, NULL, NULL, NULL, NULL, NULL, NULL, NULL, NULL, NULL, 1),
(139, 'PCS-FM-IT-2304-0005', 10, 1, 13, '2023-04-24 13:37:31', 47, 1835, 0, 0, 0, NULL, NULL, NULL, NULL, 1, 'เครื่องสแกนนิ้วเสีย  อาคาร 9', 1, 2, 0, NULL, NULL, NULL, NULL, NULL, NULL, NULL, NULL, NULL, NULL, NULL, NULL, NULL, 1),
(140, 'PCS-FM-MT-2304-0047', 5, 1, 7, '2023-04-24 13:45:56', 28, 1739, 1, 1, 46, NULL, '2023-04-24 16:09:34', '2023-04-27 08:39:28', 45, 1, 'ไกด์ประตูช่องโหลดสินค้า ที่ 2 แตกหัก ทำให้ปิดประตูไม่สนิท อาคาร 8', 1, 1, 0, NULL, NULL, '2023-05-03 09:38:06', '2023-05-03 09:43:40', NULL, NULL, NULL, NULL, NULL, NULL, NULL, NULL, NULL, 1),
(141, 'JPAC-FM-EN-2304-0005', 10, 2, 8, '2023-04-24 14:35:00', 33, 1431, 0, 1, 26, NULL, '2023-05-03 10:22:02', '2023-05-03 10:51:16', 73, 1, 'ไฟสนามด้านหน้าโรงอาหารล้มสองต้น', 1, 1, 0, NULL, NULL, NULL, NULL, NULL, NULL, NULL, NULL, NULL, NULL, NULL, NULL, NULL, 1),
(142, 'JPK-FM-EN-2304-0009', 8, 5, 8, '2023-04-24 15:28:39', 17, 1839, 19, 1, 17, NULL, '2023-04-24 15:30:05', '2023-04-24 16:27:31', 40, 1, 'แอร์ห้องทำงานลูกค้าทุกบาเสีย', 2, 2, 0, NULL, NULL, '2023-04-24 16:27:44', '2023-04-24 16:39:14', NULL, '2023-04-24 16:48:48', '-ชื้อชุดคาปาซิเตอร์จากซัพฯมาใช้งานก่อนในราคา 580 บาท', 17, '2023-04-24 16:49:45', 17, NULL, NULL, NULL, 1),
(143, 'JPAC-FM-EN-2304-0006', 5, 2, 8, '2023-04-24 15:52:59', 25, 1458, 17, 1, 26, NULL, '2023-05-03 10:19:24', '2023-05-03 11:10:23', 73, 1, 'สายไฟสปอร์ตไลน์ เคลื่อนที่ ชำรุด', 1, 2, 0, NULL, NULL, NULL, NULL, NULL, NULL, NULL, NULL, NULL, NULL, NULL, NULL, NULL, 1),
(144, 'JPAC-FM-EN-2304-0007', 5, 2, 8, '2023-04-24 16:04:39', 25, 1507, 0, 1, 26, NULL, '2023-05-03 10:16:47', '2023-05-03 11:10:14', 73, 1, 'ประตูทางลงโฟคลิฟท์ฝั่งเจนโซน และ ฝั่งฟรีโซน เกิดอุบัติเหตุประตูชำรุด', 1, 2, 0, NULL, NULL, NULL, NULL, NULL, NULL, NULL, NULL, NULL, NULL, NULL, NULL, NULL, 1),
(145, 'PCS-FM-IT-2304-0006', 5, 1, 13, '2023-04-25 08:53:11', 36, 1835, 0, 1, 20, NULL, '2023-04-25 09:21:55', '2023-04-26 11:47:18', 21, 1, 'ตาชั่งด้านล่างอ.7 ไม่ลิ้งค์กับคอมพิวเตอร์ สาย comport หลวม', 1, 2, 0, NULL, NULL, NULL, NULL, NULL, NULL, NULL, NULL, NULL, NULL, NULL, NULL, NULL, 1),
(146, 'PCS-FM-MT-2304-0040', 5, 1, 7, '2023-04-25 09:04:59', 28, 1739, 0, 1, 46, NULL, '2023-04-25 15:16:48', '2023-04-27 08:39:02', 45, 1, 'ประตูทางเข้าอาคาร ไม่สามารถเลื่อนปิดเองได้ ประตูทางเข้าคนงานอาคาร 8', 1, 1, 0, NULL, NULL, '2023-04-27 08:57:48', '2023-04-27 09:01:36', NULL, NULL, NULL, NULL, NULL, NULL, NULL, NULL, NULL, 1),
(147, 'PLP-FM-TP-2304-0001', 4, 7, 4, '2023-04-25 09:23:57', 56, 1810, 0, 1, 50, NULL, '2023-04-25 09:28:38', '2023-04-25 09:28:49', 50, 1, 'แบตหมด ทดสอบ', 1, 2, 0, NULL, NULL, NULL, NULL, NULL, NULL, NULL, NULL, NULL, NULL, 'test', '2023-05-06 08:32:51', 50, 2),
(148, 'PCS-FM-IT-2304-0007', 13, 1, 13, '2023-04-25 10:38:26', 21, 0, 22, 1, 21, NULL, '2023-04-25 10:39:05', '2023-04-27 17:17:14', 20, 1, 'กล้อง อาคาร 6 B6-19 ดับไม่สามารถออนไลน์\r\nกล้อง อาคาร 4 DR15 DR4\r\n', 4, 2, 0, NULL, NULL, NULL, NULL, NULL, NULL, NULL, NULL, NULL, NULL, NULL, NULL, NULL, 1),
(149, 'JPK-FM-EN-2304-0010', 2, 5, 8, '2023-04-25 10:54:50', 54, 1805, 0, 1, 17, NULL, '2023-04-25 10:59:58', '2023-04-25 13:11:58', 42, 1, 'เครื่องไม่ทำงาน', 1, 2, 0, NULL, NULL, '2023-04-25 13:12:18', NULL, NULL, NULL, NULL, NULL, NULL, NULL, NULL, NULL, NULL, 1),
(150, 'JPK-FM-EN-2304-0011', 5, 5, 8, '2023-04-25 10:55:00', 59, 76, 0, 1, 17, NULL, '2023-04-25 11:00:31', '2023-04-25 13:15:03', 40, 1, 'ต้องการไฟสปอร์ตไลท์ เพิ่ม จำนวน 3 ชุด เพื่อใช้ส่องเข้าไปในตู้โหลดสินค้า', 4, 2, 0, NULL, NULL, '2023-04-28 15:47:55', NULL, NULL, NULL, NULL, NULL, NULL, NULL, NULL, NULL, NULL, 1),
(151, 'JPAC-FM-EN-2304-0008', 5, 2, 8, '2023-04-25 13:17:23', 25, 825, 0, 1, 26, NULL, '2023-05-03 10:16:25', '2023-05-03 11:10:04', 73, 1, 'กันชนเสาเซนเซอร์ ชำรุดแก้ไขให้หน่อยค่ะ', 1, 2, 0, NULL, NULL, NULL, NULL, NULL, NULL, NULL, NULL, NULL, NULL, NULL, NULL, NULL, 1),
(152, 'JPAC-FM-EN-2304-0009', 5, 2, 8, '2023-04-25 13:23:30', 25, 1507, 0, 1, 26, NULL, '2023-05-03 10:16:07', '2023-05-03 11:09:35', 73, 1, 'ด้านหน้าทางลงโฟคลิฟท์ฝั่งเจนโซน', 1, 1, 0, NULL, NULL, NULL, NULL, NULL, NULL, NULL, NULL, NULL, NULL, NULL, NULL, NULL, 1),
(153, 'JPAC-FM-EN-2304-0010', 5, 2, 8, '2023-04-25 13:26:50', 25, 1318, 0, 1, 26, NULL, '2023-05-03 10:15:28', '2023-05-03 11:09:26', 73, 1, 'ราวกันชนผนัง Antiroom 1 ชำรุด', 1, 1, 0, NULL, NULL, NULL, NULL, NULL, NULL, NULL, NULL, NULL, NULL, NULL, NULL, NULL, 1),
(154, 'JPAC-FM-EN-2304-0011', 5, 2, 8, '2023-04-25 13:45:42', 25, 1511, 16, 1, 26, NULL, '2023-05-03 10:14:16', '2023-05-03 11:04:57', 76, 1, 'ม่านทางลงโฟคลิฟท์ลานโหลด4ชำรุด', 1, 1, 0, NULL, NULL, '2023-05-03 11:06:42', NULL, NULL, NULL, NULL, NULL, NULL, NULL, NULL, NULL, NULL, 1),
(155, 'JPAC-FM-EN-2304-0012', 5, 2, 8, '2023-04-25 14:02:29', 25, 1473, 0, 1, 26, NULL, '2023-05-03 10:13:40', '2023-05-03 11:09:17', 73, 1, 'แก้ไขช่องอากาศประตูห้องเก็บ', 1, 2, 0, NULL, NULL, NULL, NULL, NULL, NULL, NULL, NULL, NULL, NULL, NULL, NULL, NULL, 1),
(156, 'PCS-FM-EN-2304-0005', 6, 1, 8, '2023-04-25 15:43:08', 22, 0, 0, 0, 0, NULL, NULL, NULL, NULL, 1, 'เหล็กฉากกันชนชำรุดและน็อตคลายตัว หน้าสเตชั่น อาคาร 9 ห้อง ASRS', 1, 2, 0, NULL, NULL, NULL, NULL, NULL, NULL, NULL, NULL, NULL, NULL, NULL, NULL, NULL, 1),
(157, 'PCS-FM-MT-2304-0041', 6, 1, 7, '2023-04-25 15:54:29', 22, 0, 1, 1, 46, NULL, '2023-04-25 16:51:17', '2023-04-27 08:38:13', 45, 1, 'อาคาร 9 รถ PE เบอร์ 5 แตรพังค่ะ ', 1, 2, 0, NULL, NULL, '2023-04-27 09:16:13', '2023-05-06 15:13:25', NULL, NULL, NULL, NULL, NULL, NULL, NULL, NULL, NULL, 1),
(158, 'PCS-FM-MT-2304-0042', 6, 1, 7, '2023-04-25 15:55:55', 22, 0, 0, 1, 46, NULL, '2023-04-25 16:51:46', '2023-04-27 08:37:42', 45, 1, 'อาคาร 9 สายไฟช่องโหลดชำรุด ', 1, 2, 0, NULL, NULL, '2023-04-27 09:15:53', '2023-04-27 13:31:26', NULL, NULL, NULL, NULL, NULL, NULL, NULL, NULL, NULL, 1),
(159, 'PACT-FM-MT-2304-0009', 5, 3, 7, '2023-04-26 09:17:00', 29, 1836, 0, 0, 0, NULL, NULL, NULL, NULL, 1, 'กล่องไฟดักแมลงPACTไม่ติด2 จำนวน 2 เครื่อง บริเวณห้อง SSR\r\n1.LE.M.66.01.04\r\n2.LE.M.66.01.03', 1, 2, 0, NULL, NULL, NULL, NULL, NULL, NULL, NULL, NULL, NULL, NULL, NULL, NULL, NULL, 1),
(160, 'PCS-FM-IT-2304-0008', 2, 1, 13, '2023-04-26 11:24:16', 71, 1835, 8, 1, 21, NULL, '2023-04-27 10:48:28', '2023-05-04 14:42:38', 58, 1, 'เซตเครื่องคอม ฯ   ข้างฟีน  เป็น  User  Inthuon.p\r\n-ติดตั้งโปรแกรมเครื่องชั่งน้ำหนักและแก้ไขทะเบียนรถ\r\n-ติดตั้งเมล์  Outlook  inthuon.p@jwdcoldchain.com\r\n-ติดตั้งโปรแกรมพื้นฐาน ไลน์/ Sap/microsoft\r\n-ลงโปรแกรมดูกล้องวงจรปิด PACM\r\n-ลงฟ้อนด์ขอบริษัท', 4, 1, 0, NULL, NULL, NULL, NULL, NULL, NULL, NULL, NULL, NULL, NULL, NULL, NULL, NULL, 1),
(161, 'PCS-FM-MT-2304-0043', 6, 1, 7, '2023-04-26 18:07:22', 22, 0, 0, 1, 46, NULL, '2023-04-27 15:41:27', '2023-04-27 16:22:41', 45, 1, 'อาคาร 9 รถ PE เบอร์ 5 ชำรุด น็อตหลุด', 1, 2, 0, NULL, NULL, '2023-04-27 16:22:56', '2023-04-27 16:36:57', NULL, NULL, NULL, NULL, NULL, NULL, NULL, NULL, NULL, 1),
(162, 'PCS-FM-MT-2304-0044', 3, 1, 7, '2023-04-28 09:27:38', 37, 1622, 0, 2, 46, 'ไม่ทราบอาคาร สถานที่', '2023-04-28 15:34:27', NULL, NULL, 1, 'เก้าอี้ชำรุดล้อเลื่อนหัก  จำนวน 2  ตัว  ไม่สามารถใช้งานได้ รบกวนเร่งติดตามซ่อมให้ด้วยค่ะ เนื่องจากเก้าอี้ไม่เพียงพอต่อการใช้งานค่ะ  ขอบคุณค่ะ ', 1, 2, 0, NULL, NULL, NULL, NULL, NULL, NULL, NULL, NULL, NULL, NULL, NULL, NULL, NULL, 1),
(163, 'PCS-FM-MT-2304-0045', 6, 1, 7, '2023-04-28 14:21:10', 22, 1775, 0, 2, 46, 'ไม่ทราบสถานที่', '2023-04-28 15:32:46', NULL, NULL, 1, 'แจ้งสร้างฝาท่อรางระบายน้ำ เนื่องไม่มีฝาท่อรางระบายนน้ำ อาคาร 3', 1, 1, 0, NULL, NULL, NULL, NULL, NULL, NULL, NULL, NULL, NULL, NULL, NULL, NULL, NULL, 1),
(164, 'PCS-FM-MT-2304-0046', 6, 1, 7, '2023-04-28 14:26:57', 22, 0, 0, 1, 46, NULL, '2023-04-28 15:35:18', NULL, NULL, 1, 'แจ้งช่างช่วยนำสายไฟที่ชำรุดออกให้ด้วยค่ะ อาคาร 2 ', 1, 2, 0, NULL, NULL, NULL, NULL, NULL, NULL, NULL, NULL, NULL, NULL, NULL, NULL, NULL, 1),
(165, 'PCS-FM-MT-2304-0047', 6, 1, 7, '2023-04-28 14:28:20', 22, 0, 0, 1, 46, NULL, '2023-04-28 15:36:32', NULL, NULL, 1, 'ตู้น้ำดื่มสายดินชำรุด อาคาร 3 ', 1, 2, 0, NULL, NULL, NULL, NULL, NULL, NULL, NULL, NULL, NULL, NULL, NULL, NULL, NULL, 1),
(166, 'PCS-FM-EN-2304-0006', 6, 1, 8, '2023-04-28 14:30:09', 22, 0, 0, 0, 0, NULL, NULL, NULL, NULL, 1, 'พบรางไฟชำรุดบริเวณเพดานห้อง M01 อาคาร 3 ', 1, 2, 0, NULL, NULL, NULL, NULL, NULL, NULL, NULL, NULL, NULL, NULL, NULL, NULL, NULL, 1),
(167, 'PCS-FM-EN-2304-0007', 6, 1, 8, '2023-04-28 14:31:06', 22, 0, 0, 0, 0, NULL, NULL, NULL, NULL, 1, 'พบรางไฟชำรุดบริเวณเพดานห้อง M02 อาคาร 3 ', 1, 2, 0, NULL, NULL, NULL, NULL, NULL, NULL, NULL, NULL, NULL, NULL, NULL, NULL, NULL, 1),
(168, 'PCS-FM-EN-2304-0008', 6, 1, 8, '2023-04-28 14:31:55', 22, 0, 0, 0, 0, NULL, NULL, NULL, NULL, 1, 'เพดานอาคาร 3พบ สลิงชำรุดไม่ได้นำออก', 1, 2, 0, NULL, NULL, NULL, NULL, NULL, NULL, NULL, NULL, NULL, NULL, NULL, NULL, NULL, 1),
(169, 'PCS-FM-IT-2304-0009', 3, 1, 13, '2023-04-28 17:51:49', 37, 0, 0, 0, 0, NULL, NULL, NULL, NULL, 1, 'รบกวนเก็บสายไฟบริเวรใต้โต๊ะทำงาน อาคาร6 ให้ด้วยค่ะ เนื่องจากสายไฟมีจำนวนมาก', 1, 2, 0, NULL, NULL, NULL, NULL, NULL, NULL, NULL, NULL, NULL, NULL, NULL, NULL, NULL, 1),
(170, 'PCS-FM-MT-2304-0048', 10, 1, 7, '2023-04-29 09:34:11', 47, 232, 0, 1, 46, NULL, '2023-04-29 15:58:15', NULL, NULL, 1, 'สายพันท่อแอร์หลุด', 1, 2, 0, NULL, NULL, NULL, NULL, NULL, NULL, NULL, NULL, NULL, NULL, NULL, NULL, NULL, 1),
(171, 'JPAC-FM-EN-2304-0013', 5, 2, 8, '2023-04-29 09:50:37', 25, 902, 0, 1, 26, NULL, '2023-05-03 10:12:31', '2023-05-03 10:50:39', 73, 1, 'ประตู Auto ห้อง B01RM002 ฝั่งฟรีโซน ใช้งาน Auto ไม่ได้', 1, 2, 0, NULL, NULL, NULL, NULL, NULL, NULL, NULL, NULL, NULL, NULL, NULL, NULL, NULL, 1),
(172, 'PCS-FM-MT-2304-0049', 10, 1, 7, '2023-04-29 09:51:43', 47, 1601, 0, 1, 46, NULL, '2023-04-29 16:05:49', NULL, NULL, 1, 'เก็ยสายไฟที่ไม่ใช่งานให้เรียบร้อย 2 จุด  1 ข้างผนัง 2 ด้านบน', 1, 2, 0, NULL, NULL, NULL, NULL, NULL, NULL, NULL, NULL, NULL, NULL, NULL, NULL, NULL, 1),
(173, 'PCS-FM-MT-2304-0050', 10, 1, 7, '2023-04-29 09:56:17', 47, 1607, 0, 1, 46, NULL, '2023-04-29 16:00:36', NULL, NULL, 1, 'สวิสต์เสีย  ไฟจะดูด  ห้องน้ำชั้น 1  ออฟฟิตหน้า', 1, 2, 0, NULL, NULL, NULL, NULL, NULL, NULL, NULL, NULL, NULL, NULL, NULL, NULL, NULL, 1),
(174, 'PCS-FM-MT-2304-0051', 10, 1, 7, '2023-04-29 10:07:51', 47, 1611, 1, 1, 46, NULL, '2023-04-29 16:01:15', '2023-05-02 09:11:30', 45, 1, 'ที่เกาะขอบหน้าต่าง  อาคาร 8  หัก  บริเวณชั้น 2 ที่นั่งพักทานข้าว', 1, 2, 0, NULL, NULL, '2023-05-02 09:11:38', '2023-05-02 16:33:57', NULL, NULL, NULL, NULL, NULL, NULL, NULL, NULL, NULL, 1),
(175, 'JPAC-FM-EN-2304-0014', 10, 2, 8, '2023-04-29 11:01:37', 33, 1424, 16, 1, 26, NULL, '2023-04-29 14:35:20', '2023-04-29 14:36:12', 26, 1, 'สายที่ฉีดทำความสะอาดหลุดจากกำแพง', 1, 1, 0, NULL, NULL, NULL, NULL, NULL, NULL, NULL, NULL, NULL, NULL, NULL, NULL, NULL, 1),
(176, 'PCS-FM-MT-2304-0052', 5, 1, 7, '2023-04-29 11:39:47', 28, 1739, 2, 1, 46, NULL, '2023-04-29 16:03:15', '2023-05-02 09:11:00', 45, 1, 'หลอดไฟในห้องน้ำพนักงานชายด้านล่าง ไม่ติด  อาคาร 8', 1, 1, 0, NULL, NULL, '2023-05-02 09:11:16', '2023-05-02 13:39:30', NULL, NULL, NULL, NULL, NULL, NULL, NULL, NULL, NULL, 1),
(177, 'PCS-FM-MT-2304-0053', 5, 1, 7, '2023-04-29 11:45:29', 28, 1739, 0, 1, 46, NULL, '2023-04-29 16:04:34', '2023-05-02 09:23:10', 45, 1, 'กำแพงราวกั้น ทางขึ้นรถโฟร์คลิฟท์โดนชน อาคาร 8', 1, 1, 0, NULL, NULL, NULL, NULL, NULL, NULL, NULL, NULL, NULL, NULL, NULL, NULL, NULL, 1),
(178, 'PCS-FM-MT-2304-0054', 10, 1, 7, '2023-04-29 13:54:47', 47, 1575, 0, 1, 46, NULL, '2023-04-29 16:03:52', NULL, NULL, 1, 'ผนังเป็นรู ไม่เรียบ  จากรอยต่างๆ', 1, 1, 0, NULL, NULL, NULL, NULL, NULL, NULL, NULL, NULL, NULL, NULL, NULL, NULL, NULL, 1),
(179, 'PCS-FM-IT-2304-0010', 13, 1, 13, '2023-04-29 14:11:47', 21, 1835, 0, 0, 0, NULL, NULL, NULL, NULL, 1, 'เครื่อง MOS ช้าไม่สามารถทำงานได้', 1, 2, 0, NULL, NULL, NULL, NULL, NULL, NULL, NULL, NULL, NULL, NULL, NULL, NULL, NULL, 1),
(180, 'PCS-FM-MT-2304-0055', 10, 1, 7, '2023-04-29 16:06:17', 47, 341, 0, 1, 46, NULL, '2023-04-29 16:07:00', NULL, NULL, 1, 'ที่ใส่แก้วกระดาษ  กรวยหลุด', 1, 2, 0, NULL, NULL, NULL, NULL, NULL, NULL, NULL, NULL, NULL, NULL, NULL, NULL, NULL, 1),
(181, 'JPAC-FM-EN-2304-0015', 5, 2, 8, '2023-04-29 19:13:29', 25, 1483, 0, 1, 26, NULL, '2023-05-03 10:12:07', '2023-05-03 11:17:52', 76, 1, 'รถแฮนลิฟท์เบอร์7ใช้งานไม่ได้ยกไม่ขึ้น', 1, 2, 0, NULL, NULL, '2023-05-03 13:10:33', NULL, NULL, NULL, NULL, NULL, NULL, NULL, NULL, NULL, NULL, 1),
(182, 'JPAC-FM-EN-2304-0016', 5, 2, 8, '2023-04-29 19:14:45', 25, 1481, 16, 1, 26, NULL, '2023-05-03 10:11:39', '2023-05-03 10:50:03', 73, 1, 'รถแฮนลิฟท์เบอร์5ชำรุดยกไม่ขึ้น', 1, 2, 0, NULL, NULL, '2023-05-03 12:50:00', NULL, NULL, NULL, NULL, NULL, NULL, NULL, NULL, NULL, NULL, 1),
(183, 'PCS-FM-MT-2305-0001', 5, 1, 7, '2023-05-02 10:42:14', 51, 0, 1, 1, 46, NULL, '2023-05-02 15:43:06', '2023-05-06 09:34:33', 46, 1, 'ล้อหลุด', 1, 1, 0, NULL, NULL, NULL, NULL, NULL, NULL, NULL, NULL, NULL, NULL, NULL, NULL, NULL, 1),
(184, 'PCS-FM-IT-2305-0001', 13, 1, 13, '2023-05-02 17:15:12', 20, 0, 11, 0, 0, NULL, NULL, NULL, NULL, 1, 'Switch Pacm', 1, 2, 0, NULL, NULL, NULL, NULL, NULL, NULL, NULL, NULL, NULL, NULL, NULL, NULL, NULL, 1),
(185, 'JPK-FM-EN-2305-0001', 8, 5, 8, '2023-05-03 09:00:08', 17, 1369, 0, 1, 17, NULL, '2023-05-05 12:49:36', '2023-05-05 13:12:53', 40, 1, 'สวิตช์ลูกลอยห้องน้ำชายหญิงชำรุด 1 ตัว\r\nและมีติดตั้งปั้มใหม่อีก 1 ตัว', 2, 1, 0, NULL, NULL, NULL, NULL, NULL, NULL, NULL, NULL, NULL, NULL, NULL, NULL, NULL, 1),
(186, 'PCS-FM-MT-2305-0002', 5, 1, 7, '2023-05-03 13:21:56', 28, 1739, 2, 1, 46, NULL, '2023-05-03 16:29:35', '2023-05-05 09:45:44', 45, 1, 'เพาเวอร์ปลั๊กตัวเมีย มีอาการไหม้ ที่ประตูโหลดที่ 6 7 8 และ 10 อาคาร 8', 1, 1, 0, NULL, NULL, NULL, NULL, NULL, NULL, NULL, NULL, NULL, NULL, NULL, NULL, NULL, 1),
(187, 'PCS-FM-MT-2305-0003', 5, 1, 7, '2023-05-03 14:53:12', 28, 1739, 1, 1, 46, NULL, '2023-05-03 16:30:50', '2023-05-05 09:48:53', 45, 1, 'โถ้ชักโครก มีน้ำซึมออกมา ห้องน้ำหญิงชั้นล่าง อาคาร 8', 1, 1, 0, NULL, NULL, NULL, NULL, NULL, NULL, NULL, NULL, NULL, NULL, NULL, NULL, NULL, 1),
(188, 'PLP-FM-TP-2305-0001', 4, 7, 4, '2023-05-04 09:28:58', 56, 1273, 0, 0, 0, NULL, NULL, NULL, NULL, 1, 'ลูกปืนครัชแอร์เสีย', 1, 1, 0, NULL, NULL, NULL, NULL, NULL, NULL, NULL, NULL, NULL, NULL, 'TEST', '2023-05-04 16:57:39', 50, 2),
(189, 'PLP-FM-TP-2305-0002', 4, 7, 4, '2023-05-04 09:32:15', 56, 1272, 0, 0, 0, NULL, NULL, NULL, NULL, 1, 'แบตหมด+ยางหลังระเบิด ผู้แจ้ง โสภณ', 1, 2, 0, NULL, NULL, NULL, NULL, NULL, NULL, NULL, NULL, NULL, NULL, 'TEST', '2023-05-04 16:57:30', 50, 2),
(190, 'PLP-FM-TP-2305-0003', 4, 7, 4, '2023-05-04 09:33:17', 56, 1292, 0, 0, 0, NULL, NULL, NULL, NULL, 1, 'ข้อมูลไม่อัปเดต', 1, 2, 0, NULL, NULL, NULL, NULL, NULL, NULL, NULL, NULL, NULL, NULL, 'TEST', '2023-05-04 16:57:21', 50, 2),
(191, 'PLP-FM-TP-2305-0004', 4, 7, 4, '2023-05-04 09:33:29', 56, 1294, 0, 0, 0, NULL, NULL, NULL, NULL, 1, 'ยางเเตก', 1, 2, 0, NULL, NULL, NULL, NULL, NULL, NULL, NULL, NULL, NULL, NULL, 'TEST', '2023-05-04 16:56:55', 50, 2),
(192, 'PLP-FM-TP-2305-0005', 4, 7, 4, '2023-05-04 09:34:19', 56, 1256, 0, 0, 0, NULL, NULL, NULL, NULL, 1, 'แอร์เสีย โยธิน', 1, 2, 0, NULL, NULL, NULL, NULL, NULL, NULL, NULL, NULL, NULL, NULL, 'TEST', '2023-05-04 16:56:40', 50, 2),
(193, 'PLP-FM-TP-2305-0006', 4, 7, 4, '2023-05-04 09:35:00', 56, 1291, 0, 0, 0, NULL, NULL, NULL, NULL, 1, 'แอร์ไม่เย็น', 1, 2, 0, NULL, NULL, NULL, NULL, NULL, NULL, NULL, NULL, NULL, NULL, 'TEST', '2023-05-04 16:56:30', 50, 2),
(194, 'PLP-FM-TP-2305-0007', 4, 7, 4, '2023-05-04 09:35:50', 56, 1267, 0, 0, 0, NULL, NULL, NULL, NULL, 1, 'แบตหมด', 1, 2, 0, NULL, NULL, NULL, NULL, NULL, NULL, NULL, NULL, NULL, NULL, 'TEST', '2023-05-04 16:56:09', 50, 2),
(195, 'PLP-FM-TP-2305-0008', 4, 7, 4, '2023-05-04 09:36:42', 56, 1812, 0, 0, 0, NULL, NULL, NULL, NULL, 1, 'ยางแตก  นิคม', 1, 2, 0, NULL, NULL, NULL, NULL, NULL, NULL, NULL, NULL, NULL, NULL, 'TEST', '2023-05-04 16:55:56', 50, 2),
(196, 'PLP-FM-TP-2305-0009', 4, 7, 4, '2023-05-04 09:38:12', 56, 1277, 0, 0, 0, NULL, NULL, NULL, NULL, 1, 'เช็คระยะชาติ', 1, 2, 0, NULL, NULL, NULL, NULL, NULL, NULL, NULL, NULL, NULL, NULL, 'TEST', '2023-05-04 16:55:41', 50, 2),
(197, 'PLP-FM-TP-2305-0010', 4, 7, 4, '2023-05-04 09:38:46', 56, 1260, 0, 0, 0, NULL, NULL, NULL, NULL, 1, 'เครื่องยนเสีย', 1, 1, 0, NULL, NULL, NULL, NULL, NULL, NULL, NULL, NULL, NULL, NULL, 'TEST', '2023-05-04 16:55:33', 50, 2),
(198, 'PLP-FM-TP-2305-0011', 4, 7, 4, '2023-05-04 09:41:17', 56, 1295, 0, 0, 0, NULL, NULL, NULL, NULL, 1, 'ยางแตก', 1, 2, 0, NULL, NULL, NULL, NULL, NULL, NULL, NULL, NULL, NULL, NULL, 'TEST', '2023-05-04 16:55:20', 50, 2),
(199, 'PLP-FM-TP-2305-0012', 4, 7, 4, '2023-05-04 09:43:24', 56, 1260, 0, 0, 0, NULL, NULL, NULL, NULL, 1, 'ยางรั่ว', 1, 1, 0, NULL, NULL, NULL, NULL, NULL, NULL, NULL, NULL, NULL, NULL, 'TEST', '2023-05-04 16:55:08', 50, 2),
(200, 'PLP-FM-TP-2305-0013', 4, 7, 4, '2023-05-04 09:49:36', 56, 1809, 0, 0, 0, NULL, NULL, NULL, NULL, 1, 'ยางแตก', 1, 2, 0, NULL, NULL, NULL, NULL, NULL, NULL, NULL, NULL, NULL, NULL, 'TEST', '2023-05-04 16:54:54', 50, 2),
(201, 'PLP-FM-TP-2305-0014', 4, 7, 4, '2023-05-04 09:50:27', 56, 1287, 0, 0, 0, NULL, NULL, NULL, NULL, 1, 'ยางรั่ว', 1, 1, 0, NULL, NULL, NULL, NULL, NULL, NULL, NULL, NULL, NULL, NULL, 'TEST', '2023-05-04 16:54:44', 50, 2),
(202, 'PACT-FM-MT-2305-0001', 5, 3, 7, '2023-05-04 10:54:02', 29, 1836, 0, 0, 0, NULL, NULL, NULL, NULL, 1, 'ติดตั้งตู้น้ำดื่ม ที่ PACT  จุดที่ติดตั้ง บริเวณ หน้าลานโหลด ฝั่งทางออกสินค้า A4', 4, 2, 0, NULL, NULL, NULL, NULL, NULL, NULL, NULL, NULL, NULL, NULL, NULL, NULL, NULL, 1),
(203, 'PACT-FM-MT-2305-0002', 5, 3, 7, '2023-05-04 11:06:47', 29, 1836, 0, 0, 0, NULL, NULL, NULL, NULL, 1, 'แจ้งติดตั้ง ตะแกรงท่อระบายน้ำ ห้อง คัดไซร์ปลา (SSR)-PACT อยู่ติดกับ ทางออก S3   แบบยึดติดและถอดออกไม่ได้ --(พี่ไพรฑูรย์ )  รับทราบ  ', 4, 2, 0, NULL, NULL, NULL, NULL, NULL, NULL, NULL, NULL, NULL, NULL, NULL, NULL, NULL, 1),
(204, 'PLP-FM-TP-2305-0015', 4, 7, 4, '2023-05-04 14:49:21', 56, 1289, 0, 0, 0, NULL, NULL, NULL, NULL, 1, '-เปลี่นยอะไหล่\r\n1คอยล์เย็นแอร์\r\n2แผงแอร์ร้อน\r\n3วาล์แอร์BOX\r\n4ใส้กรองไดเออร์แอร์\r\n5ฟิลเตอร์แอร์\r\n_6แว๊กชาร์ทเติมนำยาแอร์+ไอริงแอร์ใหม่', 1, 1, 0, NULL, NULL, NULL, NULL, NULL, NULL, NULL, NULL, NULL, NULL, 'TEST', '2023-05-04 16:54:35', 50, 2),
(205, 'JPAC-FM-EN-2305-0001', 10, 2, 8, '2023-05-04 15:21:15', 33, 1429, 0, 1, 26, NULL, '2023-05-05 08:36:27', '2023-05-05 11:44:34', 76, 1, 'อ่างล่างมือห้องน้ำชายด้านหน้ามีน้ำไหลตรงฐานเวลากดน้ำ', 1, 1, 0, NULL, NULL, NULL, NULL, NULL, NULL, NULL, NULL, NULL, NULL, NULL, NULL, NULL, 1),
(206, 'JPAC-FM-EN-2305-0002', 10, 2, 8, '2023-05-04 15:23:57', 33, 1430, 0, 1, 26, NULL, '2023-05-05 08:36:12', '2023-05-05 08:36:27', 76, 1, 'ก๊อกน้ำพังห้องน้ำหญิงด้านหน้าโรงงาน', 1, 1, 0, NULL, NULL, '2023-05-05 11:44:20', NULL, NULL, NULL, NULL, NULL, NULL, NULL, NULL, NULL, NULL, 1),
(207, 'JPAC-FM-EN-2305-0003', 10, 2, 8, '2023-05-04 15:25:36', 33, 1430, 0, 1, 26, NULL, '2023-05-05 08:35:55', '2023-05-05 11:44:48', 76, 1, 'ท่อระบายน้ำตัน', 1, 1, 0, NULL, NULL, NULL, NULL, NULL, NULL, NULL, NULL, NULL, NULL, NULL, NULL, NULL, 1),
(208, 'JPAC-FM-EN-2305-0004', 10, 2, 8, '2023-05-04 15:27:23', 33, 1422, 0, 1, 26, NULL, '2023-05-05 08:35:19', '2023-05-05 11:45:03', 76, 1, 'ที่ยึดสายฉีดหลุดออกจากที่ยึดตรงผนังห้องน้่ำหญิงออฟฟิตชั้น 1', 1, 1, 0, NULL, NULL, NULL, NULL, NULL, NULL, NULL, NULL, NULL, NULL, NULL, NULL, NULL, 1),
(209, 'JPAC-FM-EN-2305-0005', 10, 2, 8, '2023-05-04 15:29:25', 33, 1429, 0, 1, 26, NULL, '2023-05-05 08:34:40', '2023-05-05 08:36:49', 76, 1, 'โถสุขภัณฑ์มีน้ำไหลตลอดเวลาบริเวณห้องน้ำชายด้านหน้า', 1, 1, 0, NULL, NULL, '2023-05-05 11:44:10', NULL, NULL, NULL, NULL, NULL, NULL, NULL, NULL, NULL, NULL, 1),
(210, 'JPAC-FM-EN-2305-0006', 10, 2, 8, '2023-05-04 15:51:29', 33, 1429, 18, 1, 26, NULL, '2023-05-05 08:33:58', '2023-05-05 08:35:32', 73, 1, 'โถน้ำสุขภัณฑ์มีน้ำไหลตลอดเวลา', 1, 2, 0, NULL, NULL, NULL, NULL, NULL, NULL, NULL, NULL, NULL, NULL, NULL, NULL, NULL, 1),
(211, 'PCS-FM-MT-2305-0004', 5, 1, 7, '2023-05-04 16:09:30', 28, 1739, 0, 1, 46, NULL, '2023-05-05 08:59:44', NULL, NULL, 1, 'ประตูลานโหลดสินค้า ช่อง 5 โดนรถโฟร์คลิฟท์ชน อาคาร 8', 1, 1, 0, NULL, NULL, NULL, NULL, NULL, NULL, NULL, NULL, NULL, NULL, NULL, NULL, NULL, 1),
(212, 'PLP-FM-TP-2305-0016', 4, 7, 4, '2023-05-04 16:12:26', 56, 1278, 0, 0, 0, NULL, NULL, NULL, NULL, 1, 'ยาเดส้', 1, 1, 0, NULL, NULL, NULL, NULL, NULL, NULL, NULL, NULL, NULL, NULL, 'TEST', '2023-05-04 16:54:27', 50, 2),
(213, 'PLP-FM-TP-2305-0017', 4, 7, 4, '2023-05-04 16:17:06', 56, 1294, 0, 0, 0, NULL, NULL, NULL, NULL, 1, 'ด่งลวบ่้สืส', 1, 1, 0, NULL, NULL, NULL, NULL, NULL, NULL, NULL, NULL, NULL, NULL, 'TEST', '2023-05-04 16:54:19', 50, 2),
(214, 'PLP-FM-TP-2305-0018', 4, 7, 4, '2023-05-04 16:23:07', 56, 1279, 0, 0, 0, NULL, NULL, NULL, NULL, 1, 'า้ก่วนำ่วเดืนกื', 1, 1, 0, NULL, NULL, NULL, NULL, NULL, NULL, NULL, NULL, NULL, NULL, 'Test', '2023-05-04 16:25:22', 50, 2),
(215, 'PLP-FM-TP-2305-0019', 4, 7, 4, '2023-05-04 16:31:31', 56, 1260, 0, 0, 0, NULL, NULL, NULL, NULL, 1, 'กด้าส้หแท', 1, 1, 0, NULL, NULL, NULL, NULL, NULL, NULL, NULL, NULL, NULL, NULL, 'TEST', '2023-05-04 16:54:08', 50, 2),
(216, 'JPAC-FM-EN-2305-0007', 10, 2, 8, '2023-05-04 16:31:58', 33, 1412, 0, 1, 26, NULL, '2023-05-05 08:33:29', '2023-05-05 11:45:12', 76, 1, 'ไฟดวงกลมเล็กไม่ติด 8 ดวง', 1, 1, 0, NULL, NULL, NULL, NULL, NULL, NULL, NULL, NULL, NULL, NULL, NULL, NULL, NULL, 1),
(217, 'JPAC-FM-EN-2305-0008', 10, 2, 8, '2023-05-04 16:33:01', 33, 1413, 0, 1, 26, NULL, '2023-05-05 08:33:06', '2023-05-05 11:45:21', 76, 1, 'พบไฟดวงกลมเล็กไม่ติด จำนวน 5 ดวง', 1, 1, 0, NULL, NULL, NULL, NULL, NULL, NULL, NULL, NULL, NULL, NULL, NULL, NULL, NULL, 1),
(218, 'PLP-FM-TP-2305-0020', 4, 7, 4, '2023-05-04 16:34:06', 56, 1260, 0, 0, 0, NULL, NULL, NULL, NULL, 1, 'วว่วรดรรดสเ่วส้', 1, 1, 0, NULL, NULL, NULL, NULL, NULL, NULL, NULL, NULL, NULL, NULL, 'TEST', '2023-05-04 16:53:52', 50, 2),
(219, 'JPAC-FM-EN-2305-0009', 10, 2, 8, '2023-05-04 16:34:13', 33, 1413, 0, 1, 26, NULL, '2023-05-05 08:32:32', '2023-05-05 11:45:58', 76, 1, 'กระเบื้องที่พื้นหลุดแยกออก', 1, 1, 0, NULL, NULL, NULL, NULL, NULL, NULL, NULL, NULL, NULL, NULL, NULL, NULL, NULL, 1),
(220, 'PCS-FM-MT-2305-0005', 5, 1, 7, '2023-05-04 17:04:44', 28, 1739, 0, 1, 46, NULL, '2023-05-05 09:00:20', NULL, NULL, 1, 'ราวกั้นกันกระแทก ห้องMobile โดนโฟร์คลิฟท์ชน ทำให้คดงอ', 1, 1, 0, NULL, NULL, NULL, NULL, NULL, NULL, NULL, NULL, NULL, NULL, NULL, NULL, NULL, 1),
(221, 'PLP-FM-TP-2305-0021', 4, 7, 4, '2023-05-05 08:27:34', 56, 1811, 0, 1, 50, NULL, '2023-05-05 09:43:19', '2023-05-05 09:43:26', 50, 1, 'ถึงระยะถ่ายน้ำมันเครื่อง', 1, 2, 0, NULL, NULL, NULL, NULL, NULL, NULL, NULL, NULL, NULL, NULL, 'แจ้งซ้ำ', '2023-05-06 08:33:33', 50, 2),
(222, 'JPAC-FM-EN-2305-0010', 10, 2, 8, '2023-05-05 09:19:19', 33, 1432, 0, 1, 73, NULL, '2023-05-05 11:42:48', '2023-05-05 11:46:13', 76, 1, 'น้ำรั่วไหล', 1, 2, 0, NULL, NULL, NULL, NULL, NULL, NULL, NULL, NULL, NULL, NULL, NULL, NULL, NULL, 1),
(223, 'PCS-FM-MT-2305-0006', 6, 1, 7, '2023-05-05 09:33:28', 22, 0, 0, 1, 46, NULL, '2023-05-05 15:47:12', NULL, NULL, 1, 'อาคาร 9  ห้องน้ำชาย ชักโครกน้ำใหลตลอดเวลา', 1, 1, 0, NULL, NULL, NULL, NULL, NULL, NULL, NULL, NULL, NULL, NULL, NULL, NULL, NULL, 1),
(224, 'PCS-FM-MT-2305-0007', 6, 1, 7, '2023-05-05 09:34:21', 22, 0, 0, 1, 46, NULL, '2023-05-05 15:47:47', NULL, NULL, 1, 'อาคาร 9 รถPE เบอร์5 แกนโชคเสีย', 1, 2, 0, NULL, NULL, NULL, NULL, NULL, NULL, NULL, NULL, NULL, NULL, NULL, NULL, NULL, 1),
(225, 'PCS-FM-MT-2305-0008', 6, 1, 7, '2023-05-05 09:37:08', 22, 0, 0, 1, 46, NULL, '2023-05-05 15:48:08', NULL, NULL, 1, 'อาคาร 9 ขอบปูน ทางขึ้นลงรถ F/L  แตก', 1, 2, 0, NULL, NULL, NULL, NULL, NULL, NULL, NULL, NULL, NULL, NULL, NULL, NULL, NULL, 1),
(226, 'JPAC-FM-EN-2305-0011', 5, 2, 8, '2023-05-05 09:40:29', 25, 1313, 0, 1, 73, NULL, '2023-05-05 11:43:02', '2023-05-05 11:46:22', 76, 1, 'ชำรุดฉีกขาดที่ท่อใต้คอยล์', 1, 2, 0, NULL, NULL, NULL, NULL, NULL, NULL, NULL, NULL, NULL, NULL, NULL, NULL, NULL, 1),
(227, 'JPAC-FM-EN-2305-0012', 5, 2, 8, '2023-05-05 10:36:45', 25, 1434, 0, 1, 73, NULL, '2023-05-05 11:41:40', '2023-05-05 11:45:49', 76, 1, 'อ่างล้างมือทางเข้าลานโหลดชำรุด น้ำไหลตรงก๊อกกด ', 1, 2, 0, NULL, NULL, NULL, NULL, NULL, NULL, NULL, NULL, NULL, NULL, NULL, NULL, NULL, 1),
(228, 'JPAC-FM-EN-2305-0013', 5, 2, 8, '2023-05-05 10:51:05', 25, 1456, 0, 1, 73, NULL, '2023-05-05 11:42:17', '2023-05-05 11:46:30', 76, 1, 'ผ้าใบช่องโหลด 13 ชำรุด ฉีกขาด', 1, 2, 0, NULL, NULL, NULL, NULL, NULL, NULL, NULL, NULL, NULL, NULL, NULL, NULL, NULL, 1),
(229, 'JPAC-FM-EN-2305-0014', 5, 2, 8, '2023-05-05 10:53:34', 25, 1457, 0, 1, 73, NULL, '2023-05-05 11:43:35', '2023-05-05 11:46:37', 76, 1, 'สปอร์ตไลน์เคลื่อนที่ช่องโหลด 14 ชำรุดแก้ไขให้หน่อยค่ะ', 1, 2, 0, NULL, NULL, '2023-05-05 11:48:18', NULL, NULL, NULL, NULL, NULL, NULL, NULL, NULL, NULL, NULL, 1),
(230, 'JPAC-FM-EN-2305-0015', 5, 2, 8, '2023-05-05 10:55:10', 25, 1471, 0, 1, 73, NULL, '2023-05-05 11:41:21', '2023-05-05 11:46:44', 76, 1, 'ม่านห้องเก็บชำรุดฉีกขาด', 1, 2, 0, NULL, NULL, '2023-05-05 11:48:06', NULL, NULL, NULL, NULL, NULL, NULL, NULL, NULL, NULL, NULL, 1),
(231, 'JPAC-FM-EN-2305-0016', 5, 2, 8, '2023-05-05 10:59:52', 25, 1442, 0, 1, 73, NULL, '2023-05-05 11:41:07', '2023-05-05 11:46:52', 76, 1, 'รางระบายน้ำชำรุด', 1, 2, 0, NULL, NULL, '2023-05-05 11:47:54', NULL, NULL, NULL, NULL, NULL, NULL, NULL, NULL, NULL, NULL, 1),
(232, 'JPAC-FM-EN-2305-0017', 5, 2, 8, '2023-05-05 11:03:22', 25, 1475, 0, 1, 73, NULL, '2023-05-05 11:43:17', '2023-05-05 11:47:00', 76, 1, 'ม่านชำรุดเสียหาย', 1, 2, 0, NULL, NULL, '2023-05-05 11:47:39', NULL, NULL, NULL, NULL, NULL, NULL, NULL, NULL, NULL, NULL, 1),
(233, 'JPAC-FM-EN-2305-0018', 5, 2, 8, '2023-05-05 11:05:56', 25, 1511, 0, 1, 73, NULL, '2023-05-05 11:40:50', '2023-05-05 11:47:08', 76, 1, 'ม่านทางลงโฟคลิฟท์ชำรุดเสียหาย', 1, 2, 0, NULL, NULL, '2023-05-05 11:47:32', NULL, NULL, NULL, NULL, NULL, NULL, NULL, NULL, NULL, NULL, 1),
(234, 'PCS-FM-IT-2305-0002', 13, 1, 13, '2023-05-05 13:17:22', 21, 1835, 0, 0, 0, NULL, NULL, NULL, NULL, 1, 'เครื่องจุดรับบัตรไม่สามารถกดบัตรได้ PACM', 4, 2, 0, NULL, NULL, NULL, NULL, NULL, NULL, NULL, NULL, NULL, NULL, NULL, NULL, NULL, 1),
(235, 'PCS-FM-IT-2305-0003', 14, 1, 13, '2023-05-05 13:33:06', 1, 1835, 0, 0, 0, NULL, NULL, NULL, NULL, 1, 'สัญญาณอินเตอร์เน็ต Lemoco มีปัญหา ที่ อ.8 ชั้น 5 ห้องคอนโทรล', 1, 2, 0, NULL, NULL, NULL, NULL, NULL, NULL, NULL, NULL, NULL, NULL, NULL, NULL, NULL, 1),
(236, 'PLP-FM-TP-2305-0022', 4, 7, 4, '2023-05-05 14:05:45', 56, 0, 0, 0, 0, NULL, NULL, NULL, NULL, 1, 'หม้อน้ำความร้อนขึ้นสูง', 1, 2, 0, NULL, NULL, NULL, NULL, NULL, NULL, NULL, NULL, NULL, NULL, 'ไม่ระบุทะเบียนรถ', '2023-05-06 08:31:43', 50, 2),
(237, 'PLP-FM-TP-2305-0023', 4, 7, 4, '2023-05-05 15:06:41', 56, 1256, 0, 1, 50, NULL, '2023-05-06 08:30:50', '2023-05-06 08:30:55', 50, 1, 'เปลี่ยนคลัช  เช็คเครื่องยนต์ใหญ่   นำรถเข้าโชคมหาชัยวันจันทร์ที่ 8/5/66 หลังวิ่งงานจบ', 1, 2, 0, NULL, NULL, NULL, NULL, NULL, NULL, NULL, NULL, NULL, NULL, NULL, NULL, NULL, 1),
(238, 'JPAC-FM-EN-2305-0019', 5, 2, 8, '2023-05-05 18:46:28', 25, 1465, 0, 1, 26, NULL, '2023-05-06 08:43:27', NULL, NULL, 1, 'ก๊อกน้ำทางเข้าห้องรับสดชำรุดเวลาใช้เข่ากดน้ำๆหยดตาม', 1, 2, 0, NULL, NULL, NULL, NULL, NULL, NULL, NULL, NULL, NULL, NULL, NULL, NULL, NULL, 1),
(239, 'PCS-FM-MT-2305-0009', 10, 1, 7, '2023-05-05 19:06:33', 100, 1608, 0, 1, 46, NULL, '2023-05-05 21:43:56', '2023-05-06 10:14:40', 46, 1, 'ไฟในห้องน้ำหญิงที่โรงอาหารชั้น 2 ดับไม่ติดสักดวง', 1, 2, 0, NULL, NULL, NULL, NULL, NULL, NULL, NULL, NULL, NULL, NULL, NULL, NULL, NULL, 1),
(240, 'PCS-FM-MT-2305-0010', 10, 1, 7, '2023-05-05 19:12:57', 100, 1689, 0, 1, 46, NULL, '2023-05-05 21:44:37', NULL, NULL, 1, 'โถฉี่ห้องน้ำชายออฟฟิศหน้าชั้นล่างน้ำรั่วซึมข้างล่าง', 1, 2, 0, NULL, NULL, NULL, NULL, NULL, NULL, NULL, NULL, NULL, NULL, NULL, NULL, NULL, 1),
(241, 'PCS-FM-MT-2305-0011', 10, 1, 7, '2023-05-05 19:15:19', 100, 1690, 0, 1, 46, NULL, '2023-05-05 21:45:06', NULL, NULL, 1, 'ห้องน้ำพี่อัจฉรา ออฟฟิศหน้า ชักโครกกดน้ำไม่ออก', 1, 2, 0, NULL, NULL, NULL, NULL, NULL, NULL, NULL, NULL, NULL, NULL, NULL, NULL, NULL, 1),
(242, 'PLP-FM-TP-2305-0024', 4, 7, 4, '2023-05-06 04:21:15', 56, 1300, 0, 0, 0, NULL, NULL, NULL, NULL, 1, 'ยางแตก', 1, 2, 0, NULL, NULL, NULL, NULL, NULL, NULL, NULL, NULL, NULL, NULL, 'test', '2023-05-06 08:29:35', 50, 2),
(243, 'PLP-FM-TP-2305-0025', 4, 7, 4, '2023-05-06 09:28:34', 56, 1266, 0, 1, 50, NULL, '2023-05-06 14:16:39', '2023-05-06 14:16:44', 50, 1, 'เช็คระบบไฟแอร์ฟิตครับ\r\n\r\n\r\n', 1, 1, 0, NULL, NULL, NULL, NULL, NULL, NULL, NULL, NULL, NULL, NULL, NULL, NULL, NULL, 1),
(244, 'PCS-FM-MT-2305-0012', 17, 1, 7, '2023-05-06 13:01:34', 102, 240, 0, 1, 46, NULL, '2023-05-06 15:11:11', NULL, NULL, 1, 'แอร์ไม่มีความเย็นเลยค่ะ', 1, 2, 0, NULL, NULL, NULL, NULL, NULL, NULL, NULL, NULL, NULL, NULL, NULL, NULL, NULL, 1),
(245, 'PCS-FM-MT-2305-0013', 10, 1, 7, '2023-05-06 16:14:30', 100, 1692, 0, 0, 0, NULL, NULL, NULL, NULL, 1, 'ตู้ดับเพลิงด้านหลังอาคาร9 มีน้ำรั่ว', 1, 2, 0, NULL, NULL, NULL, NULL, NULL, NULL, NULL, NULL, NULL, NULL, NULL, NULL, NULL, 1);

-- --------------------------------------------------------

--
-- Table structure for table `tb_maintenance_type`
--

CREATE TABLE `tb_maintenance_type` (
  `id_mt_type` int NOT NULL,
  `name_mt_type` varchar(60) COLLATE utf8mb4_unicode_ci NOT NULL COMMENT 'ชื่อประเภทใบงานฯ',
  `ref_id_dept` int NOT NULL COMMENT 'REF.ไอดีแผนกที่รับผิดชอบ',
  `mt_type_remark` varchar(80) COLLATE utf8mb4_unicode_ci DEFAULT NULL,
  `status_mt_type` int NOT NULL COMMENT '1-ใช้งาน/2-ยกเลิก'
) ENGINE=InnoDB DEFAULT CHARSET=utf8mb4 COLLATE=utf8mb4_unicode_ci COMMENT='ตารางประเภทใบงานแจ้งซ่อม';

--
-- Dumping data for table `tb_maintenance_type`
--

INSERT INTO `tb_maintenance_type` (`id_mt_type`, `name_mt_type`, `ref_id_dept`, `mt_type_remark`, `status_mt_type`) VALUES
(1, 'งานซ่อมทั่วไป', 7, '', 1),
(2, 'งานเกี่ยวกับไฟฟ้า', 7, '', 1),
(3, 'งานเกี่ยวกับระบบน้ำ', 7, '', 1),
(4, 'งานเกี่ยวกับเครื่องทำความเย็น', 7, '', 1),
(5, 'งานซ่อมโดยช่างภายนอก', 7, '', 1),
(6, 'งานซ่อมเครื่องเย็นโดยช่างนอก', 7, '', 1),
(7, 'งานเกี่ยวกับระบบปฏิบติการ (OS)', 13, 'งานเกี่ยวกับระบบปฏิบติการ (OS)', 1),
(8, 'งานเกี่ยวกับซอฟต์แวร์ (Software)', 13, 'งานเกี่ยวกับซอฟต์แวร์(ทุกโปรแกรม, ทุก OS)', 1),
(9, 'งานเกี่ยวกับระบบเครือข่าย (Network)', 13, 'งานเกี่ยวกับระบบเครือข่าย (Network)', 1),
(10, 'งานเกี่ยวกับระบบฮารด์แวร์ (Hardware)', 13, 'งานเกี่ยวกับระบบฮารด์แวร์ (Hardware)', 1),
(11, 'งานเกี่ยวกับกล้องวงจรปิด (CCTV)', 13, 'งานเกี่ยวกับกล้องวงจรปิด (CCTV)', 1),
(12, 'งานส่งซ่อมภายนอกแผนก IT/MIS', 13, 'งานส่งซ่อมภายนอกแผนก IT/MIS (เนื่องจากมีประกัน หรือ ซ่อมเองไม่ได้)', 1),
(13, 'งานสร้างแผนก IT', 13, 'งานแจ้งสร้างแผนก ITเช่น ขอติดกล้องวงจรปิด, Access Door, สแกนนิ้ว', 1),
(14, 'งานย้ายอุปกรณ์ IT', 13, 'ใช้กรณีขอย้ายอุปกรณ์ IT ทุกชนิด', 1),
(15, 'งานเกี่ยวกับเครื่องชั่งน้ำหนักรถบรรทุก', 13, '', 1),
(16, 'งานซ่อมทั่วไป', 8, '', 1),
(17, 'งานเกี่ยวกับไฟฟ้า', 8, '', 1),
(18, 'งานเกี่ยวกับระบบน้ำ', 8, '', 1),
(19, 'งานเกี่ยวกับเครื่องทำความเย็น', 8, '', 1),
(20, 'งานซ่อมโดยช่างภายนอก', 8, '', 1),
(21, 'งานซ่อมเครื่องเย็นโดยช่างนอก', 8, '', 1),
(22, 'ส่งซ่อมภายนอก', 13, '', 1);

-- --------------------------------------------------------

--
-- Table structure for table `tb_news`
--

CREATE TABLE `tb_news` (
  `id_news` int NOT NULL,
  `ref_id_site` int NOT NULL,
  `ref_id_dept` int NOT NULL,
  `ref_id_user_post` int NOT NULL,
  `datetime_post` datetime NOT NULL,
  `news_title` varchar(120) COLLATE utf8mb4_unicode_ci NOT NULL,
  `news_detail` longtext COLLATE utf8mb4_unicode_ci NOT NULL,
  `showall_site` int DEFAULT NULL,
  `pin_allpage` int NOT NULL COMMENT '1-ข่าว/2-ปักหมุด',
  `datetime_edit` datetime DEFAULT NULL,
  `ref_id_user_edit` int DEFAULT NULL,
  `status_news` int NOT NULL COMMENT '1-แสดง/2-ไม่แสดง'
) ENGINE=InnoDB DEFAULT CHARSET=utf8mb4 COLLATE=utf8mb4_unicode_ci COMMENT='ตารางข่าวสาร';

-- --------------------------------------------------------

--
-- Table structure for table `tb_outsite_repair`
--

CREATE TABLE `tb_outsite_repair` (
  `id_outsite_repair` int NOT NULL COMMENT 'ไอดีซ่อมภายนอก',
  `ref_id_maintenance_request` int NOT NULL COMMENT 'REF.ไอดีใบแจ้งซ่อม',
  `caused_outsite_repair` varchar(100) COLLATE utf8mb4_unicode_ci NOT NULL COMMENT 'สาเหตุที่ส่งซ่อม',
  `ref_id_supplier` varchar(80) COLLATE utf8mb4_unicode_ci DEFAULT NULL COMMENT 'REF.ซัพคอนแทค',
  `datesent_repair` datetime NOT NULL COMMENT 'วันที่ส่งซ่อม',
  `dateresive_repair` datetime DEFAULT NULL COMMENT 'วันที่ซ่อมเสร็จ',
  `ref_id_user_update` int NOT NULL COMMENT 'REF.ไอดี user update',
  `datetime_update` datetime DEFAULT NULL COMMENT 'วันที่อัพเดท'
) ENGINE=InnoDB DEFAULT CHARSET=utf8mb4 COLLATE=utf8mb4_unicode_ci COMMENT='เก็บข้อมูลส่งซ่อมภายนอก';

--
-- Dumping data for table `tb_outsite_repair`
--

INSERT INTO `tb_outsite_repair` (`id_outsite_repair`, `ref_id_maintenance_request`, `caused_outsite_repair`, `ref_id_supplier`, `datesent_repair`, `dateresive_repair`, `ref_id_user_update`, `datetime_update`) VALUES
(1, 3, 'ยังอยู่ในประกัน', 'ชื่อซัพฯ', '2023-04-17 00:00:00', '2023-04-17 00:00:00', 13, '2023-04-17 14:37:41'),
(2, 2, 'test', '4', '2023-04-17 00:00:00', NULL, 12, '2023-04-17 14:59:20'),
(3, 65, 'ไม่มีอะไหล่จำเป็นต้องใช้ซัพในการแก้ไข', 'บริษัท เอ็ม-ริช คอร์ปิเรชั่น จำกัด', '2023-03-11 00:00:00', '2023-04-20 00:00:00', 42, '2023-04-20 13:27:23'),
(4, 19, 'ไม่มีอะไหล่ให้ซัพเป็นผู้ซ่อม', 'บริษัท เอ็ม-ริช คอร์ปอเรชั่น จำกัด', '2023-04-17 00:00:00', '2023-04-20 00:00:00', 42, '2023-04-20 14:50:14'),
(5, 66, 'คอมเพรสเซอร์เสีย', 'CK cool(ช่างชาญ)', '2023-04-20 00:00:00', '2023-04-20 00:00:00', 45, '2023-04-20 14:47:56'),
(6, 147, 'เปลี่ยนแบต', '26', '2023-04-25 00:00:00', '2023-04-25 00:00:00', 50, '2023-04-25 09:31:46'),
(7, 148, 'สายต่อ lan ช็อต อยู่ในประกัน', '1', '2023-04-28 00:00:00', NULL, 20, '2023-05-02 17:01:30'),
(8, 221, 'เช็คระยะ', 'อีซูซุกรุงเทพบริการ', '2023-05-05 00:00:00', NULL, 50, '2023-05-05 09:45:00');

-- --------------------------------------------------------

--
-- Table structure for table `tb_permission`
--

CREATE TABLE `tb_permission` (
  `id_permission` int NOT NULL,
  `ref_class_user` int NOT NULL COMMENT 'ระดับผู้ใช้งาน (sitting.inc)',
  `module_name` int NOT NULL COMMENT 'ชื่อโมดูล',
  `accept_denied` int NOT NULL COMMENT '1-accept/2-denied'
) ENGINE=InnoDB DEFAULT CHARSET=utf8mb4 COLLATE=utf8mb4_unicode_ci COMMENT='ตารางกำหนดสิทธิ์ระดับผู้ใช้งาน';

--
-- Dumping data for table `tb_permission`
--

INSERT INTO `tb_permission` (`id_permission`, `ref_class_user`, `module_name`, `accept_denied`) VALUES
(1, 1, 0, 1),
(2, 1, 1, 1),
(3, 1, 2, 1),
(4, 1, 3, 1),
(5, 2, 0, 1),
(6, 2, 1, 1),
(7, 2, 2, 1),
(8, 2, 3, 1),
(9, 3, 0, 1),
(10, 3, 1, 1),
(11, 3, 2, 1),
(12, 3, 3, 1),
(13, 5, 0, 1),
(14, 5, 1, 1),
(15, 5, 2, 1),
(16, 5, 3, 1);

-- --------------------------------------------------------

--
-- Table structure for table `tb_ref_repairer`
--

CREATE TABLE `tb_ref_repairer` (
  `id_ref_repairer` int NOT NULL,
  `ref_id_maintenance_request` int NOT NULL COMMENT 'REF.ไอดีใบแจ้งซ่อม',
  `ref_id_user_repairer` int NOT NULL COMMENT 'REF.ไอดีผู้รับผิดชอบ (ผู้ซ่อม)',
  `acknowledge_date` datetime DEFAULT NULL COMMENT 'วันที่กดรับทราบ',
  `reject_date` datetime DEFAULT NULL COMMENT 'วันที่ปฏิเสธ',
  `reject_caused` varchar(100) COLLATE utf8mb4_unicode_ci DEFAULT NULL COMMENT 'สาเหตุที่ปฏิเสธ',
  `status_repairer` int NOT NULL COMMENT '1-ผู้ซ่อม/2-ยกเลิก'
) ENGINE=InnoDB DEFAULT CHARSET=utf8mb4 COLLATE=utf8mb4_unicode_ci COMMENT='เก็บข้อมูลช่างซ่อม-ใบเบิก (1ใบ ซ่อมได้หลายคน)';

--
-- Dumping data for table `tb_ref_repairer`
--

INSERT INTO `tb_ref_repairer` (`id_ref_repairer`, `ref_id_maintenance_request`, `ref_id_user_repairer`, `acknowledge_date`, `reject_date`, `reject_caused`, `status_repairer`) VALUES
(1, 1, 13, '2023-04-17 11:55:29', NULL, NULL, 1),
(2, 3, 13, '2023-04-17 14:29:48', NULL, NULL, 1),
(3, 2, 12, '2023-04-17 14:58:16', NULL, NULL, 1),
(4, 5, 12, NULL, NULL, NULL, 1),
(5, 7, 17, '2023-04-19 15:22:52', NULL, NULL, 1),
(6, 6, 17, '2023-04-19 15:23:44', '2023-04-20 07:55:42', 'ถูกยกเลิก', 2),
(7, 18, 17, '2023-04-19 16:42:46', '2023-04-24 11:07:53', 'ถูกยกเลิก', 2),
(8, 19, 17, '2023-04-19 16:54:16', '2023-04-20 07:54:07', 'ถูกยกเลิก', 2),
(9, 19, 39, NULL, '2023-04-20 12:54:41', 'ถูกยกเลิก', 2),
(10, 19, 38, NULL, '2023-04-20 12:54:41', 'ถูกยกเลิก', 2),
(11, 6, 41, NULL, NULL, NULL, 1),
(12, 6, 42, NULL, NULL, NULL, 1),
(13, 19, 42, NULL, NULL, NULL, 1),
(14, 65, 42, '2023-04-20 13:19:22', NULL, NULL, 1),
(15, 63, 45, '2023-04-20 14:25:25', NULL, NULL, 1),
(16, 66, 45, '2023-04-20 14:33:20', NULL, NULL, 1),
(17, 67, 42, NULL, NULL, NULL, 1),
(18, 69, 38, '2023-04-20 16:50:45', NULL, NULL, 1),
(19, 64, 8, NULL, NULL, NULL, 1),
(20, 69, 39, NULL, NULL, NULL, 1),
(21, 69, 42, NULL, NULL, NULL, 1),
(22, 67, 39, NULL, NULL, NULL, 1),
(23, 67, 38, '2023-04-20 16:50:26', NULL, NULL, 1),
(24, 10, 45, '2023-04-21 13:52:51', NULL, NULL, 1),
(25, 12, 45, '2023-04-22 09:53:30', NULL, NULL, 1),
(26, 13, 45, '2023-04-22 09:53:57', NULL, NULL, 1),
(27, 20, 45, '2023-04-22 09:34:10', NULL, NULL, 1),
(28, 27, 45, '2023-04-28 14:38:35', NULL, NULL, 1),
(29, 29, 45, '2023-04-27 08:31:27', NULL, NULL, 1),
(30, 9, 45, '2023-04-22 09:53:13', NULL, NULL, 1),
(31, 4, 45, '2023-04-22 09:52:30', NULL, NULL, 1),
(32, 11, 45, '2023-04-22 09:15:43', NULL, NULL, 1),
(33, 26, 45, NULL, NULL, NULL, 1),
(34, 50, 45, '2023-04-27 08:32:33', NULL, NULL, 1),
(35, 95, 45, '2023-04-22 09:35:11', NULL, NULL, 1),
(36, 101, 41, NULL, NULL, NULL, 1),
(37, 101, 42, '2023-04-22 19:42:26', NULL, NULL, 1),
(38, 67, 40, NULL, NULL, NULL, 1),
(39, 18, 40, NULL, NULL, NULL, 1),
(40, 136, 40, NULL, NULL, NULL, 1),
(41, 142, 42, NULL, '2023-04-24 16:20:40', 'ถูกยกเลิก', 2),
(42, 110, 46, NULL, NULL, NULL, 1),
(43, 108, 45, '2023-04-27 08:34:57', NULL, NULL, 1),
(44, 109, 45, '2023-04-27 08:36:55', NULL, NULL, 1),
(45, 116, 45, '2023-04-27 08:39:46', NULL, NULL, 1),
(46, 105, 45, '2023-04-27 08:32:58', NULL, NULL, 1),
(47, 106, 45, '2023-04-27 08:34:02', NULL, NULL, 1),
(48, 107, 45, '2023-04-27 08:40:35', NULL, NULL, 1),
(49, 114, 46, NULL, NULL, NULL, 1),
(50, 115, 46, NULL, '2023-05-06 09:44:33', 'ถูกยกเลิก', 2),
(51, 121, 46, NULL, NULL, NULL, 1),
(52, 140, 45, '2023-04-27 08:39:28', NULL, NULL, 1),
(53, 102, 46, '2023-05-06 09:17:06', '2023-05-06 09:19:29', 'ถูกยกเลิก', 2),
(54, 142, 40, '2023-04-24 16:27:31', NULL, NULL, 1),
(55, 142, 42, NULL, NULL, NULL, 1),
(56, 145, 58, NULL, NULL, NULL, 1),
(57, 147, 50, '2023-04-25 09:28:49', NULL, NULL, 1),
(58, 148, 58, NULL, NULL, NULL, 1),
(59, 149, 40, NULL, NULL, NULL, 1),
(60, 149, 42, '2023-04-25 13:11:58', NULL, NULL, 1),
(61, 150, 41, NULL, NULL, NULL, 1),
(62, 150, 40, '2023-04-25 13:15:03', NULL, NULL, 1),
(63, 146, 45, '2023-04-27 08:39:02', NULL, NULL, 1),
(64, 157, 45, '2023-04-27 08:38:13', NULL, NULL, 1),
(65, 158, 45, '2023-04-27 08:37:42', NULL, NULL, 1),
(66, 160, 58, '2023-05-04 14:42:38', NULL, NULL, 1),
(67, 161, 45, '2023-04-27 16:22:41', NULL, NULL, 1),
(68, 164, 46, NULL, '2023-05-06 09:45:25', 'ถูกยกเลิก', 2),
(69, 165, 46, NULL, '2023-05-06 09:44:59', 'ถูกยกเลิก', 2),
(70, 175, 26, '2023-04-29 14:36:12', NULL, NULL, 1),
(71, 170, 46, NULL, NULL, NULL, 1),
(72, 173, 46, NULL, '2023-05-06 09:46:12', 'ถูกยกเลิก', 2),
(73, 174, 45, '2023-05-02 09:11:30', NULL, NULL, 1),
(74, 176, 45, '2023-05-02 09:11:00', NULL, NULL, 1),
(75, 178, 45, NULL, NULL, NULL, 1),
(76, 177, 45, '2023-05-02 09:23:10', NULL, NULL, 1),
(77, 172, 46, NULL, NULL, NULL, 1),
(78, 180, 46, NULL, NULL, NULL, 1),
(79, 183, 46, '2023-05-06 09:34:33', NULL, NULL, 1),
(80, 182, 73, '2023-05-03 10:50:03', NULL, NULL, 1),
(81, 181, 76, '2023-05-03 11:17:52', NULL, NULL, 1),
(82, 171, 73, '2023-05-03 10:50:39', NULL, NULL, 1),
(83, 155, 73, '2023-05-03 11:09:17', NULL, NULL, 1),
(84, 154, 76, '2023-05-03 11:04:57', NULL, NULL, 1),
(85, 153, 73, '2023-05-03 11:09:26', NULL, NULL, 1),
(86, 152, 73, '2023-05-03 11:09:35', NULL, NULL, 1),
(87, 151, 73, '2023-05-03 11:10:04', NULL, NULL, 1),
(88, 144, 73, '2023-05-03 11:10:14', NULL, NULL, 1),
(89, 143, 73, '2023-05-03 11:10:23', NULL, NULL, 1),
(90, 141, 73, '2023-05-03 10:51:16', NULL, NULL, 1),
(91, 133, 73, '2023-05-03 11:10:30', NULL, NULL, 1),
(92, 73, 73, '2023-05-03 10:51:30', NULL, NULL, 1),
(93, 182, 76, NULL, NULL, NULL, 1),
(94, 73, 76, NULL, NULL, NULL, 1),
(95, 186, 45, '2023-05-05 09:45:44', NULL, NULL, 1),
(96, 187, 45, '2023-05-05 09:48:53', NULL, NULL, 1),
(97, 219, 76, '2023-05-05 11:45:58', NULL, NULL, 1),
(98, 217, 76, '2023-05-05 11:45:21', NULL, NULL, 1),
(99, 216, 76, '2023-05-05 11:45:12', NULL, NULL, 1),
(100, 210, 73, '2023-05-05 08:35:32', NULL, NULL, 1),
(101, 209, 76, '2023-05-05 08:36:49', NULL, NULL, 1),
(102, 219, 73, NULL, NULL, NULL, 1),
(103, 208, 76, '2023-05-05 11:45:03', NULL, NULL, 1),
(104, 207, 76, '2023-05-05 11:44:48', NULL, NULL, 1),
(105, 206, 76, '2023-05-05 08:36:27', NULL, NULL, 1),
(106, 205, 76, '2023-05-05 11:44:34', NULL, NULL, 1),
(107, 211, 45, NULL, NULL, NULL, 1),
(108, 220, 45, NULL, NULL, NULL, 1),
(109, 221, 50, '2023-05-05 09:43:26', NULL, NULL, 1),
(110, 233, 76, '2023-05-05 11:47:08', NULL, NULL, 1),
(111, 231, 76, '2023-05-05 11:46:52', NULL, NULL, 1),
(112, 230, 76, '2023-05-05 11:46:44', NULL, NULL, 1),
(113, 227, 76, '2023-05-05 11:45:49', NULL, NULL, 1),
(114, 228, 76, '2023-05-05 11:46:30', NULL, NULL, 1),
(115, 222, 76, '2023-05-05 11:46:13', NULL, NULL, 1),
(116, 226, 76, '2023-05-05 11:46:22', NULL, NULL, 1),
(117, 232, 76, '2023-05-05 11:47:00', NULL, NULL, 1),
(118, 229, 76, '2023-05-05 11:46:37', NULL, NULL, 1),
(119, 185, 39, NULL, NULL, NULL, 1),
(120, 185, 40, '2023-05-05 13:12:53', NULL, NULL, 1),
(121, 185, 42, NULL, NULL, NULL, 1),
(122, 223, 46, NULL, NULL, NULL, 1),
(123, 224, 46, NULL, NULL, NULL, 1),
(124, 225, 46, NULL, NULL, NULL, 1),
(125, 239, 46, '2023-05-06 10:14:40', '2023-05-06 10:14:50', 'ถูกยกเลิก', 2),
(126, 240, 46, NULL, '2023-05-06 09:46:47', 'ถูกยกเลิก', 2),
(127, 241, 46, NULL, '2023-05-06 09:25:22', 'ถูกยกเลิก', 2),
(128, 237, 50, '2023-05-06 08:30:55', NULL, NULL, 1),
(129, 238, 76, NULL, NULL, NULL, 1),
(130, 102, 13, NULL, '2023-05-06 09:20:40', 'ถูกยกเลิก', 2),
(131, 102, 46, NULL, '2023-05-06 09:21:13', 'ถูกยกเลิก', 2),
(132, 102, 45, NULL, NULL, NULL, 1),
(133, 241, 12, NULL, '2023-05-06 09:25:59', 'ถูกยกเลิก', 2),
(134, 241, 4, NULL, '2023-05-06 09:26:35', 'ถูกยกเลิก', 2),
(135, 241, 46, NULL, '2023-05-06 09:43:48', 'ถูกยกเลิก', 2),
(136, 241, 45, NULL, NULL, NULL, 1),
(137, 115, 45, NULL, NULL, NULL, 1),
(138, 165, 45, NULL, NULL, NULL, 1),
(139, 164, 45, NULL, NULL, NULL, 1),
(140, 173, 45, NULL, NULL, NULL, 1),
(141, 240, 45, NULL, NULL, NULL, 1),
(142, 239, 45, NULL, NULL, NULL, 1),
(143, 243, 50, '2023-05-06 14:16:44', NULL, NULL, 1),
(144, 244, 46, NULL, NULL, NULL, 1);

-- --------------------------------------------------------

--
-- Table structure for table `tb_reject_mtr_code`
--

CREATE TABLE `tb_reject_mtr_code` (
  `id_reject_mtr` int NOT NULL,
  `ref_id_dept` int NOT NULL,
  `reject_mtr_name` varchar(60) COLLATE utf8mb4_unicode_ci NOT NULL,
  `reject_mtr_remark` longtext COLLATE utf8mb4_unicode_ci NOT NULL,
  `reject_mtr_status` int NOT NULL
) ENGINE=InnoDB DEFAULT CHARSET=utf8mb4 COLLATE=utf8mb4_unicode_ci COMMENT='ตารางเก็บ Master สาเหตุปฏิเสธซ่อม';

--
-- Dumping data for table `tb_reject_mtr_code`
--

INSERT INTO `tb_reject_mtr_code` (`id_reject_mtr`, `ref_id_dept`, `reject_mtr_name`, `reject_mtr_remark`, `reject_mtr_status`) VALUES
(1, 7, 'ตกรุ่นหาอะไหล่ไม่ได้', 'ตกรุ่นหาอะไหล่ไม่ได้', 1),
(2, 13, 'ตกรุ่นหาอะไหล่ไม่ได้', 'ตกรุ่นหาอะไหล่ไม่ได้ **ใช้กับทุก Device', 1),
(3, 13, 'ไม่คุ้มค่าซ่อม', 'ไม่คุ้มค่าซ่อม', 1),
(4, 13, 'แจ้งรายละเอียดไม่ชัดเจน', '', 1),
(5, 13, 'อุปกรณ์เสียถาวร', 'อุปกรณ์เสียถาวร', 1),
(6, 7, 'พไำพไำพ', 'ำไพำไ', 1),
(7, 13, 'อุปกรณ์ไม่มีปัญหา', 'อุปกรณ์ไม่มีปัญหา', 1),
(8, 7, 'sdfsd', 'sdf', 1),
(9, 8, 'edit-1', 'edit-1', 2),
(10, 13, 'RollOut', 'RollOut', 1);

-- --------------------------------------------------------

--
-- Table structure for table `tb_repair_code`
--

CREATE TABLE `tb_repair_code` (
  `id_repair_code` int NOT NULL,
  `ref_id_dept` int NOT NULL,
  `repair_code` varchar(6) COLLATE utf8mb4_unicode_ci DEFAULT NULL,
  `repair_code_name` varchar(50) COLLATE utf8mb4_unicode_ci NOT NULL,
  `repair_code_remark` longtext COLLATE utf8mb4_unicode_ci,
  `repair_code_status` int NOT NULL
) ENGINE=InnoDB DEFAULT CHARSET=utf8mb4 COLLATE=utf8mb4_unicode_ci COMMENT='ตารางเก็บข้อมูลรหัสซ่อม';

--
-- Dumping data for table `tb_repair_code`
--

INSERT INTO `tb_repair_code` (`id_repair_code`, `ref_id_dept`, `repair_code`, `repair_code_name`, `repair_code_remark`, `repair_code_status`) VALUES
(1, 13, 'ITR-01', 'ลงระบบปฏิบัติการ (OS) ใหม่', 'ลงระบบปฏิบัติการ (OS) ใหม่', 1),
(2, 13, 'ITR-02', 'ลงโปรแกรมใหม่ (Software)', 'ลงโปรแกรมใหม่ (Software)', 1),
(3, 13, 'ITR-03', 'เปลี่ยนอะไหล่ใหม่', 'เปลี่ยนอะไหล่ใหม่', 1),
(4, 13, 'ITR-05', 'รีเซ็ต-ตั้งค่าโปรแกรมใหม่', 'รีเซ็ต-ตั้งค่าโปรแกรมใหม่', 1),
(5, 7, 'MT-002', 'เปลี่ยนอะไหล่', 'เปลี่ยนอะไหล่', 1),
(6, 7, 'MT-001', 'ขันแน่น', 'ขันแน่น', 1),
(7, 13, 'ITR-04', 'ส่งเคลมประกัน', '', 1);

-- --------------------------------------------------------

--
-- Table structure for table `tb_repair_result`
--

CREATE TABLE `tb_repair_result` (
  `id_repair_result` int NOT NULL,
  `ref_id_maintenance_request` int NOT NULL COMMENT 'REF.ไอดีใบแจ้งซ่อม',
  `ref_id_failure_code` varchar(100) COLLATE utf8mb4_unicode_ci NOT NULL COMMENT 'REF.ไอดีรหัสอาการเสีย',
  `ref_id_repair_code` varchar(100) COLLATE utf8mb4_unicode_ci NOT NULL COMMENT 'REF.ไอดีรหัสซ่อม',
  `txt_caused_by` varchar(100) COLLATE utf8mb4_unicode_ci NOT NULL COMMENT 'สาเหตุของปัญหา',
  `txt_solution` varchar(100) COLLATE utf8mb4_unicode_ci NOT NULL COMMENT 'วิธีการแก้ไข',
  `ref_id_user_report` int NOT NULL COMMENT 'REF.ไอดีผู้ซ่อมผู้รายงาน',
  `report_date` datetime NOT NULL,
  `edit_report_date` datetime DEFAULT NULL COMMENT 'วันที่แก้ไขล่าสุด',
  `ref_id_user_edit` int DEFAULT NULL
) ENGINE=InnoDB DEFAULT CHARSET=utf8mb4 COLLATE=utf8mb4_unicode_ci COMMENT='ตารางสรุปผลการซ่อม';

--
-- Dumping data for table `tb_repair_result`
--

INSERT INTO `tb_repair_result` (`id_repair_result`, `ref_id_maintenance_request`, `ref_id_failure_code`, `ref_id_repair_code`, `txt_caused_by`, `txt_solution`, `ref_id_user_report`, `report_date`, `edit_report_date`, `ref_id_user_edit`) VALUES
(1, 6, '34', 'FC04', 'ปั้มส่งน้ำเดรนชำรุด', 'แก้ไขให้ไช้งานเบื้องต้น ติดต่อซัพภายนอกเสนอราคาปั้มเดรนน้ำใหม่', 183, '2023-03-30 08:42:55', '2023-04-20 08:11:48', 42),
(2, 2, '16', '5', 'ทดสอบพิมพ์เอง แก้ไข 2023-03-31 / 08.19', 'ทดสอบพิมพ์เอง แก้ไข 2023-03-31 / 08.19', 176, '2023-03-30 11:43:32', '2023-03-31 17:52:51', 176),
(3, 4, 'พิมพ์เอง แก้ไข 2', '6', 'เทส', 'เทส', 183, '2023-03-30 11:44:57', '2023-03-31 08:31:42', 183),
(4, 16, '9', 'เปลี่ยนลูกปืน', 'ลูกปืนแตก', 'ทำ PM , ตรวจสอบก่อนใช้งาน', 183, '2023-04-06 10:44:48', NULL, NULL),
(5, 1, '1', '6', 'test', 'test', 13, '2023-04-17 13:19:32', NULL, NULL),
(6, 3, '2', '5', 'หมดอายุใช้งาน', 'ตรวจเช็ค, ทำ PM', 13, '2023-04-17 14:35:48', NULL, NULL),
(7, 65, '32', 'FC02', 'ชำรุดจากการใช้งาน', 'ไม่มีอะไหล่ให้ซัพเป็นผู้จัดซ่อม', 42, '2023-04-20 13:23:26', '2023-04-20 13:27:58', 42),
(8, 19, '42', 'FC12', 'แปลงถ่านหมด', 'ไม่มีอะไหล่ในการซ่อมให้ซัพเป็นผู้ซ่อม', 42, '2023-04-20 13:31:18', NULL, NULL),
(9, 66, '13', '5', 'ปั๊มเดนน้ำทิ้งชำรุด', 'เปลี่ยนปั๊มเดนใหม่', 45, '2023-04-20 14:37:11', NULL, NULL),
(10, 10, '4', '6', 'โอริงหลุดออกจากข้อต่อท่อน้ำทิ้ง', 'ใส่โอริงให้ตรงรอยต่อท่อใช้ซิลิโคลนกันน้ำทารอบข้อต่อท่ออีกชั้น', 45, '2023-04-21 15:32:17', NULL, NULL),
(11, 11, '13', 'ทำความสะอาดหน้าสัมผัสของเซนเซอร์\r\n', 'เซนเซอร์สกปรก', 'เช็ดให้แห้ง', 45, '2023-04-22 09:20:16', NULL, NULL),
(12, 95, '4', '5', 'เกลียวข้อต่อสึกหรอ', 'ขันให้แน่นใช้สายยางรัดเข็มขัดไว้ที่ก็อกป้องกันการหมุน', 45, '2023-04-22 13:58:13', NULL, NULL),
(13, 13, '8', '5', 'โอริงขาดทำให้ปิดน้ำไม่อยู่ น้ำซึมออก', 'เปลี่ยนโอริงใหม่ขันแน่นพอประมาณ', 45, '2023-04-22 14:03:55', '2023-04-22 14:05:27', 45),
(14, 142, '32', 'Fc02', 'เสื่อมสภาพ', 'เปลี่ยนก่อนหมดอายุการใช้งาน', 40, '2023-04-24 16:38:26', NULL, NULL),
(15, 146, '3', '5', 'ตัวประคองบานประตูเอียงต้องเปลี่ยนใหม่', 'เปลี่ยนกระบอกโช็คยึดประตู', 45, '2023-04-27 09:01:27', NULL, NULL),
(16, 9, '5', 'ใส่กลับเข้าตำแหน่งเดิม', 'แกนRollerหลุดออกจากตำแหน่งเดิม', 'ตั้งสายพานของรางคอนเวอร์เยอร์ใหม่ให้ได้ระดับ', 45, '2023-04-27 09:24:39', NULL, NULL),
(17, 158, '5', '5', 'ปลั๊กเสีย', 'เสียบให้เเน่นๆ', 45, '2023-04-27 13:27:23', NULL, NULL),
(18, 161, '7', '5', 'น็อตยึดเพลาล้อขาด', 'เปลี่ยนน็อตยึดเพลาล้อใหม่', 45, '2023-04-27 16:30:47', '2023-04-27 16:34:13', 45),
(19, 150, 'ทำเพิ่มขึ้นมา', '000', 'แสงหว่างไม่เพียงพอ', 'ทำขึ้นมาใหม่\r\n', 41, '2023-04-28 15:50:31', NULL, NULL),
(20, 109, '4', '5', 'โอริงกันน้ำฉีกขาด', 'เปลี่ยนโอริงใหม่ขันน็อตยึดให้แน่น', 45, '2023-04-28 16:38:34', NULL, NULL),
(21, 175, '35', 'FC05', 'พุกตัวล็อคสายชำระหลุด', 'ใส่พุกตัวใหม่', 26, '2023-04-29 14:39:16', '2023-05-06 08:52:11', 26),
(22, 176, '2', '5', 'ไฟเปิดแล้วไม่ติด', 'เปลียนหลอดไฟที่มีวัตต์สูงขึ้นเพื่อยืดอายุการใช้งาน', 45, '2023-05-02 13:37:43', NULL, NULL),
(23, 105, '6', '5', 'กระจกกันน้ำแตก', 'ใช้แผ่นพลาสติกมาปิดแทนกระจก', 45, '2023-05-02 13:43:02', NULL, NULL),
(24, 174, '6', 'ตัดแผ่นSTLเจาะรูแล้วจึงขันน็อตยึดแน่น', 'เหล็กยึดที่จับหน้าต่างหัก', 'ใช้แผ่นSTLแทนแผ่น', 45, '2023-05-02 16:32:58', NULL, NULL),
(25, 27, '3', 'ต้องให้ช่างภายนอกมาเทียบศูนย์ของประตูให้มีความBalance', 'ประตูเอียงขอบด้านบนชิดแต่ด้านล่างห่าง', 'ขาประคองประตูต้องแน่นหนาแข็งแรง', 45, '2023-05-02 18:21:02', NULL, NULL),
(26, 20, '2', 'ทำความสะอาดขั้วแบต,', 'ขั้วแบตเตอรี่มีคราบสกปรก', 'ใช้กระดาษทรายขัดหน้าContactทุกๆเดือนๆละ1ครั้ง', 45, '2023-05-02 18:25:24', NULL, NULL),
(27, 140, '5', '6', 'ที่ยึดประตูเสียรูป', 'ใส่เข้าตำแหน่งเดิมแล้วขันน็อตให้แน่น', 45, '2023-05-03 09:42:33', NULL, NULL),
(28, 29, '6', '5', 'เกิดจากอุบัติเหตุรถเฉี่ยวชน', 'ทำกันชนก่อนถึงประตู', 45, '2023-05-03 09:57:56', NULL, NULL),
(29, 73, '32', 'FC02', 'หลอดไฟเสียเปิดไม่ติด แผงไฟตรงกลางห้อง', 'เปลี่ยนหลอดไฟใหม่จำนวน 2 หลอด', 73, '2023-05-03 10:55:48', '2023-05-03 10:58:01', 73),
(30, 154, '37', 'FC07', 'ม่านทางลงโฟคลิฟท์ลานโหลด4ชำรุด', 'เปลี่ยนม่านใหม่', 76, '2023-05-03 11:06:32', NULL, NULL),
(31, 182, '36', 'FC06', 'รถแฮนลิฟท์เบอร์5ชำรุดยกไม่ขึ้น', 'เชื่อมเเกนเพลาใหม่', 73, '2023-05-03 11:15:00', NULL, NULL),
(32, 145, 'สาย Comport จากกิโลหลวม', 'สาย Comport จากกิโลหลวม', 'สาย Comport จากกิโลหลวม', 'ต่อสายให้แน่น', 58, '2023-05-04 15:57:58', NULL, NULL),
(33, 183, '2', '5', 'ลูกปืนแตก', 'ใช้อย่างทะถุทะนอม', 46, '2023-05-06 09:39:21', NULL, NULL),
(34, 157, '12', '5', 'หน้าcontactสกปรก', 'ใช้จารบีชโลมหน้าcontactเพื่อป้องกันคราบสกปรกที่ทำให้เกิดสนิม', 45, '2023-05-06 15:12:19', NULL, NULL);

-- --------------------------------------------------------

--
-- Table structure for table `tb_satisfaction_survey`
--

CREATE TABLE `tb_satisfaction_survey` (
  `id_survey` int NOT NULL,
  `ref_id_maintenance_request` int NOT NULL,
  `ref_topic_survey` int NOT NULL,
  `score_result` int NOT NULL
) ENGINE=InnoDB DEFAULT CHARSET=utf8mb4 COLLATE=utf8mb4_unicode_ci COMMENT='ตารางเก็บประเมินผลการซ่อม';

--
-- Dumping data for table `tb_satisfaction_survey`
--

INSERT INTO `tb_satisfaction_survey` (`id_survey`, `ref_id_maintenance_request`, `ref_topic_survey`, `score_result`) VALUES
(1, 65, 0, 1),
(2, 65, 1, 1),
(3, 65, 2, 1),
(4, 65, 3, 1),
(5, 65, 4, 1),
(6, 65, 5, 1),
(7, 65, 6, 1),
(8, 65, 7, 1),
(9, 66, 0, 1),
(10, 66, 1, 1),
(11, 66, 2, 1),
(12, 66, 3, 1),
(13, 66, 4, 1),
(14, 66, 5, 1),
(15, 66, 6, 1),
(16, 66, 7, 1),
(17, 19, 0, 1),
(18, 19, 1, 1),
(19, 19, 2, 1),
(20, 19, 3, 1),
(21, 19, 4, 1),
(22, 19, 5, 1),
(23, 19, 6, 1),
(24, 19, 7, 1),
(25, 142, 0, 1),
(26, 142, 1, 1),
(27, 142, 2, 1),
(28, 142, 3, 1),
(29, 142, 4, 1),
(30, 142, 5, 1),
(31, 142, 6, 1),
(32, 142, 7, 1);

-- --------------------------------------------------------

--
-- Table structure for table `tb_site`
--

CREATE TABLE `tb_site` (
  `id_site` int NOT NULL COMMENT 'ไอดีไซต์',
  `site_initialname` varchar(10) COLLATE utf8mb4_unicode_ci DEFAULT NULL COMMENT 'ชื่อย่อไซต์',
  `site_name` varchar(50) COLLATE utf8mb4_unicode_ci NOT NULL COMMENT 'ชื่อเต็ม',
  `site_status` int NOT NULL COMMENT '1-ใช้งาน/2-ระงับ'
) ENGINE=InnoDB DEFAULT CHARSET=utf8mb4 COLLATE=utf8mb4_unicode_ci COMMENT='ตารางไซต์งาน';

--
-- Dumping data for table `tb_site`
--

INSERT INTO `tb_site` (`id_site`, `site_initialname`, `site_name`, `site_status`) VALUES
(1, 'PCS', 'บริษัท แปซิฟิค ห้องเย็น จากัด', 1),
(2, 'JPAC', 'บริษัท เจดับเบิ้ลยูดี แปซิฟิค จากัด', 1),
(3, 'PACT', 'บริษัท แปซิฟิค ทียูเอ็ม โคลด์ สโตเรจ จำกัด', 1),
(4, 'PACM', 'บริษัท แปซิฟิค เอ็ม โคลด์ สโตเรจ จากัด', 1),
(5, 'JPK', 'บริษัท เจพีเค โคลด์ สโตเรจ จากัด', 1),
(6, 'PACA', 'PACA', 1),
(7, 'PLP', 'บริษัท แปซิฟิค โลจิสติกส์ โปร จำกัด', 1),
(8, 'PACS', 'บริษัท แปซิฟิค ห้องเย็น จำกัด (สาขาสระบุรี)', 1);

-- --------------------------------------------------------

--
-- Table structure for table `tb_site_responsibility`
--

CREATE TABLE `tb_site_responsibility` (
  `id_site_responsibility` int NOT NULL,
  `ref_id_user` varchar(5) COLLATE utf8mb4_unicode_ci NOT NULL,
  `ref_id_site` varchar(5) CHARACTER SET utf8mb4 COLLATE utf8mb4_unicode_520_ci NOT NULL
) ENGINE=InnoDB DEFAULT CHARSET=utf8mb4 COLLATE=utf8mb4_unicode_ci COMMENT='ตารางอ้างอิงช่างซ่อมผูกกับใบงานไซค์ไหน';

--
-- Dumping data for table `tb_site_responsibility`
--

INSERT INTO `tb_site_responsibility` (`id_site_responsibility`, `ref_id_user`, `ref_id_site`) VALUES
(1, '1', '1'),
(2, '1', '2'),
(3, '1', '3'),
(4, '1', '4'),
(5, '1', '5'),
(6, '1', '6'),
(7, '1', '7'),
(8, '1', '8'),
(9, '2', '1'),
(10, '3', '7'),
(11, '3', '1'),
(12, '3', '3'),
(13, '3', '8'),
(14, '3', '4'),
(15, '3', '6'),
(16, '3', '5'),
(17, '3', '2'),
(18, '4', '3'),
(19, '5', '1'),
(20, '6', '7'),
(21, '6', '1'),
(22, '6', '3'),
(23, '6', '8'),
(24, '6', '4'),
(25, '6', '6'),
(26, '6', '5'),
(27, '6', '2'),
(28, '8', '1'),
(29, '10', '1'),
(30, '11', '7'),
(31, '14', '1'),
(32, '15', '1'),
(33, '16', '1'),
(34, '17', '5'),
(35, '18', '1'),
(36, '19', '8'),
(39, '22', '1'),
(40, '20', '7'),
(41, '20', '1'),
(42, '20', '3'),
(43, '20', '8'),
(44, '20', '4'),
(45, '20', '6'),
(46, '20', '5'),
(47, '20', '2'),
(48, '23', '1'),
(49, '24', '1'),
(50, '25', '2'),
(51, '26', '2'),
(52, '27', '4'),
(53, '28', '1'),
(54, '29', '3'),
(55, '30', '5'),
(56, '31', '3'),
(57, '32', '2'),
(58, '33', '2'),
(59, '34', '1'),
(60, '35', '1'),
(61, '36', '1'),
(62, '37', '1'),
(63, '38', '5'),
(64, '39', '5'),
(65, '40', '5'),
(66, '41', '5'),
(67, '42', '5'),
(68, '43', '1'),
(69, '44', '1'),
(70, '45', '1'),
(71, '46', '1'),
(72, '47', '1'),
(73, '48', '1'),
(74, '49', '8'),
(75, '50', '7'),
(76, '51', '1'),
(77, '52', '1'),
(78, '53', '8'),
(79, '54', '5'),
(80, '55', '5'),
(81, '56', '7'),
(82, '57', '1'),
(83, '58', '1'),
(84, '59', '5'),
(85, '60', '5'),
(86, '61', '5'),
(87, '62', '5'),
(88, '63', '5'),
(89, '64', '8'),
(90, '65', '8'),
(91, '66', '8'),
(92, '67', '8'),
(93, '68', '5'),
(94, '69', '5'),
(95, '70', '8'),
(104, '71', '1'),
(105, '72', '2'),
(106, '21', '7'),
(107, '21', '1'),
(108, '21', '3'),
(109, '21', '8'),
(110, '21', '4'),
(111, '21', '6'),
(112, '21', '5'),
(113, '21', '2'),
(114, '73', '2'),
(115, '74', '4'),
(116, '75', '2'),
(117, '76', '2'),
(118, '77', '7'),
(119, '78', '7'),
(120, '79', '5'),
(121, '80', '7'),
(122, '81', '7'),
(123, '82', '7'),
(124, '83', '1'),
(125, '84', '1'),
(126, '85', '1'),
(127, '86', '1'),
(128, '87', '1'),
(129, '88', '1'),
(130, '89', '1'),
(131, '90', '1'),
(132, '91', '1'),
(133, '92', '1'),
(134, '93', '1'),
(135, '94', '1'),
(136, '95', '1'),
(137, '96', '1'),
(138, '97', '1'),
(139, '98', '1'),
(140, '99', '1'),
(141, '100', '1'),
(142, '101', '4'),
(143, '102', '1'),
(144, '103', '1'),
(145, '104', '1'),
(146, '105', '1');

-- --------------------------------------------------------

--
-- Table structure for table `tb_supplier`
--

CREATE TABLE `tb_supplier` (
  `id_supplier` int NOT NULL,
  `ref_id_site` int NOT NULL,
  `ref_id_dept` int NOT NULL,
  `supplier_name` varchar(60) COLLATE utf8mb4_unicode_ci NOT NULL,
  `supplier_phone` varchar(10) COLLATE utf8mb4_unicode_ci DEFAULT NULL,
  `supplier_remark` longtext COLLATE utf8mb4_unicode_ci,
  `supplier_status` int NOT NULL
) ENGINE=InnoDB DEFAULT CHARSET=utf8mb4 COLLATE=utf8mb4_unicode_ci COMMENT='ใช้เก็บข้อมูลผู้จำหน่าย-ผู้ซ่อมภายนอก';

--
-- Dumping data for table `tb_supplier`
--

INSERT INTO `tb_supplier` (`id_supplier`, `ref_id_site`, `ref_id_dept`, `supplier_name`, `supplier_phone`, `supplier_remark`, `supplier_status`) VALUES
(1, 1, 13, 'บริษัท ยูธว์ เทค จำกัด', '0924191939', '0924191939 คุณ xx', 1),
(2, 1, 13, 'Tigersoft (1998) Co., Ltd.', '0234703748', '02-347-0373 คุณ xxx', 1),
(3, 1, 13, 'บริษัท ไดนามิค ไอที โซลูชั่นส์ จำกัด', '0271040400', 'บริษัท ไดนามิค ไอที โซลูชั่นส์ จำกัด', 1),
(4, 1, 7, 'บริษัท เอ็กซ์ เอ็ม เค (ประเทศไทย) จำกัด', '0123456799', 'บริษัท เอ็กซ์ เอ็ม เค (ประเทศไทย) จำกัด', 1),
(5, 1, 8, 'บริษัท ชูโฟทิค จำกัด', '0244511233', '', 1),
(6, 1, 13, 'ทดสอบ เพิ่มซัพพลายเออร์ 1', '1234657879', 'ทดสอบ เพิ่มซัพพลายเออร์ 1', 2),
(7, 1, 13, 'ทดสอบ เพิ่มซัพพลายเออร์ 2 Edit', '7777777777', 'ทดสอบ เพิ่มซัพพลายเออร์ 2 Edit', 2),
(8, 1, 7, 'ทดสอบ เพิ่มซัพพลายเออร์ 3 EN', '9999999999', 'ทดสอบ เพิ่มซัพพลายเออร์ 3 EN', 2),
(9, 3, 7, 'เพิ่มซัพพลายเออร์ PACT', '9999999999', ' เพิ่มซัพพลายเออร์ PACT', 1),
(10, 1, 7, 'CK Cool', '', 'CK Cool (ช่างชาญ)', 1),
(11, 5, 8, 'MTR', '', 'Forklift', 1),
(12, 5, 8, 'mrich', '', 'Forklift', 1),
(13, 5, 8, 'ST Interrest2006', '', 'งานซ่อมแอร์ pmแอร์', 1),
(14, 5, 8, 'จอนสัน คอนโทรล', '', 'Compressor ระบบทำความเย็น', 1),
(15, 5, 8, 'โกลดมาร์คเทค', '', 'Chiller', 1),
(16, 5, 8, 'SAP', '', 'ระบบไฟฟ้า ประตู ซ่อมสร้างต่างๆ', 1),
(17, 5, 8, 'ออล่า', '', 'ประตู/ Dock Leveler', 1),
(18, 5, 8, 'VKL', '', 'ซ่อมสร้างต่างๆ', 1),
(19, 5, 8, 'บอลเทคนิค', '', 'ระบบทำความเย็น', 1),
(20, 5, 8, 'อาร์แอนเอ็น', '', 'ระบบทำความเย็น', 1),
(21, 5, 8, 'เอสเอ็ม สมาร์ท', '', 'ระบบความเย็น', 1),
(22, 5, 8, 'CK', '', 'ผนัง ISOWALL', 1),
(23, 5, 8, 'เซฟเฟอร์', '', 'โมบายแร็ค', 1),
(24, 5, 8, 'วิลเลี่ยม', '', 'มอเตอร์', 1),
(25, 5, 8, 'SK', '', 'สอบเทียบ', 1),
(26, 7, 4, 'ศักชัยมอเตอร์', '', '', 1);

-- --------------------------------------------------------

--
-- Table structure for table `tb_timeline`
--

CREATE TABLE `tb_timeline` (
  `id_timeline` int NOT NULL,
  `ref_id_maintenance_request` int NOT NULL COMMENT 'REF.ไอดีใบแจ้งซ่อม',
  `timeline_date` datetime NOT NULL COMMENT 'วันเวลาไทม์ไลน์',
  `ref_id_user` int NOT NULL COMMENT 'REF.ไอดีผู้บันทึก',
  `ref_arr_timeline` int NOT NULL COMMENT 'REF.อ้างอิง arr_timeline',
  `title_timeline` varchar(80) COLLATE utf8mb4_unicode_ci DEFAULT NULL,
  `detail_timeline` longtext COLLATE utf8mb4_unicode_ci
) ENGINE=InnoDB DEFAULT CHARSET=utf8mb4 COLLATE=utf8mb4_unicode_ci COMMENT='ตารางเก็บไทม์ไลน์';

--
-- Dumping data for table `tb_timeline`
--

INSERT INTO `tb_timeline` (`id_timeline`, `ref_id_maintenance_request`, `timeline_date`, `ref_id_user`, `ref_arr_timeline`, `title_timeline`, `detail_timeline`) VALUES
(1, 1, '2023-04-17 11:22:01', 9, 1, NULL, NULL),
(2, 1, '2023-04-17 11:34:40', 12, 4, NULL, NULL),
(3, 2, '2023-04-17 11:38:56', 9, 1, NULL, NULL),
(4, 1, '2023-04-17 11:55:29', 13, 19, NULL, NULL),
(5, 1, '2023-04-17 11:55:40', 13, 6, NULL, NULL),
(6, 1, '2023-04-17 13:19:32', 13, 9, NULL, NULL),
(7, 1, '2023-04-17 13:19:48', 13, 12, NULL, NULL),
(8, 1, '2023-04-17 13:19:55', 13, 23, NULL, NULL),
(9, 1, '2023-04-17 13:20:07', 13, 12, NULL, NULL),
(10, 1, '2023-04-17 13:20:14', 13, 13, NULL, NULL),
(11, 3, '2023-04-17 13:42:15', 9, 1, NULL, NULL),
(12, 3, '2023-04-17 14:27:36', 12, 4, NULL, NULL),
(13, 3, '2023-04-17 14:29:48', 13, 19, NULL, NULL),
(14, 3, '2023-04-17 14:31:07', 13, 6, NULL, NULL),
(15, 3, '2023-04-17 14:35:48', 13, 9, NULL, NULL),
(16, 3, '2023-04-17 14:37:10', 13, 10, NULL, NULL),
(17, 3, '2023-04-17 14:37:41', 13, 10, NULL, NULL),
(18, 3, '2023-04-17 14:38:58', 13, 11, NULL, NULL),
(19, 3, '2023-04-17 14:39:30', 13, 11, NULL, NULL),
(20, 3, '2023-04-17 14:39:51', 13, 11, NULL, NULL),
(21, 3, '2023-04-17 14:40:03', 13, 22, NULL, NULL),
(22, 3, '2023-04-17 14:41:31', 13, 12, NULL, NULL),
(23, 3, '2023-04-17 14:42:13', 13, 13, NULL, NULL),
(24, 3, '2023-04-17 14:43:29', 12, 14, NULL, NULL),
(25, 2, '2023-04-17 14:58:05', 12, 4, NULL, NULL),
(26, 2, '2023-04-17 14:58:16', 12, 19, NULL, NULL),
(27, 2, '2023-04-17 14:59:20', 12, 10, NULL, NULL),
(28, 1, '2023-04-17 15:03:50', 12, 14, NULL, NULL),
(29, 4, '2023-04-17 16:29:24', 22, 1, NULL, NULL),
(30, 5, '2023-04-17 16:48:02', 17, 1, NULL, NULL),
(31, 5, '2023-04-17 16:49:44', 17, 4, NULL, NULL),
(32, 6, '2023-04-17 17:00:27', 17, 1, NULL, NULL),
(33, 7, '2023-04-18 14:12:11', 17, 1, NULL, NULL),
(34, 7, '2023-04-18 14:15:26', 17, 18, NULL, NULL),
(36, 9, '2023-04-18 15:16:26', 28, 1, NULL, NULL),
(37, 10, '2023-04-18 15:22:34', 28, 1, NULL, NULL),
(38, 11, '2023-04-18 15:35:11', 28, 1, NULL, NULL),
(39, 12, '2023-04-18 15:37:57', 28, 1, NULL, NULL),
(40, 5, '2023-04-18 15:42:36', 17, 17, NULL, 'ยกเลิก'),
(41, 13, '2023-04-19 09:15:03', 18, 1, NULL, NULL),
(42, 7, '2023-04-19 15:22:21', 17, 4, NULL, NULL),
(43, 7, '2023-04-19 15:22:52', 17, 19, NULL, NULL),
(44, 6, '2023-04-19 15:23:34', 17, 4, NULL, NULL),
(45, 6, '2023-04-19 15:23:44', 17, 19, NULL, NULL),
(50, 18, '2023-04-19 15:34:20', 17, 1, NULL, NULL),
(51, 18, '2023-04-19 16:42:39', 17, 4, NULL, NULL),
(52, 18, '2023-04-19 16:42:46', 17, 19, NULL, NULL),
(53, 19, '2023-04-19 16:52:50', 17, 1, NULL, NULL),
(54, 19, '2023-04-19 16:53:56', 17, 4, NULL, NULL),
(55, 19, '2023-04-19 16:54:16', 17, 19, NULL, NULL),
(56, 20, '2023-04-19 17:28:12', 28, 1, NULL, NULL),
(57, 21, '2023-04-19 17:28:14', 28, 1, NULL, NULL),
(58, 22, '2023-04-19 17:28:33', 28, 1, NULL, NULL),
(59, 23, '2023-04-19 17:29:09', 28, 1, NULL, NULL),
(60, 24, '2023-04-19 17:30:08', 28, 1, NULL, NULL),
(61, 25, '2023-04-19 17:30:10', 28, 1, NULL, NULL),
(62, 26, '2023-04-19 17:31:42', 28, 1, NULL, NULL),
(63, 27, '2023-04-19 17:34:42', 28, 1, NULL, NULL),
(64, 28, '2023-04-19 17:36:36', 28, 1, NULL, NULL),
(65, 29, '2023-04-19 18:46:15', 35, 1, NULL, NULL),
(86, 50, '2023-04-19 19:35:43', 35, 1, NULL, NULL),
(87, 19, '2023-04-20 07:54:07', 17, 7, NULL, NULL),
(88, 6, '2023-04-20 07:55:42', 17, 7, NULL, NULL),
(89, 6, '2023-04-20 08:07:16', 42, 6, NULL, NULL),
(90, 6, '2023-04-20 08:11:48', 42, 9, NULL, NULL),
(91, 6, '2023-04-20 08:18:04', 42, 8, NULL, NULL),
(92, 51, '2023-04-20 10:29:44', 37, 1, NULL, NULL),
(104, 63, '2023-04-20 10:38:27', 37, 1, NULL, NULL),
(105, 64, '2023-04-20 11:36:55', 36, 1, NULL, NULL),
(106, 19, '2023-04-20 12:54:41', 17, 7, NULL, NULL),
(107, 65, '2023-04-20 13:15:39', 17, 1, NULL, NULL),
(108, 65, '2023-04-20 13:16:21', 17, 4, NULL, NULL),
(109, 65, '2023-04-20 13:19:22', 42, 19, NULL, NULL),
(110, 65, '2023-04-20 13:20:35', 42, 6, NULL, NULL),
(111, 65, '2023-04-20 13:23:26', 42, 9, NULL, NULL),
(112, 65, '2023-04-20 13:27:23', 42, 10, NULL, NULL),
(113, 65, '2023-04-20 13:27:58', 42, 9, NULL, NULL),
(114, 65, '2023-04-20 13:28:33', 42, 12, NULL, NULL),
(115, 65, '2023-04-20 13:29:01', 42, 13, NULL, NULL),
(116, 19, '2023-04-20 13:29:41', 42, 6, NULL, NULL),
(117, 19, '2023-04-20 13:31:18', 42, 9, NULL, NULL),
(118, 19, '2023-04-20 13:33:45', 42, 10, NULL, NULL),
(119, 65, '2023-04-20 13:35:32', 17, 14, NULL, NULL),
(120, 65, '2023-04-20 13:40:03', 17, 15, NULL, NULL),
(121, 65, '2023-04-20 13:40:03', 17, 16, NULL, NULL),
(122, 63, '2023-04-20 14:21:38', 46, 4, NULL, NULL),
(123, 63, '2023-04-20 14:21:40', 46, 4, NULL, NULL),
(124, 63, '2023-04-20 14:25:25', 45, 19, NULL, NULL),
(125, 63, '2023-04-20 14:26:05', 45, 6, NULL, NULL),
(126, 66, '2023-04-20 14:30:44', 1, 1, NULL, NULL),
(127, 66, '2023-04-20 14:32:54', 46, 4, NULL, NULL),
(128, 66, '2023-04-20 14:33:20', 45, 19, NULL, NULL),
(129, 66, '2023-04-20 14:33:28', 45, 6, NULL, NULL),
(130, 66, '2023-04-20 14:37:11', 45, 9, NULL, NULL),
(131, 66, '2023-04-20 14:37:23', 45, 13, NULL, NULL),
(132, 66, '2023-04-20 14:42:19', 46, 21, NULL, NULL),
(133, 66, '2023-04-20 14:46:14', 45, 10, NULL, NULL),
(134, 65, '2023-04-20 14:46:42', 17, 15, NULL, NULL),
(135, 66, '2023-04-20 14:47:40', 45, 10, NULL, NULL),
(136, 66, '2023-04-20 14:47:56', 45, 10, NULL, NULL),
(137, 19, '2023-04-20 14:49:49', 42, 10, NULL, NULL),
(138, 19, '2023-04-20 14:50:14', 42, 10, NULL, NULL),
(139, 19, '2023-04-20 14:50:33', 42, 12, NULL, NULL),
(140, 66, '2023-04-20 14:52:44', 45, 11, NULL, NULL),
(141, 66, '2023-04-20 14:53:55', 45, 11, NULL, NULL),
(142, 66, '2023-04-20 14:54:12', 45, 11, NULL, NULL),
(143, 66, '2023-04-20 14:55:13', 45, 11, NULL, NULL),
(144, 66, '2023-04-20 14:55:35', 45, 22, NULL, NULL),
(145, 66, '2023-04-20 15:03:41', 45, 12, NULL, NULL),
(146, 66, '2023-04-20 15:03:49', 45, 12, NULL, NULL),
(147, 66, '2023-04-20 15:04:42', 45, 23, NULL, NULL),
(148, 66, '2023-04-20 15:04:45', 45, 23, NULL, NULL),
(149, 66, '2023-04-20 15:04:46', 45, 23, NULL, NULL),
(150, 66, '2023-04-20 15:05:57', 45, 12, NULL, NULL),
(151, 19, '2023-04-20 15:06:42', 38, 13, NULL, NULL),
(152, 66, '2023-04-20 15:06:59', 45, 13, NULL, NULL),
(153, 66, '2023-04-20 15:10:08', 46, 14, NULL, NULL),
(154, 66, '2023-04-20 15:11:32', 1, 15, NULL, NULL),
(155, 66, '2023-04-20 15:11:32', 1, 16, NULL, NULL),
(156, 66, '2023-04-20 15:17:43', 1, 17, NULL, 'รออะไหล่'),
(157, 67, '2023-04-20 15:22:50', 17, 1, NULL, NULL),
(159, 67, '2023-04-20 15:24:24', 17, 4, NULL, NULL),
(160, 69, '2023-04-20 15:28:26', 17, 1, NULL, NULL),
(161, 69, '2023-04-20 15:29:05', 17, 4, NULL, NULL),
(162, 64, '2023-04-20 15:47:23', 21, 17, NULL, 'ดำเนินการซ่อมเสร็จเรียบร้อยแล้วครับ'),
(163, 64, '2023-04-20 15:47:56', 21, 4, NULL, NULL),
(164, 64, '2023-04-20 15:48:02', 21, 19, NULL, NULL),
(165, 64, '2023-04-20 15:48:20', 21, 18, NULL, NULL),
(166, 19, '2023-04-20 15:51:29', 17, 14, NULL, NULL),
(167, 19, '2023-04-20 15:51:55', 17, 15, NULL, NULL),
(168, 19, '2023-04-20 15:51:55', 17, 16, NULL, NULL),
(172, 73, '2023-04-20 16:02:32', 32, 1, NULL, NULL),
(173, 69, '2023-04-20 16:45:13', 17, 7, NULL, NULL),
(174, 67, '2023-04-20 16:45:37', 17, 7, NULL, NULL),
(175, 67, '2023-04-20 16:50:26', 38, 19, NULL, NULL),
(176, 69, '2023-04-20 16:50:45', 38, 19, NULL, NULL),
(177, 69, '2023-04-20 16:50:57', 38, 6, NULL, NULL),
(178, 67, '2023-04-21 08:31:46', 38, 6, NULL, NULL),
(197, 92, '2023-04-21 10:52:29', 29, 1, NULL, NULL),
(198, 93, '2023-04-21 11:12:09', 29, 1, NULL, NULL),
(199, 94, '2023-04-21 11:17:15', 29, 1, NULL, NULL),
(200, 95, '2023-04-21 11:29:45', 28, 1, NULL, NULL),
(201, 96, '2023-04-21 11:35:48', 29, 1, NULL, NULL),
(202, 10, '2023-04-21 13:42:12', 46, 4, NULL, NULL),
(203, 12, '2023-04-21 13:44:17', 46, 4, NULL, NULL),
(204, 13, '2023-04-21 13:45:43', 46, 4, NULL, NULL),
(205, 20, '2023-04-21 13:46:41', 46, 4, NULL, NULL),
(206, 27, '2023-04-21 13:52:13', 46, 4, NULL, NULL),
(207, 10, '2023-04-21 13:52:51', 45, 19, NULL, NULL),
(208, 10, '2023-04-21 13:53:07', 45, 6, NULL, NULL),
(209, 29, '2023-04-21 13:53:42', 46, 4, NULL, NULL),
(210, 9, '2023-04-21 13:55:46', 46, 4, NULL, NULL),
(211, 4, '2023-04-21 13:57:25', 46, 4, NULL, NULL),
(212, 11, '2023-04-21 13:59:32', 46, 4, NULL, NULL),
(213, 26, '2023-04-21 14:00:22', 46, 4, NULL, NULL),
(214, 50, '2023-04-21 14:01:06', 46, 4, NULL, NULL),
(215, 95, '2023-04-21 14:02:02', 46, 4, NULL, NULL),
(216, 10, '2023-04-21 15:29:25', 45, 8, NULL, NULL),
(217, 10, '2023-04-21 15:30:16', 45, 8, NULL, NULL),
(218, 10, '2023-04-21 15:30:25', 45, 8, NULL, NULL),
(219, 10, '2023-04-21 15:32:17', 45, 9, NULL, NULL),
(220, 10, '2023-04-21 15:35:19', 45, 12, NULL, NULL),
(221, 10, '2023-04-21 15:35:29', 45, 12, NULL, NULL),
(222, 10, '2023-04-21 15:39:27', 45, 13, NULL, NULL),
(223, 10, '2023-04-21 15:39:27', 45, 13, NULL, NULL),
(224, 10, '2023-04-21 15:39:27', 45, 13, NULL, NULL),
(225, 10, '2023-04-21 15:39:27', 45, 13, NULL, NULL),
(226, 10, '2023-04-21 15:39:27', 45, 13, NULL, NULL),
(227, 10, '2023-04-21 15:39:27', 45, 13, NULL, NULL),
(228, 10, '2023-04-21 15:39:27', 45, 13, NULL, NULL),
(229, 10, '2023-04-21 15:39:27', 45, 13, NULL, NULL),
(230, 10, '2023-04-21 15:39:27', 45, 13, NULL, NULL),
(231, 97, '2023-04-21 17:07:05', 29, 1, NULL, NULL),
(232, 98, '2023-04-21 17:46:34', 29, 1, NULL, NULL),
(233, 99, '2023-04-21 19:35:16', 29, 1, NULL, NULL),
(234, 10, '2023-04-21 20:44:55', 46, 14, NULL, NULL),
(235, 11, '2023-04-22 09:15:43', 45, 19, NULL, NULL),
(236, 11, '2023-04-22 09:15:57', 45, 18, NULL, NULL),
(237, 11, '2023-04-22 09:16:12', 45, 6, NULL, NULL),
(238, 11, '2023-04-22 09:20:17', 45, 9, NULL, NULL),
(239, 100, '2023-04-22 09:20:53', 29, 1, NULL, NULL),
(240, 11, '2023-04-22 09:22:08', 45, 12, NULL, NULL),
(241, 11, '2023-04-22 09:27:12', 45, 12, NULL, NULL),
(242, 11, '2023-04-22 09:30:24', 45, 13, NULL, NULL),
(243, 20, '2023-04-22 09:34:10', 45, 19, NULL, NULL),
(244, 20, '2023-04-22 09:34:18', 45, 6, NULL, NULL),
(245, 95, '2023-04-22 09:35:11', 45, 19, NULL, NULL),
(246, 4, '2023-04-22 09:52:30', 45, 19, NULL, NULL),
(247, 9, '2023-04-22 09:53:13', 45, 19, NULL, NULL),
(248, 12, '2023-04-22 09:53:30', 45, 19, NULL, NULL),
(249, 13, '2023-04-22 09:53:57', 45, 19, NULL, NULL),
(250, 101, '2023-04-22 09:55:27', 17, 1, NULL, NULL),
(251, 101, '2023-04-22 10:01:59', 17, 4, NULL, NULL),
(252, 27, '2023-04-22 13:53:33', 45, 17, NULL, 'ใบงานนี้AS/RSรับผิดชอบครับ'),
(253, 95, '2023-04-22 13:55:52', 45, 18, NULL, NULL),
(254, 95, '2023-04-22 13:55:57', 45, 6, NULL, NULL),
(255, 95, '2023-04-22 13:56:16', 45, 8, NULL, NULL),
(256, 95, '2023-04-22 13:58:13', 45, 9, NULL, NULL),
(257, 95, '2023-04-22 13:58:20', 45, 13, NULL, NULL),
(258, 13, '2023-04-22 14:01:38', 45, 8, NULL, NULL),
(259, 102, '2023-04-22 14:02:09', 47, 1, NULL, NULL),
(262, 13, '2023-04-22 14:03:55', 45, 9, NULL, NULL),
(263, 13, '2023-04-22 14:04:31', 45, 8, NULL, NULL),
(264, 13, '2023-04-22 14:04:56', 45, 6, NULL, NULL),
(265, 13, '2023-04-22 14:05:08', 45, 18, NULL, NULL),
(266, 13, '2023-04-22 14:05:19', 45, 8, NULL, NULL),
(267, 13, '2023-04-22 14:05:27', 45, 9, NULL, NULL),
(268, 105, '2023-04-22 14:07:50', 47, 1, NULL, NULL),
(269, 13, '2023-04-22 14:07:55', 45, 12, NULL, NULL),
(270, 13, '2023-04-22 14:08:03', 45, 13, NULL, NULL),
(271, 106, '2023-04-22 14:20:35', 36, 1, NULL, NULL),
(272, 107, '2023-04-22 14:30:30', 36, 1, NULL, NULL),
(273, 12, '2023-04-22 14:32:36', 45, 6, NULL, NULL),
(274, 108, '2023-04-22 14:46:01', 36, 1, NULL, NULL),
(275, 109, '2023-04-22 16:08:57', 47, 1, NULL, NULL),
(276, 110, '2023-04-22 16:20:00', 47, 1, NULL, NULL),
(277, 111, '2023-04-22 16:24:00', 47, 1, NULL, NULL),
(278, 112, '2023-04-22 16:31:58', 47, 1, NULL, NULL),
(279, 113, '2023-04-22 16:34:16', 47, 1, NULL, NULL),
(280, 101, '2023-04-22 19:42:26', 42, 19, NULL, NULL),
(281, 101, '2023-04-22 19:42:40', 42, 6, NULL, NULL),
(282, 114, '2023-04-22 20:01:50', 37, 1, NULL, NULL),
(283, 115, '2023-04-22 20:02:58', 37, 1, NULL, NULL),
(284, 116, '2023-04-23 16:58:08', 28, 1, NULL, NULL),
(285, 117, '2023-04-24 09:12:40', 23, 1, NULL, NULL),
(286, 118, '2023-04-24 09:12:44', 23, 1, NULL, NULL),
(287, 119, '2023-04-24 09:12:50', 23, 1, NULL, NULL),
(288, 120, '2023-04-24 09:12:56', 23, 1, NULL, NULL),
(289, 121, '2023-04-24 09:14:26', 47, 1, NULL, NULL),
(290, 122, '2023-04-24 09:15:16', 23, 1, NULL, NULL),
(291, 123, '2023-04-24 09:15:19', 23, 1, NULL, NULL),
(292, 124, '2023-04-24 09:16:25', 23, 1, NULL, NULL),
(293, 125, '2023-04-24 09:18:42', 23, 1, NULL, NULL),
(294, 117, '2023-04-24 09:29:11', 23, 17, NULL, 'แจ้งช่างชาญ เสนอราคาครับ ทาง En จะเปิด PR อีกที'),
(295, 126, '2023-04-24 10:14:14', 52, 1, NULL, NULL),
(296, 67, '2023-04-24 11:07:06', 17, 7, NULL, NULL),
(297, 18, '2023-04-24 11:07:53', 17, 7, NULL, NULL),
(304, 133, '2023-04-24 11:35:05', 33, 1, NULL, NULL),
(305, 134, '2023-04-24 11:36:02', 33, 1, NULL, NULL),
(306, 135, '2023-04-24 11:36:04', 33, 1, NULL, NULL),
(307, 136, '2023-04-24 11:37:56', 40, 1, NULL, NULL),
(308, 137, '2023-04-24 11:37:58', 40, 1, NULL, NULL),
(309, 136, '2023-04-24 11:39:04', 17, 4, NULL, NULL),
(310, 138, '2023-04-24 13:16:50', 1, 1, NULL, NULL),
(311, 139, '2023-04-24 13:37:31', 47, 1, NULL, NULL),
(312, 140, '2023-04-24 13:45:56', 28, 1, NULL, NULL),
(313, 141, '2023-04-24 14:35:00', 33, 1, NULL, NULL),
(314, 142, '2023-04-24 15:28:39', 17, 1, NULL, NULL),
(315, 142, '2023-04-24 15:30:05', 17, 4, NULL, NULL),
(316, 110, '2023-04-24 15:48:19', 46, 4, NULL, NULL),
(317, 108, '2023-04-24 15:49:47', 46, 4, NULL, NULL),
(318, 109, '2023-04-24 15:50:23', 46, 4, NULL, NULL),
(319, 116, '2023-04-24 15:52:50', 46, 4, NULL, NULL),
(320, 143, '2023-04-24 15:52:59', 25, 1, NULL, NULL),
(321, 105, '2023-04-24 16:00:27', 46, 4, NULL, NULL),
(322, 106, '2023-04-24 16:01:34', 46, 4, NULL, NULL),
(323, 107, '2023-04-24 16:02:05', 46, 4, NULL, NULL),
(324, 113, '2023-04-24 16:04:02', 46, 24, NULL, NULL),
(325, 144, '2023-04-24 16:04:39', 25, 1, NULL, NULL),
(326, 114, '2023-04-24 16:04:59', 46, 4, NULL, NULL),
(327, 115, '2023-04-24 16:05:51', 46, 4, NULL, NULL),
(328, 121, '2023-04-24 16:06:21', 46, 4, NULL, NULL),
(329, 140, '2023-04-24 16:09:34', 46, 4, NULL, NULL),
(330, 126, '2023-04-24 16:11:30', 46, 24, NULL, NULL),
(331, 102, '2023-04-24 16:12:24', 46, 4, NULL, NULL),
(332, 112, '2023-04-24 16:13:58', 46, 24, NULL, NULL),
(333, 142, '2023-04-24 16:20:40', 17, 7, NULL, NULL),
(334, 142, '2023-04-24 16:20:54', 17, 7, NULL, NULL),
(335, 142, '2023-04-24 16:27:31', 40, 19, NULL, NULL),
(336, 142, '2023-04-24 16:27:44', 40, 6, NULL, NULL),
(337, 142, '2023-04-24 16:28:39', 40, 18, NULL, NULL),
(338, 142, '2023-04-24 16:32:04', 40, 12, NULL, NULL),
(339, 142, '2023-04-24 16:32:08', 40, 12, NULL, NULL),
(340, 142, '2023-04-24 16:34:12', 40, 11, NULL, NULL),
(341, 142, '2023-04-24 16:38:26', 40, 9, NULL, NULL),
(342, 142, '2023-04-24 16:39:14', 40, 13, NULL, NULL),
(343, 142, '2023-04-24 16:48:48', 17, 14, NULL, NULL),
(344, 142, '2023-04-24 16:49:45', 17, 15, NULL, NULL),
(345, 142, '2023-04-24 16:49:45', 17, 16, NULL, NULL),
(346, 145, '2023-04-25 08:53:11', 36, 1, NULL, NULL),
(347, 146, '2023-04-25 09:04:59', 28, 1, NULL, NULL),
(348, 145, '2023-04-25 09:21:55', 20, 4, NULL, NULL),
(349, 147, '2023-04-25 09:23:57', 56, 1, NULL, NULL),
(350, 147, '2023-04-25 09:28:38', 50, 4, NULL, NULL),
(351, 147, '2023-04-25 09:28:49', 50, 19, NULL, NULL),
(352, 147, '2023-04-25 09:31:46', 50, 10, NULL, NULL),
(353, 148, '2023-04-25 10:38:26', 21, 1, NULL, NULL),
(354, 148, '2023-04-25 10:39:05', 21, 4, NULL, NULL),
(355, 149, '2023-04-25 10:54:50', 54, 1, NULL, NULL),
(356, 150, '2023-04-25 10:55:00', 59, 1, NULL, NULL),
(357, 149, '2023-04-25 10:59:58', 17, 4, NULL, NULL),
(358, 150, '2023-04-25 11:00:31', 17, 4, NULL, NULL),
(359, 149, '2023-04-25 13:11:58', 42, 19, NULL, NULL),
(360, 149, '2023-04-25 13:12:18', 42, 6, NULL, NULL),
(361, 150, '2023-04-25 13:15:03', 40, 19, NULL, NULL),
(362, 151, '2023-04-25 13:17:23', 25, 1, NULL, NULL),
(363, 152, '2023-04-25 13:23:30', 25, 1, NULL, NULL),
(364, 153, '2023-04-25 13:26:50', 25, 1, NULL, NULL),
(365, 154, '2023-04-25 13:45:42', 25, 1, NULL, NULL),
(366, 155, '2023-04-25 14:02:29', 25, 1, NULL, NULL),
(367, 146, '2023-04-25 15:16:48', 46, 4, NULL, NULL),
(368, 156, '2023-04-25 15:43:08', 22, 1, NULL, NULL),
(369, 157, '2023-04-25 15:54:29', 22, 1, NULL, NULL),
(370, 158, '2023-04-25 15:55:55', 22, 1, NULL, NULL),
(371, 157, '2023-04-25 16:51:17', 46, 4, NULL, NULL),
(372, 158, '2023-04-25 16:51:46', 46, 4, NULL, NULL),
(373, 159, '2023-04-26 09:17:00', 29, 1, NULL, NULL),
(374, 160, '2023-04-26 11:24:16', 71, 1, NULL, NULL),
(375, 145, '2023-04-26 11:47:18', 21, 19, NULL, NULL),
(376, 145, '2023-04-26 11:47:38', 21, 7, NULL, NULL),
(377, 111, '2023-04-26 13:55:34', 21, 17, NULL, 'เนื่องจากต้องขอประสานงานกับ EN วิศวกรรม เพราะไม่แน่ใจว่าเป็นสายไฟหรืออินเทอร์เนต '),
(378, 160, '2023-04-26 13:56:09', 21, 18, NULL, NULL),
(379, 161, '2023-04-26 18:07:22', 22, 1, NULL, NULL),
(380, 29, '2023-04-27 08:31:27', 45, 19, NULL, NULL),
(381, 50, '2023-04-27 08:32:33', 45, 19, NULL, NULL),
(382, 105, '2023-04-27 08:32:58', 45, 19, NULL, NULL),
(383, 106, '2023-04-27 08:34:02', 45, 19, NULL, NULL),
(384, 106, '2023-04-27 08:34:30', 45, 6, NULL, NULL),
(385, 108, '2023-04-27 08:34:57', 45, 19, NULL, NULL),
(386, 108, '2023-04-27 08:35:54', 45, 6, NULL, NULL),
(387, 109, '2023-04-27 08:36:55', 45, 19, NULL, NULL),
(388, 158, '2023-04-27 08:37:42', 45, 19, NULL, NULL),
(389, 157, '2023-04-27 08:38:13', 45, 19, NULL, NULL),
(390, 146, '2023-04-27 08:39:02', 45, 19, NULL, NULL),
(391, 140, '2023-04-27 08:39:28', 45, 19, NULL, NULL),
(392, 116, '2023-04-27 08:39:46', 45, 19, NULL, NULL),
(393, 107, '2023-04-27 08:40:35', 45, 19, NULL, NULL),
(394, 146, '2023-04-27 08:57:48', 45, 6, NULL, NULL),
(395, 146, '2023-04-27 08:58:05', 45, 8, NULL, NULL),
(396, 146, '2023-04-27 09:01:27', 45, 9, NULL, NULL),
(397, 146, '2023-04-27 09:01:36', 45, 13, NULL, NULL),
(398, 158, '2023-04-27 09:15:53', 45, 6, NULL, NULL),
(399, 157, '2023-04-27 09:16:13', 45, 6, NULL, NULL),
(400, 140, '2023-04-27 09:17:11', 45, 18, NULL, NULL),
(401, 140, '2023-04-27 09:18:20', 45, 18, NULL, NULL),
(402, 116, '2023-04-27 09:18:54', 45, 6, NULL, NULL),
(403, 109, '2023-04-27 09:19:44', 45, 6, NULL, NULL),
(404, 107, '2023-04-27 09:20:00', 45, 6, NULL, NULL),
(405, 105, '2023-04-27 09:20:30', 45, 6, NULL, NULL),
(406, 9, '2023-04-27 09:21:58', 45, 6, NULL, NULL),
(407, 9, '2023-04-27 09:22:05', 45, 18, NULL, NULL),
(408, 9, '2023-04-27 09:22:19', 45, 8, NULL, NULL),
(409, 9, '2023-04-27 09:24:39', 45, 9, NULL, NULL),
(410, 9, '2023-04-27 09:26:35', 45, 13, NULL, NULL),
(411, 9, '2023-04-27 09:26:35', 45, 13, NULL, NULL),
(412, 9, '2023-04-27 09:26:35', 45, 13, NULL, NULL),
(413, 9, '2023-04-27 09:26:35', 45, 13, NULL, NULL),
(414, 9, '2023-04-27 09:26:35', 45, 13, NULL, NULL),
(415, 9, '2023-04-27 09:26:35', 45, 13, NULL, NULL),
(416, 9, '2023-04-27 09:26:35', 45, 13, NULL, NULL),
(417, 9, '2023-04-27 09:26:35', 45, 13, NULL, NULL),
(418, 9, '2023-04-27 09:26:35', 45, 13, NULL, NULL),
(419, 9, '2023-04-27 09:26:35', 45, 13, NULL, NULL),
(420, 9, '2023-04-27 09:26:40', 45, 13, NULL, NULL),
(421, 9, '2023-04-27 09:26:40', 45, 13, NULL, NULL),
(422, 9, '2023-04-27 09:26:40', 45, 13, NULL, NULL),
(423, 9, '2023-04-27 09:26:40', 45, 13, NULL, NULL),
(424, 9, '2023-04-27 09:26:40', 45, 13, NULL, NULL),
(425, 9, '2023-04-27 09:26:40', 45, 13, NULL, NULL),
(426, 9, '2023-04-27 09:26:40', 45, 13, NULL, NULL),
(427, 9, '2023-04-27 09:26:40', 45, 13, NULL, NULL),
(428, 9, '2023-04-27 09:26:40', 45, 13, NULL, NULL),
(429, 9, '2023-04-27 09:26:40', 45, 13, NULL, NULL),
(430, 9, '2023-04-27 09:26:40', 45, 13, NULL, NULL),
(431, 160, '2023-04-27 10:48:28', 21, 4, NULL, NULL),
(432, 50, '2023-04-27 12:42:43', 45, 6, NULL, NULL),
(433, 158, '2023-04-27 13:27:23', 45, 9, NULL, NULL),
(434, 158, '2023-04-27 13:29:13', 45, 12, NULL, NULL),
(435, 158, '2023-04-27 13:31:26', 45, 13, NULL, NULL),
(436, 161, '2023-04-27 15:41:27', 46, 4, NULL, NULL),
(437, 161, '2023-04-27 16:22:41', 45, 19, NULL, NULL),
(438, 161, '2023-04-27 16:22:56', 45, 6, NULL, NULL),
(439, 161, '2023-04-27 16:26:08', 45, 18, NULL, NULL),
(440, 161, '2023-04-27 16:27:44', 45, 8, NULL, NULL),
(441, 161, '2023-04-27 16:30:47', 45, 9, NULL, NULL),
(442, 161, '2023-04-27 16:34:04', 45, 11, NULL, NULL),
(443, 161, '2023-04-27 16:34:13', 45, 9, NULL, NULL),
(444, 161, '2023-04-27 16:36:07', 45, 13, NULL, NULL),
(445, 161, '2023-04-27 16:36:07', 45, 13, NULL, NULL),
(446, 161, '2023-04-27 16:36:07', 45, 13, NULL, NULL),
(447, 161, '2023-04-27 16:36:07', 45, 13, NULL, NULL),
(448, 161, '2023-04-27 16:36:07', 45, 13, NULL, NULL),
(449, 161, '2023-04-27 16:36:07', 45, 13, NULL, NULL),
(450, 161, '2023-04-27 16:36:07', 45, 13, NULL, NULL),
(451, 161, '2023-04-27 16:36:07', 45, 13, NULL, NULL),
(452, 161, '2023-04-27 16:36:07', 45, 13, NULL, NULL),
(453, 161, '2023-04-27 16:36:07', 45, 13, NULL, NULL),
(454, 161, '2023-04-27 16:36:07', 45, 13, NULL, NULL),
(455, 161, '2023-04-27 16:36:07', 45, 13, NULL, NULL),
(456, 161, '2023-04-27 16:36:57', 45, 13, NULL, NULL),
(457, 161, '2023-04-27 16:36:57', 45, 13, NULL, NULL),
(458, 161, '2023-04-27 16:36:57', 45, 13, NULL, NULL),
(459, 157, '2023-04-27 16:52:28', 45, 18, NULL, NULL),
(460, 157, '2023-04-27 16:52:47', 45, 8, NULL, NULL),
(461, 148, '2023-04-27 17:17:14', 20, 19, NULL, NULL),
(462, 148, '2023-04-27 17:18:41', 20, 18, NULL, NULL),
(463, 162, '2023-04-28 09:27:38', 37, 1, NULL, NULL),
(464, 163, '2023-04-28 14:21:10', 22, 1, NULL, NULL),
(465, 164, '2023-04-28 14:26:57', 22, 1, NULL, NULL),
(466, 165, '2023-04-28 14:28:20', 22, 1, NULL, NULL),
(467, 166, '2023-04-28 14:30:09', 22, 1, NULL, NULL),
(468, 167, '2023-04-28 14:31:06', 22, 1, NULL, NULL),
(469, 168, '2023-04-28 14:31:55', 22, 1, NULL, NULL),
(470, 27, '2023-04-28 14:37:00', 45, 18, NULL, NULL),
(471, 27, '2023-04-28 14:38:35', 45, 19, NULL, NULL),
(472, 27, '2023-04-28 14:38:43', 45, 6, NULL, NULL),
(473, 163, '2023-04-28 15:32:46', 46, 24, NULL, NULL),
(474, 162, '2023-04-28 15:34:27', 46, 24, NULL, NULL),
(475, 164, '2023-04-28 15:35:18', 46, 4, NULL, NULL),
(476, 165, '2023-04-28 15:36:32', 46, 4, NULL, NULL),
(477, 150, '2023-04-28 15:47:55', 41, 6, NULL, NULL),
(478, 150, '2023-04-28 15:50:31', 41, 9, NULL, NULL),
(479, 150, '2023-04-28 15:54:31', 41, 18, NULL, NULL),
(480, 150, '2023-04-28 15:55:34', 41, 18, NULL, NULL),
(481, 150, '2023-04-28 15:55:39', 41, 18, NULL, NULL),
(482, 109, '2023-04-28 16:37:26', 45, 8, NULL, NULL),
(483, 109, '2023-04-28 16:38:34', 45, 9, NULL, NULL),
(484, 109, '2023-04-28 16:40:33', 45, 12, NULL, NULL),
(485, 109, '2023-04-28 16:40:48', 45, 18, NULL, NULL),
(486, 109, '2023-04-28 16:40:53', 45, 13, NULL, NULL),
(487, 157, '2023-04-28 16:41:22', 45, 18, NULL, NULL),
(488, 157, '2023-04-28 16:41:40', 45, 8, NULL, NULL),
(489, 169, '2023-04-28 17:51:49', 37, 1, NULL, NULL),
(490, 148, '2023-04-29 08:47:59', 18, 17, NULL, 'ถึงขั้นตอนไหนแล้วครับ'),
(491, 170, '2023-04-29 09:34:11', 47, 1, NULL, NULL),
(492, 171, '2023-04-29 09:50:37', 25, 1, NULL, NULL),
(493, 172, '2023-04-29 09:51:43', 47, 1, NULL, NULL),
(494, 173, '2023-04-29 09:56:17', 47, 1, NULL, NULL),
(495, 174, '2023-04-29 10:07:51', 47, 1, NULL, NULL),
(496, 175, '2023-04-29 11:01:37', 33, 1, NULL, NULL),
(497, 176, '2023-04-29 11:39:47', 28, 1, NULL, NULL),
(498, 177, '2023-04-29 11:45:29', 28, 1, NULL, NULL),
(499, 175, '2023-04-29 11:52:33', 33, 17, NULL, 'แก้ไข้เรียนร้อย29/4/2566เวลา11.51'),
(500, 141, '2023-04-29 11:57:14', 33, 17, NULL, 'แก้ไขเรียบร้อยแล้วเสร็จวันที่ 26/4/2566 เวลา 16.01'),
(501, 178, '2023-04-29 13:54:47', 47, 1, NULL, NULL),
(502, 179, '2023-04-29 14:11:47', 21, 1, NULL, NULL),
(503, 175, '2023-04-29 14:35:20', 26, 4, NULL, NULL),
(504, 175, '2023-04-29 14:36:12', 26, 19, NULL, NULL),
(505, 175, '2023-04-29 14:39:16', 26, 9, NULL, NULL),
(506, 175, '2023-04-29 14:43:18', 26, 8, NULL, NULL),
(507, 175, '2023-04-29 14:45:35', 26, 18, NULL, NULL),
(508, 175, '2023-04-29 14:46:43', 26, 9, NULL, NULL),
(509, 170, '2023-04-29 15:58:15', 46, 4, NULL, NULL),
(510, 173, '2023-04-29 16:00:36', 46, 4, NULL, NULL),
(511, 174, '2023-04-29 16:01:15', 46, 4, NULL, NULL),
(512, 176, '2023-04-29 16:03:15', 46, 4, NULL, NULL),
(513, 178, '2023-04-29 16:03:52', 46, 4, NULL, NULL),
(514, 177, '2023-04-29 16:04:34', 46, 4, NULL, NULL),
(515, 172, '2023-04-29 16:05:49', 46, 4, NULL, NULL),
(516, 180, '2023-04-29 16:06:17', 47, 1, NULL, NULL),
(517, 180, '2023-04-29 16:07:00', 46, 4, NULL, NULL),
(518, 181, '2023-04-29 19:13:29', 25, 1, NULL, NULL),
(519, 182, '2023-04-29 19:14:45', 25, 1, NULL, NULL),
(520, 182, '2023-04-30 19:13:36', 26, 18, NULL, NULL),
(521, 143, '2023-04-30 19:15:08', 26, 18, NULL, NULL),
(522, 176, '2023-05-02 09:11:00', 45, 19, NULL, NULL),
(523, 176, '2023-05-02 09:11:16', 45, 6, NULL, NULL),
(524, 174, '2023-05-02 09:11:30', 45, 19, NULL, NULL),
(525, 174, '2023-05-02 09:11:38', 45, 6, NULL, NULL),
(526, 177, '2023-05-02 09:23:10', 45, 19, NULL, NULL),
(527, 183, '2023-05-02 10:42:14', 51, 1, NULL, NULL),
(528, 176, '2023-05-02 13:35:35', 45, 18, NULL, NULL),
(529, 176, '2023-05-02 13:35:50', 45, 8, NULL, NULL),
(530, 176, '2023-05-02 13:37:43', 45, 9, NULL, NULL),
(531, 176, '2023-05-02 13:39:00', 45, 11, NULL, NULL),
(532, 176, '2023-05-02 13:39:30', 45, 13, NULL, NULL),
(533, 105, '2023-05-02 13:41:31', 45, 18, NULL, NULL),
(534, 105, '2023-05-02 13:41:41', 45, 8, NULL, NULL),
(535, 105, '2023-05-02 13:43:02', 45, 9, NULL, NULL),
(536, 105, '2023-05-02 13:44:08', 45, 13, NULL, NULL),
(537, 105, '2023-05-02 13:44:08', 45, 13, NULL, NULL),
(538, 105, '2023-05-02 13:44:08', 45, 13, NULL, NULL),
(539, 105, '2023-05-02 13:44:08', 45, 13, NULL, NULL),
(540, 105, '2023-05-02 13:44:08', 45, 13, NULL, NULL),
(541, 105, '2023-05-02 13:44:08', 45, 13, NULL, NULL),
(542, 105, '2023-05-02 13:44:08', 45, 13, NULL, NULL),
(543, 105, '2023-05-02 13:44:08', 45, 13, NULL, NULL),
(544, 105, '2023-05-02 13:44:25', 45, 13, NULL, NULL),
(545, 105, '2023-05-02 13:44:25', 45, 13, NULL, NULL),
(546, 183, '2023-05-02 15:43:06', 46, 4, NULL, NULL),
(547, 12, '2023-05-02 16:11:09', 45, 18, NULL, NULL),
(548, 12, '2023-05-02 16:11:11', 45, 18, NULL, NULL),
(549, 12, '2023-05-02 16:11:11', 45, 18, NULL, NULL),
(550, 12, '2023-05-02 16:11:12', 45, 18, NULL, NULL),
(551, 174, '2023-05-02 16:30:09', 45, 18, NULL, NULL),
(552, 174, '2023-05-02 16:30:19', 45, 8, NULL, NULL),
(553, 174, '2023-05-02 16:32:58', 45, 9, NULL, NULL),
(554, 174, '2023-05-02 16:33:57', 45, 13, NULL, NULL),
(555, 174, '2023-05-02 16:33:57', 45, 13, NULL, NULL),
(556, 174, '2023-05-02 16:33:57', 45, 13, NULL, NULL),
(557, 174, '2023-05-02 16:33:57', 45, 13, NULL, NULL),
(558, 174, '2023-05-02 16:33:57', 45, 13, NULL, NULL),
(559, 174, '2023-05-02 16:33:57', 45, 13, NULL, NULL),
(560, 174, '2023-05-02 16:33:57', 45, 13, NULL, NULL),
(561, 174, '2023-05-02 16:33:57', 45, 13, NULL, NULL),
(562, 174, '2023-05-02 16:33:57', 45, 13, NULL, NULL),
(563, 148, '2023-05-02 17:01:30', 20, 10, NULL, NULL),
(564, 184, '2023-05-02 17:15:12', 20, 1, NULL, NULL),
(565, 108, '2023-05-02 18:11:51', 45, 18, NULL, NULL),
(566, 50, '2023-05-02 18:13:27', 45, 18, NULL, NULL),
(567, 50, '2023-05-02 18:13:37', 45, 18, NULL, NULL),
(568, 50, '2023-05-02 18:13:59', 45, 8, NULL, NULL),
(569, 27, '2023-05-02 18:14:50', 45, 18, NULL, NULL),
(570, 27, '2023-05-02 18:15:07', 45, 8, NULL, NULL),
(571, 27, '2023-05-02 18:15:48', 45, 18, NULL, NULL),
(572, 27, '2023-05-02 18:17:09', 45, 8, NULL, NULL),
(573, 27, '2023-05-02 18:21:02', 45, 9, NULL, NULL),
(574, 20, '2023-05-02 18:21:47', 45, 8, NULL, NULL),
(575, 20, '2023-05-02 18:25:24', 45, 9, NULL, NULL),
(576, 20, '2023-05-02 18:26:03', 45, 12, NULL, NULL),
(577, 20, '2023-05-02 18:26:17', 45, 13, NULL, NULL),
(578, 185, '2023-05-03 09:00:08', 17, 1, NULL, NULL),
(579, 140, '2023-05-03 09:35:45', 45, 18, NULL, NULL),
(580, 140, '2023-05-03 09:38:06', 45, 6, NULL, NULL),
(581, 140, '2023-05-03 09:38:34', 45, 18, NULL, NULL),
(582, 140, '2023-05-03 09:38:52', 45, 8, NULL, NULL),
(583, 140, '2023-05-03 09:42:33', 45, 9, NULL, NULL),
(584, 140, '2023-05-03 09:43:40', 45, 13, NULL, NULL),
(585, 140, '2023-05-03 09:43:40', 45, 13, NULL, NULL),
(586, 140, '2023-05-03 09:43:40', 45, 13, NULL, NULL),
(587, 140, '2023-05-03 09:43:40', 45, 13, NULL, NULL),
(588, 140, '2023-05-03 09:43:40', 45, 13, NULL, NULL),
(589, 29, '2023-05-03 09:51:51', 45, 18, NULL, NULL),
(590, 29, '2023-05-03 09:52:14', 45, 8, NULL, NULL),
(591, 29, '2023-05-03 09:57:56', 45, 9, NULL, NULL),
(592, 182, '2023-05-03 10:11:39', 26, 4, NULL, NULL),
(593, 181, '2023-05-03 10:12:07', 26, 4, NULL, NULL),
(594, 171, '2023-05-03 10:12:31', 26, 4, NULL, NULL),
(595, 155, '2023-05-03 10:13:40', 26, 4, NULL, NULL),
(596, 154, '2023-05-03 10:14:16', 26, 4, NULL, NULL),
(597, 153, '2023-05-03 10:15:28', 26, 4, NULL, NULL),
(598, 152, '2023-05-03 10:16:07', 26, 4, NULL, NULL),
(599, 151, '2023-05-03 10:16:25', 26, 4, NULL, NULL),
(600, 144, '2023-05-03 10:16:47', 26, 4, NULL, NULL),
(601, 143, '2023-05-03 10:19:24', 26, 4, NULL, NULL),
(602, 141, '2023-05-03 10:22:02', 26, 4, NULL, NULL),
(603, 133, '2023-05-03 10:22:22', 26, 4, NULL, NULL),
(604, 73, '2023-05-03 10:22:37', 26, 4, NULL, NULL),
(605, 182, '2023-05-03 10:50:03', 73, 19, NULL, NULL),
(606, 171, '2023-05-03 10:50:39', 73, 19, NULL, NULL),
(607, 141, '2023-05-03 10:51:16', 73, 19, NULL, NULL),
(608, 73, '2023-05-03 10:51:30', 73, 19, NULL, NULL),
(609, 73, '2023-05-03 10:51:56', 73, 18, NULL, NULL),
(610, 73, '2023-05-03 10:52:07', 73, 8, NULL, NULL),
(611, 73, '2023-05-03 10:55:48', 73, 9, NULL, NULL),
(612, 73, '2023-05-03 10:55:48', 73, 9, NULL, NULL),
(613, 73, '2023-05-03 10:56:36', 73, 9, NULL, NULL),
(614, 73, '2023-05-03 10:58:01', 73, 9, NULL, NULL),
(615, 133, '2023-05-03 11:00:27', 73, 18, NULL, NULL),
(616, 133, '2023-05-03 11:00:49', 73, 18, NULL, NULL),
(617, 154, '2023-05-03 11:04:57', 76, 19, NULL, NULL),
(618, 154, '2023-05-03 11:05:10', 76, 8, NULL, NULL),
(619, 154, '2023-05-03 11:05:22', 76, 18, NULL, NULL),
(620, 154, '2023-05-03 11:06:32', 76, 9, NULL, NULL),
(621, 154, '2023-05-03 11:06:42', 76, 6, NULL, NULL),
(622, 155, '2023-05-03 11:09:17', 73, 19, NULL, NULL),
(623, 153, '2023-05-03 11:09:26', 73, 19, NULL, NULL),
(624, 152, '2023-05-03 11:09:35', 73, 19, NULL, NULL),
(625, 151, '2023-05-03 11:10:04', 73, 19, NULL, NULL),
(626, 144, '2023-05-03 11:10:14', 73, 19, NULL, NULL),
(627, 143, '2023-05-03 11:10:23', 73, 19, NULL, NULL),
(628, 133, '2023-05-03 11:10:30', 73, 19, NULL, NULL),
(629, 182, '2023-05-03 11:13:21', 73, 8, NULL, NULL),
(630, 182, '2023-05-03 11:15:00', 73, 9, NULL, NULL),
(631, 182, '2023-05-03 11:15:31', 73, 7, NULL, NULL),
(632, 181, '2023-05-03 11:17:52', 76, 19, NULL, NULL),
(633, 182, '2023-05-03 12:50:00', 76, 6, NULL, NULL),
(634, 73, '2023-05-03 12:51:19', 73, 18, NULL, NULL),
(635, 73, '2023-05-03 12:51:25', 73, 8, NULL, NULL),
(636, 73, '2023-05-03 12:51:33', 73, 7, NULL, NULL),
(637, 182, '2023-05-03 12:53:37', 73, 7, NULL, NULL),
(638, 73, '2023-05-03 12:54:03', 76, 6, NULL, NULL),
(639, 73, '2023-05-03 12:58:55', 76, 12, NULL, NULL),
(640, 73, '2023-05-03 12:58:55', 76, 12, NULL, NULL),
(641, 73, '2023-05-03 12:59:05', 76, 23, NULL, NULL),
(642, 73, '2023-05-03 12:59:16', 76, 8, NULL, NULL),
(643, 73, '2023-05-03 13:02:01', 76, 13, NULL, NULL),
(644, 73, '2023-05-03 13:03:11', 73, 14, NULL, NULL),
(645, 181, '2023-05-03 13:10:33', 76, 6, NULL, NULL),
(646, 186, '2023-05-03 13:21:56', 28, 1, NULL, NULL),
(647, 187, '2023-05-03 14:53:12', 28, 1, NULL, NULL),
(648, 186, '2023-05-03 16:29:35', 46, 4, NULL, NULL),
(649, 187, '2023-05-03 16:30:50', 46, 4, NULL, NULL),
(650, 188, '2023-05-04 09:28:58', 56, 1, NULL, NULL),
(651, 189, '2023-05-04 09:32:15', 56, 1, NULL, NULL),
(652, 190, '2023-05-04 09:33:17', 56, 1, NULL, NULL),
(653, 191, '2023-05-04 09:33:29', 56, 1, NULL, NULL),
(654, 192, '2023-05-04 09:34:19', 56, 1, NULL, NULL),
(655, 193, '2023-05-04 09:35:00', 56, 1, NULL, NULL),
(656, 194, '2023-05-04 09:35:50', 56, 1, NULL, NULL),
(657, 195, '2023-05-04 09:36:42', 56, 1, NULL, NULL),
(658, 196, '2023-05-04 09:38:12', 56, 1, NULL, NULL),
(659, 197, '2023-05-04 09:38:46', 56, 1, NULL, NULL),
(660, 198, '2023-05-04 09:41:17', 56, 1, NULL, NULL),
(661, 199, '2023-05-04 09:43:24', 56, 1, NULL, NULL),
(662, 200, '2023-05-04 09:49:36', 56, 1, NULL, NULL),
(663, 201, '2023-05-04 09:50:27', 56, 1, NULL, NULL),
(664, 202, '2023-05-04 10:54:02', 29, 1, NULL, NULL),
(665, 203, '2023-05-04 11:06:47', 29, 1, NULL, NULL),
(666, 184, '2023-05-04 14:39:45', 20, 18, NULL, NULL),
(667, 160, '2023-05-04 14:42:38', 58, 19, NULL, NULL),
(668, 204, '2023-05-04 14:49:21', 56, 1, NULL, NULL),
(669, 205, '2023-05-04 15:21:15', 33, 1, NULL, NULL),
(670, 206, '2023-05-04 15:23:57', 33, 1, NULL, NULL),
(671, 207, '2023-05-04 15:25:36', 33, 1, NULL, NULL),
(672, 208, '2023-05-04 15:27:23', 33, 1, NULL, NULL),
(673, 209, '2023-05-04 15:29:25', 33, 1, NULL, NULL),
(674, 210, '2023-05-04 15:51:29', 33, 1, NULL, NULL),
(675, 145, '2023-05-04 15:56:16', 58, 8, NULL, NULL),
(676, 145, '2023-05-04 15:57:58', 58, 9, NULL, NULL),
(677, 211, '2023-05-04 16:09:30', 28, 1, NULL, NULL),
(678, 212, '2023-05-04 16:12:26', 56, 1, NULL, NULL),
(679, 213, '2023-05-04 16:17:06', 56, 1, NULL, NULL),
(680, 214, '2023-05-04 16:23:07', 56, 1, NULL, NULL),
(681, 215, '2023-05-04 16:31:31', 56, 1, NULL, NULL),
(682, 216, '2023-05-04 16:31:58', 33, 1, NULL, NULL),
(683, 217, '2023-05-04 16:33:01', 33, 1, NULL, NULL),
(684, 218, '2023-05-04 16:34:06', 56, 1, NULL, NULL),
(685, 219, '2023-05-04 16:34:13', 33, 1, NULL, NULL),
(686, 220, '2023-05-04 17:04:44', 28, 1, NULL, NULL),
(687, 221, '2023-05-05 08:27:34', 56, 1, NULL, NULL),
(688, 219, '2023-05-05 08:32:32', 26, 4, NULL, NULL),
(689, 217, '2023-05-05 08:33:06', 26, 4, NULL, NULL),
(690, 216, '2023-05-05 08:33:29', 26, 4, NULL, NULL),
(691, 210, '2023-05-05 08:33:58', 26, 4, NULL, NULL),
(692, 209, '2023-05-05 08:34:40', 26, 4, NULL, NULL),
(693, 219, '2023-05-05 08:35:11', 73, 7, NULL, NULL),
(694, 208, '2023-05-05 08:35:19', 26, 4, NULL, NULL),
(695, 210, '2023-05-05 08:35:32', 73, 19, NULL, NULL),
(696, 210, '2023-05-05 08:35:47', 73, 18, NULL, NULL),
(697, 207, '2023-05-05 08:35:55', 26, 4, NULL, NULL),
(698, 206, '2023-05-05 08:36:12', 26, 4, NULL, NULL),
(699, 205, '2023-05-05 08:36:27', 26, 4, NULL, NULL),
(700, 206, '2023-05-05 08:36:27', 76, 19, NULL, NULL),
(701, 209, '2023-05-05 08:36:49', 76, 19, NULL, NULL),
(702, 211, '2023-05-05 08:59:44', 46, 4, NULL, NULL),
(703, 220, '2023-05-05 09:00:20', 46, 4, NULL, NULL),
(704, 222, '2023-05-05 09:19:19', 33, 1, NULL, NULL),
(705, 223, '2023-05-05 09:33:28', 22, 1, NULL, NULL),
(706, 224, '2023-05-05 09:34:21', 22, 1, NULL, NULL),
(707, 225, '2023-05-05 09:37:08', 22, 1, NULL, NULL),
(708, 226, '2023-05-05 09:40:29', 25, 1, NULL, NULL),
(709, 221, '2023-05-05 09:43:19', 50, 4, NULL, NULL),
(710, 221, '2023-05-05 09:43:26', 50, 19, NULL, NULL),
(711, 221, '2023-05-05 09:43:52', 50, 8, NULL, NULL),
(712, 221, '2023-05-05 09:45:00', 50, 10, NULL, NULL),
(713, 186, '2023-05-05 09:45:44', 45, 19, NULL, NULL),
(714, 186, '2023-05-05 09:45:57', 45, 18, NULL, NULL),
(715, 186, '2023-05-05 09:46:17', 45, 8, NULL, NULL),
(716, 187, '2023-05-05 09:48:48', 45, 18, NULL, NULL),
(717, 187, '2023-05-05 09:48:53', 45, 19, NULL, NULL),
(718, 227, '2023-05-05 10:36:45', 25, 1, NULL, NULL),
(719, 228, '2023-05-05 10:51:05', 25, 1, NULL, NULL),
(720, 229, '2023-05-05 10:53:34', 25, 1, NULL, NULL),
(721, 230, '2023-05-05 10:55:10', 25, 1, NULL, NULL),
(722, 231, '2023-05-05 10:59:52', 25, 1, NULL, NULL),
(723, 232, '2023-05-05 11:03:22', 25, 1, NULL, NULL),
(724, 233, '2023-05-05 11:05:56', 25, 1, NULL, NULL),
(725, 233, '2023-05-05 11:40:50', 73, 4, NULL, NULL),
(726, 231, '2023-05-05 11:41:07', 73, 4, NULL, NULL),
(727, 230, '2023-05-05 11:41:21', 73, 4, NULL, NULL),
(728, 227, '2023-05-05 11:41:40', 73, 4, NULL, NULL),
(729, 228, '2023-05-05 11:42:17', 73, 4, NULL, NULL),
(730, 222, '2023-05-05 11:42:48', 73, 4, NULL, NULL),
(731, 226, '2023-05-05 11:43:02', 73, 4, NULL, NULL),
(732, 232, '2023-05-05 11:43:17', 73, 4, NULL, NULL),
(733, 229, '2023-05-05 11:43:35', 73, 4, NULL, NULL),
(734, 209, '2023-05-05 11:44:10', 76, 6, NULL, NULL),
(735, 206, '2023-05-05 11:44:20', 76, 6, NULL, NULL),
(736, 205, '2023-05-05 11:44:34', 76, 19, NULL, NULL),
(737, 207, '2023-05-05 11:44:48', 76, 19, NULL, NULL),
(738, 208, '2023-05-05 11:45:03', 76, 19, NULL, NULL),
(739, 216, '2023-05-05 11:45:12', 76, 19, NULL, NULL),
(740, 217, '2023-05-05 11:45:21', 76, 19, NULL, NULL),
(741, 227, '2023-05-05 11:45:49', 76, 19, NULL, NULL),
(742, 219, '2023-05-05 11:45:58', 76, 19, NULL, NULL),
(743, 222, '2023-05-05 11:46:13', 76, 19, NULL, NULL),
(744, 226, '2023-05-05 11:46:22', 76, 19, NULL, NULL),
(745, 228, '2023-05-05 11:46:30', 76, 19, NULL, NULL),
(746, 229, '2023-05-05 11:46:37', 76, 19, NULL, NULL),
(747, 230, '2023-05-05 11:46:44', 76, 19, NULL, NULL),
(748, 231, '2023-05-05 11:46:52', 76, 19, NULL, NULL),
(749, 232, '2023-05-05 11:47:00', 76, 19, NULL, NULL),
(750, 233, '2023-05-05 11:47:08', 76, 19, NULL, NULL),
(751, 233, '2023-05-05 11:47:32', 76, 6, NULL, NULL),
(752, 232, '2023-05-05 11:47:39', 76, 6, NULL, NULL),
(753, 231, '2023-05-05 11:47:54', 76, 6, NULL, NULL),
(754, 230, '2023-05-05 11:48:06', 76, 6, NULL, NULL),
(755, 229, '2023-05-05 11:48:18', 76, 6, NULL, NULL),
(756, 219, '2023-05-05 11:49:31', 73, 7, NULL, NULL),
(757, 185, '2023-05-05 12:49:36', 17, 4, NULL, NULL),
(758, 150, '2023-05-05 13:10:37', 40, 18, NULL, NULL),
(759, 150, '2023-05-05 13:11:59', 40, 18, NULL, NULL),
(760, 185, '2023-05-05 13:12:53', 40, 19, NULL, NULL),
(761, 234, '2023-05-05 13:17:22', 21, 1, NULL, NULL),
(762, 235, '2023-05-05 13:33:06', 1, 1, NULL, NULL),
(763, 236, '2023-05-05 14:05:45', 56, 1, NULL, NULL),
(764, 237, '2023-05-05 15:06:41', 56, 1, NULL, NULL),
(765, 223, '2023-05-05 15:47:12', 46, 4, NULL, NULL),
(766, 224, '2023-05-05 15:47:47', 46, 4, NULL, NULL),
(767, 225, '2023-05-05 15:48:08', 46, 4, NULL, NULL),
(768, 238, '2023-05-05 18:46:28', 25, 1, NULL, NULL),
(769, 239, '2023-05-05 19:06:33', 100, 1, NULL, NULL),
(770, 240, '2023-05-05 19:12:57', 100, 1, NULL, NULL),
(771, 241, '2023-05-05 19:15:19', 100, 1, NULL, NULL),
(772, 239, '2023-05-05 21:43:56', 46, 4, NULL, NULL),
(773, 240, '2023-05-05 21:44:37', 46, 4, NULL, NULL),
(774, 241, '2023-05-05 21:45:06', 46, 4, NULL, NULL),
(775, 242, '2023-05-06 04:21:15', 56, 1, NULL, NULL),
(776, 237, '2023-05-06 08:30:50', 50, 4, NULL, NULL),
(777, 237, '2023-05-06 08:30:55', 50, 19, NULL, NULL),
(778, 238, '2023-05-06 08:43:27', 26, 4, NULL, NULL),
(779, 175, '2023-05-06 08:46:19', 26, 18, NULL, NULL),
(780, 175, '2023-05-06 08:52:11', 26, 9, NULL, NULL),
(781, 102, '2023-05-06 09:17:06', 46, 19, NULL, NULL),
(782, 102, '2023-05-06 09:19:29', 46, 7, NULL, NULL),
(783, 102, '2023-05-06 09:20:40', 46, 7, NULL, NULL),
(784, 102, '2023-05-06 09:21:13', 46, 7, NULL, NULL),
(785, 241, '2023-05-06 09:25:22', 46, 7, NULL, NULL),
(786, 241, '2023-05-06 09:25:39', 46, 7, NULL, NULL),
(787, 241, '2023-05-06 09:25:59', 46, 7, NULL, NULL),
(788, 241, '2023-05-06 09:26:35', 46, 7, NULL, NULL),
(789, 243, '2023-05-06 09:28:34', 56, 1, NULL, NULL),
(790, 183, '2023-05-06 09:34:33', 46, 19, NULL, NULL),
(791, 183, '2023-05-06 09:35:17', 46, 18, NULL, NULL),
(792, 183, '2023-05-06 09:39:21', 46, 9, NULL, NULL),
(793, 183, '2023-05-06 09:41:00', 46, 18, NULL, NULL),
(794, 241, '2023-05-06 09:43:48', 46, 7, NULL, NULL),
(795, 115, '2023-05-06 09:44:33', 46, 7, NULL, NULL),
(796, 165, '2023-05-06 09:44:59', 46, 7, NULL, NULL),
(797, 164, '2023-05-06 09:45:25', 46, 7, NULL, NULL),
(798, 173, '2023-05-06 09:46:12', 46, 7, NULL, NULL),
(799, 240, '2023-05-06 09:46:47', 46, 7, NULL, NULL),
(800, 102, '2023-05-06 10:12:29', 45, 6, NULL, NULL),
(801, 239, '2023-05-06 10:14:40', 46, 19, NULL, NULL),
(802, 239, '2023-05-06 10:14:50', 46, 7, NULL, NULL),
(803, 244, '2023-05-06 13:01:34', 102, 1, NULL, NULL),
(804, 243, '2023-05-06 14:16:39', 50, 4, NULL, NULL),
(805, 243, '2023-05-06 14:16:44', 50, 19, NULL, NULL),
(806, 244, '2023-05-06 15:11:11', 46, 4, NULL, NULL),
(807, 157, '2023-05-06 15:12:19', 45, 9, NULL, NULL),
(808, 157, '2023-05-06 15:12:27', 45, 18, NULL, NULL),
(809, 157, '2023-05-06 15:13:14', 45, 11, NULL, NULL),
(810, 157, '2023-05-06 15:13:25', 45, 13, NULL, NULL),
(811, 245, '2023-05-06 16:14:30', 100, 1, NULL, NULL),
(812, 138, '2023-06-05 16:13:19', 1, 24, NULL, NULL);

-- --------------------------------------------------------

--
-- Table structure for table `tb_unit`
--

CREATE TABLE `tb_unit` (
  `id_unit` int NOT NULL,
  `unit_name` varchar(20) COLLATE utf8mb3_unicode_ci NOT NULL,
  `status_unit` int NOT NULL COMMENT '1-ใช้งานได้/2-ยกเลิก\r\n'
) ENGINE=InnoDB DEFAULT CHARSET=utf8mb3 COLLATE=utf8mb3_unicode_ci;

--
-- Dumping data for table `tb_unit`
--

INSERT INTO `tb_unit` (`id_unit`, `unit_name`, `status_unit`) VALUES
(1, 'แท่ง', 1),
(2, 'รีม', 1),
(3, 'ชิ้น', 1),
(4, 'ลิตร', 1),
(5, 'ด้าม', 1),
(6, 'อัน', 1),
(7, 'ตัว', 1),
(8, 'กิโลกรัม', 1),
(9, 'กรัม', 1),
(10, 'โหล', 1),
(11, 'กล่อง', 1),
(12, 'ใบ', 1),
(13, 'ก้อน', 1),
(14, 'ม้วน', 1),
(15, 'ชุด', 1),
(16, 'เส้น', 1),
(17, 'ผืน', 1),
(18, 'แกลลอน', 1),
(19, 'ขวด', 1),
(20, 'ตลับ', 1),
(31, 'ถุง', 1),
(32, 'ถัง', 1),
(33, 'เครื่อง', 1),
(34, 'ยูนิต', 1),
(35, 'ต่อน', 2),
(36, 'จิ้น', 2),
(37, 'บ้อง', 2);

-- --------------------------------------------------------

--
-- Table structure for table `tb_user`
--

CREATE TABLE `tb_user` (
  `id_user` int NOT NULL,
  `no_user` varchar(10) COLLATE utf8mb4_unicode_ci DEFAULT NULL,
  `password` varchar(40) COLLATE utf8mb4_unicode_ci NOT NULL,
  `email` varchar(50) COLLATE utf8mb4_unicode_ci NOT NULL,
  `line_token` varchar(30) COLLATE utf8mb4_unicode_ci DEFAULT NULL,
  `fullname` varchar(60) COLLATE utf8mb4_unicode_ci DEFAULT NULL,
  `sex` int DEFAULT NULL,
  `phone` varchar(10) COLLATE utf8mb4_unicode_ci DEFAULT NULL,
  `photo` varchar(30) COLLATE utf8mb4_unicode_ci DEFAULT NULL,
  `class_user` int NOT NULL COMMENT '1>ผู้ใช้ระบบ2>ช่างซ่อม3>หัวหน้าช่าง4>ผจก5>ผู้จัดการระบบ',
  `ref_id_site` int DEFAULT NULL COMMENT 'ไซต์',
  `ref_id_dept` int DEFAULT NULL COMMENT 'แผนก',
  `ref_id_position` int DEFAULT NULL COMMENT 'ตำแหน่ง',
  `status_user` int NOT NULL COMMENT '1-ใช้งาน/2-ระงับ',
  `create_date` datetime NOT NULL,
  `ref_id_user_add` int NOT NULL,
  `edit_date` datetime DEFAULT NULL,
  `ref_id_user_edit` int DEFAULT NULL,
  `latest_login` datetime DEFAULT NULL,
  `ip_address` varchar(15) COLLATE utf8mb4_unicode_ci DEFAULT NULL
) ENGINE=InnoDB DEFAULT CHARSET=utf8mb4 COLLATE=utf8mb4_unicode_ci COMMENT='ตารางเก็บข้อมูลผู้ใช้งานทุกระดับ';

--
-- Dumping data for table `tb_user`
--

INSERT INTO `tb_user` (`id_user`, `no_user`, `password`, `email`, `line_token`, `fullname`, `sex`, `phone`, `photo`, `class_user`, `ref_id_site`, `ref_id_dept`, `ref_id_position`, `status_user`, `create_date`, `ref_id_user_add`, `edit_date`, `ref_id_user_edit`, `latest_login`, `ip_address`) VALUES
(1, '6501278', 'bfe277ea3e2275a6809a0e8f7b3a3baa601664fa', 'sopon.g@jwdcoldchain.com', NULL, 'Sopon G.', NULL, '', NULL, 5, 1, 8, NULL, 1, '2023-04-06 16:41:01', 3, NULL, NULL, NULL, NULL),
(2, '9999999', 'bfe277ea3e2275a6809a0e8f7b3a3baa601664fa', 'testclass1@jwdcoldchain.com', NULL, 'MK PCS user test', NULL, NULL, NULL, 1, 1, 2, NULL, 2, '2023-04-06 16:43:43', 3, '2023-04-12 14:29:23', 2, NULL, NULL),
(3, '0000000', 'bfe277ea3e2275a6809a0e8f7b3a3baa601664fa', 'admin1@jwdcoldchain.com', NULL, 'admin 1', NULL, NULL, NULL, 5, 99, 18, NULL, 1, '2023-04-06 20:55:19', 1, NULL, NULL, NULL, NULL),
(4, '0000000', 'bfe277ea3e2275a6809a0e8f7b3a3baa601664fa', 'pact@jwdcoldchain.com', NULL, 'PACT', NULL, NULL, NULL, 3, 3, 7, NULL, 1, '2023-04-12 10:26:28', 1, '2023-04-20 09:50:16', 1, NULL, NULL),
(5, '1234567', 'bfe277ea3e2275a6809a0e8f7b3a3baa601664fa', 'testclass1-2@jwdcoldchain.com', NULL, 'User Class 1 CS', NULL, NULL, NULL, 1, 1, 3, NULL, 2, '2023-04-12 14:39:12', 1, NULL, NULL, NULL, NULL),
(6, '8888888', 'bfe277ea3e2275a6809a0e8f7b3a3baa601664fa', 'itadmin@jwdcoldchain.com', NULL, 'Admin PCS 2', NULL, NULL, NULL, 5, 99, 14, NULL, 1, '2023-04-12 14:41:30', 1, NULL, NULL, NULL, NULL),
(7, '5255555', 'bfe277ea3e2275a6809a0e8f7b3a3baa601664fa', 'ituser3@jwdcoldchain.com', NULL, 'ช่างซ่อม IT', NULL, NULL, NULL, 2, 1, 14, NULL, 2, '2023-04-12 14:42:32', 2, NULL, NULL, NULL, NULL),
(8, '8888888', 'bfe277ea3e2275a6809a0e8f7b3a3baa601664fa', 'itsup@jwdcoldchain.com', NULL, 'หัวหน้าช่าง IT', NULL, NULL, NULL, 3, 1, 14, NULL, 2, '2023-04-12 14:45:28', 1, NULL, NULL, NULL, NULL),
(9, '4545454', 'bfe277ea3e2275a6809a0e8f7b3a3baa601664fa', 'cs2@jwdcoldchain.com', NULL, 'Test user CS2', NULL, NULL, NULL, 1, 1, 3, NULL, 1, '2023-04-12 14:49:12', 8, NULL, NULL, NULL, NULL),
(10, '0000000', 'bfe277ea3e2275a6809a0e8f7b3a3baa601664fa', 'it2@jwdcoldchain.com', NULL, 'IT 2', NULL, NULL, NULL, 1, 1, 13, NULL, 1, '2023-04-12 15:33:55', 1, NULL, NULL, NULL, NULL),
(11, '0000000', 'bfe277ea3e2275a6809a0e8f7b3a3baa601664fa', 'plp1@jwdcoldchain.com', NULL, 'test plp', NULL, NULL, NULL, 1, 7, 13, NULL, 1, '2023-04-12 15:34:34', 1, NULL, NULL, NULL, NULL),
(12, '0000000', 'bfe277ea3e2275a6809a0e8f7b3a3baa601664fa', 'test2@jwdcoldchain.com', NULL, 'หัวหน้าช่าง MT 1  (ยูเซอร์ทดสอบ)', NULL, NULL, NULL, 3, 1, 7, NULL, 2, '2023-04-12 15:36:01', 8, '2023-04-18 10:33:55', 1, NULL, NULL),
(13, '7777777', 'bfe277ea3e2275a6809a0e8f7b3a3baa601664fa', 'test3@jwdcoldchain.com', NULL, 'ช่าง MT 1 (ยูเซอร์ทดสอบ)', NULL, NULL, NULL, 2, 1, 7, NULL, 2, '2023-04-12 15:39:27', 8, '2023-04-18 10:33:47', 1, NULL, NULL),
(14, '1234564', 'bfe277ea3e2275a6809a0e8f7b3a3baa601664fa', 'test@jwdcoldchain.com', NULL, 'ผู้ใช้งาน WH', NULL, NULL, NULL, 1, 1, 5, NULL, 2, '2023-04-17 14:18:24', 0, '2023-04-17 15:59:20', 1, NULL, NULL),
(15, '5801068', '0b98a5ea33ddb629943cc087156a14671e940758', 'treephop.m@jwdcoldchain.com', NULL, 'นายก่อภพ   มีเอี่ยม', NULL, NULL, NULL, 1, 1, 21, NULL, 1, '2023-04-17 14:23:45', 0, NULL, NULL, NULL, NULL),
(16, '6301225', 'c606932b9b4bbdca2bb27219e1fa0f0accf2e855', 'petcharat.p@jwdcoldchain.com', NULL, 'เพชรรัตน์ เป่งคอนสาร', NULL, NULL, NULL, 1, 1, 8, NULL, 1, '2023-04-17 15:16:08', 0, NULL, NULL, NULL, NULL),
(17, '5803021', '6aef011215813ffad0c7cd46f96a8b5e81a1dee7', 'engineer@jpk.co.th', NULL, 'wuttisak koonpho', NULL, NULL, NULL, 3, 5, 8, NULL, 1, '2023-04-17 15:35:59', 0, '2023-04-18 15:25:04', 1, NULL, NULL),
(18, 'Anucha.', '6aef011215813ffad0c7cd46f96a8b5e81a1dee7', 'anucha.u@jwdcoldchain.com', NULL, 'Anucha', NULL, NULL, NULL, 5, 99, 13, NULL, 1, '2023-04-17 15:51:33', 0, '2023-04-17 15:52:14', 1, NULL, NULL),
(19, '6505017', 'bfe277ea3e2275a6809a0e8f7b3a3baa601664fa', 'apinan.m@jwdcoldchain.com', NULL, 'apinan Meenmanee', NULL, NULL, NULL, 5, 99, 13, NULL, 1, '2023-04-17 15:59:02', 0, '2023-04-17 16:05:29', 1, NULL, NULL),
(20, '6401113', '608952c5b3559ed93bc55d89b7a41852caea6321', 'apiwan.s@jwdcoldchain.com', NULL, 'อภิวรรณ สำรวยประเสริฐ', NULL, '', NULL, 5, 99, 13, NULL, 1, '2023-04-17 16:02:18', 0, '2023-04-17 16:05:10', 1, NULL, NULL),
(21, '6601009', 'bfe277ea3e2275a6809a0e8f7b3a3baa601664fa', 'Mitiphon.Y@jwdcoldchain.com', NULL, 'Mitiphon.Y', NULL, '', NULL, 5, 99, 13, NULL, 1, '2023-04-17 16:03:30', 0, '2023-04-17 16:04:55', 1, NULL, NULL),
(22, '6501074', '72d10e060d54ed585bbcdecaae7cf1860ca8ce2c', 'sararat.b@cc.pcs-plp.com', NULL, 'สรารัตน์ บุญล้อม', NULL, NULL, NULL, 1, 1, 6, NULL, 1, '2023-04-17 16:07:23', 0, NULL, NULL, NULL, NULL),
(23, '4901004', '89e6125abad4c6bc7557fd03f935a419929f68fb', 'chalermphon.s@jwdcoldchain.com', NULL, 'chalermphon Saenkla', NULL, NULL, NULL, 1, 1, 8, NULL, 1, '2023-04-17 16:46:01', 0, NULL, NULL, NULL, NULL),
(24, '6401055', 'cccf4ca1a96a097e2864acc3435343c43d8eb6d8', 'amornthep.l@jwdcoldchain.com', NULL, 'Amornthep Lertthasanawong', NULL, NULL, NULL, 5, 99, 13, NULL, 1, '2023-04-17 17:20:31', 0, '2023-04-17 17:22:39', 1, NULL, NULL),
(25, 'warehou', '32ddc7d7a18ba98083bd397352df273a1a4b8555', 'warehouse@jwd-pacific.com', NULL, 'ขวัญฤทัย สุขเจริญ', NULL, NULL, NULL, 1, 2, 5, NULL, 1, '2023-04-17 19:54:57', 0, NULL, NULL, NULL, NULL),
(26, 'enginee', 'bfe277ea3e2275a6809a0e8f7b3a3baa601664fa', 'engineering@jwd-pacific.com', NULL, 'สมัย คำพิมพ์', NULL, NULL, NULL, 3, 2, 8, NULL, 1, '2023-04-17 20:25:01', 0, '2023-04-18 18:01:17', 1, NULL, NULL),
(27, '6504011', '6aef011215813ffad0c7cd46f96a8b5e81a1dee7', 'Pichit.T@jwdcoldchain.com', NULL, 'นายพิจิตร ทับทิมทอง', NULL, NULL, NULL, 1, 4, 8, NULL, 1, '2023-04-18 08:35:25', 0, NULL, NULL, NULL, NULL),
(28, '6601019', '6aef011215813ffad0c7cd46f96a8b5e81a1dee7', 'weerawat.s@cc.jwdcoldchain.com', NULL, 'Weerawat', NULL, NULL, NULL, 1, 1, 5, NULL, 1, '2023-04-18 15:06:29', 0, NULL, NULL, NULL, NULL),
(29, '6001020', '81d0bc3e6f9a22a8d982cbed255fac35614a680b', 'Thanwarat.S@cc.pcs-plp.com', NULL, 'ธัญวรัตน์  สีดำ', NULL, NULL, NULL, 1, 3, 5, NULL, 1, '2023-04-18 15:07:05', 0, NULL, NULL, NULL, NULL),
(30, '0000000', 'bfe277ea3e2275a6809a0e8f7b3a3baa601664fa', 'sopon.jpk@jwdcoldchain.com', NULL, 'Sopon JPK', NULL, NULL, NULL, 3, 5, 8, NULL, 1, '2023-04-18 15:15:46', 0, '2023-04-19 11:34:45', 1, NULL, NULL),
(31, '620278', '900d8ff4b1d6bd94238cbdb72bf628fa7a3a6942', 'pim.k@jwdcoldchain.com', NULL, 'พิมพ์ เกตุกราย', NULL, NULL, NULL, 1, 3, 3, NULL, 1, '2023-04-18 15:21:47', 0, NULL, NULL, NULL, NULL),
(32, '5902001', 'bfe277ea3e2275a6809a0e8f7b3a3baa601664fa', 'hr@jwd-pacific.com', NULL, 'อุษา  สงวนวัฒนา', NULL, NULL, NULL, 1, 2, 10, NULL, 1, '2023-04-19 08:57:19', 0, '2023-04-20 15:50:10', 1, NULL, NULL),
(33, '6602028', 'bfe277ea3e2275a6809a0e8f7b3a3baa601664fa', 'purchase@jwd-pacific.com', NULL, 'รัชนพาพรรณ  ลัยนันท์', NULL, NULL, NULL, 1, 2, 10, NULL, 1, '2023-04-19 08:59:57', 0, '2023-04-20 15:50:15', 1, NULL, NULL),
(34, '6601008', 'bfe277ea3e2275a6809a0e8f7b3a3baa601664fa', 'pawanrat.c@cc.jwdcoldchain.com', NULL, 'ปวันัรตน์ ชื่นจิตร', NULL, NULL, NULL, 1, 1, 6, NULL, 1, '2023-04-19 11:06:50', 0, '2023-04-19 11:21:52', 1, NULL, NULL),
(35, '560017', 'bfe277ea3e2275a6809a0e8f7b3a3baa601664fa', 'Pongsit.s1982@gmail.com', NULL, 'พงษ์สิทธิ  ช้อนงาม', NULL, NULL, NULL, 1, 1, 5, NULL, 1, '2023-04-19 14:06:01', 0, '2023-04-19 18:09:07', 20, NULL, NULL),
(36, '630128', '887d74e53f4e3c340aed345ad1100b7dde93df91', 'Penchan.S@cc.pcs-plp.com', NULL, 'เพ็ญจันทร์  ศรีสุดใจ', NULL, NULL, NULL, 1, 1, 5, NULL, 1, '2023-04-19 14:57:19', 0, NULL, NULL, NULL, NULL),
(37, '0000000', 'bfe277ea3e2275a6809a0e8f7b3a3baa601664fa', 'cs.pcs@jwdcoldchain.com', NULL, 'CS PCS', NULL, NULL, NULL, 1, 1, 3, NULL, 1, '2023-04-19 16:49:29', 0, NULL, NULL, NULL, NULL),
(38, '6103213', 'bfe277ea3e2275a6809a0e8f7b3a3baa601664fa', 'en1.jpk@cc.jwdcoldchain.com', NULL, 'อาคม', NULL, NULL, NULL, 2, 5, 8, NULL, 1, '2023-04-19 17:36:32', 0, '2023-04-19 17:47:38', 1, NULL, NULL),
(39, '6403021', 'bfe277ea3e2275a6809a0e8f7b3a3baa601664fa', 'en2.jpk@cc.jwdcoldchain.com', NULL, 'Sumitchai', NULL, NULL, NULL, 2, 5, 8, NULL, 1, '2023-04-19 17:38:01', 0, '2023-04-19 17:47:54', 1, NULL, NULL),
(40, '6503008', '2136fcb273683b3ea6bf4732fed237ae0b6d8d29', 'en3.jpk@cc.jwdcoldchain.com', NULL, 'Thawatchai', NULL, NULL, NULL, 2, 5, 8, NULL, 1, '2023-04-19 17:40:00', 0, '2023-04-19 17:48:01', 1, NULL, NULL),
(41, '6503078', 'bfe277ea3e2275a6809a0e8f7b3a3baa601664fa', 'en4.jpk@cc.jwdcoldchain.com', NULL, 'Thanmanun', NULL, NULL, NULL, 2, 5, 8, NULL, 1, '2023-04-19 17:41:42', 0, '2023-04-19 17:48:10', 1, NULL, NULL),
(42, '6603029', '2136fcb273683b3ea6bf4732fed237ae0b6d8d29', 'en5.jpk@cc.jwdcoldchain.com', NULL, 'ออฟ', NULL, NULL, NULL, 2, 5, 8, NULL, 1, '2023-04-19 17:43:19', 0, '2023-04-19 17:48:17', 1, NULL, NULL),
(43, '560017', 'bfe277ea3e2275a6809a0e8f7b3a3baa601664fa', 'Pongsit.S@cc.pcs.plp.com', NULL, 'พงษ์สิทธิ์ ซ้อมงาม', NULL, NULL, NULL, 1, 1, 5, NULL, 1, '2023-04-20 11:26:45', 0, NULL, NULL, NULL, NULL),
(44, '0000000', 'bfe277ea3e2275a6809a0e8f7b3a3baa601664fa', 'mt1@cc.jwdcoldchain.com', NULL, '', NULL, NULL, NULL, 2, 1, 7, NULL, 1, '2023-04-20 14:05:42', 1, NULL, NULL, NULL, NULL),
(45, '0000000', 'bfe277ea3e2275a6809a0e8f7b3a3baa601664fa', 'mt2@cc.jwdcoldchain.com', NULL, 'ช่างซ่อมบำรุง 2', NULL, NULL, NULL, 2, 1, 7, NULL, 1, '2023-04-20 14:06:27', 1, NULL, NULL, NULL, NULL),
(46, '0000000', 'bfe277ea3e2275a6809a0e8f7b3a3baa601664fa', 'mtpcs@cc.jwdcoldchain.com', NULL, 'หัวหน้าช่าง 1', NULL, NULL, NULL, 3, 1, 7, NULL, 1, '2023-04-20 14:07:43', 1, NULL, NULL, NULL, NULL),
(47, '0000000', 'bfe277ea3e2275a6809a0e8f7b3a3baa601664fa', 'saranjit.j@jwdcoldchain.com', NULL, 'สราญจิต', NULL, NULL, NULL, 1, 1, 10, NULL, 1, '2023-04-20 14:10:10', 0, '2023-04-22 13:29:26', 1, NULL, NULL),
(48, '500003', '261bb198cf10c0fed959bd979dc288419635ea20', 'Nualjit.k@jwdcoldchain.com', NULL, 'นวลจิต คงรอด', NULL, NULL, NULL, 1, 1, 6, NULL, 1, '2023-04-20 14:59:43', 0, NULL, NULL, NULL, NULL),
(49, '6301071', '900d8ff4b1d6bd94238cbdb72bf628fa7a3a6942', 'sittichoke.p@jwdcoldchain.com', NULL, 'สิทธิโชค เพียรประเสริฐกุล', NULL, NULL, NULL, 1, 8, 4, NULL, 1, '2023-04-21 08:13:30', 0, NULL, NULL, NULL, NULL),
(50, '620046', 'bfe277ea3e2275a6809a0e8f7b3a3baa601664fa', 'plp@jwdcoldchain.com', NULL, 'จุฑารัตน์ เวหาด', NULL, NULL, NULL, 3, 7, 4, NULL, 1, '2023-04-21 08:22:06', 0, '2023-04-25 08:55:37', 1, NULL, NULL),
(51, '580053', '78b49082eb0286f9bea473f174b795bb3f5a0f23', 'Wanna.P@cc.pcs-plp.com', NULL, 'วันนา พรมตะ', NULL, NULL, NULL, 1, 1, 5, NULL, 1, '2023-04-21 11:51:10', 0, NULL, NULL, NULL, NULL),
(52, '630051', '0063d8499f11190a32884dd50289e00e0b0471e2', 'Preeyaporn.T@cc.pcs-plp.com', NULL, 'ปรียาภรณ์ ไทยสมัคร', NULL, NULL, NULL, 1, 1, 5, NULL, 1, '2023-04-21 12:45:38', 0, NULL, NULL, NULL, NULL),
(53, '6605029', 'bfe277ea3e2275a6809a0e8f7b3a3baa601664fa', 'auraiwan.s@cc.jwdcoldchain.com', NULL, 'อุไรวรรณ แสงส่ง', NULL, NULL, NULL, 1, 8, 17, NULL, 1, '2023-04-22 13:55:31', 0, '2023-04-22 14:15:48', 1, NULL, NULL),
(54, '603011', '118acd10b142411e633a75f1f3801a88b48a0ef7', 'sureesangthip@jpk.co.th', NULL, 'สุรีแสงทิพย์ แซ่คู', NULL, NULL, NULL, 1, 5, 2, NULL, 1, '2023-04-24 16:17:08', 0, NULL, NULL, NULL, NULL),
(55, '6603028', '230b5e6b4f8043d72eaccc8c78e1152d95122df5', 'transport@jpk.co.th', NULL, 'ธฤตวัน วิเศษสุข', NULL, NULL, NULL, 1, 5, 4, NULL, 1, '2023-04-24 16:23:29', 0, NULL, NULL, NULL, NULL),
(56, '0000000', 'bfe277ea3e2275a6809a0e8f7b3a3baa601664fa', 'driver@cc.jwdcoldchain.com', NULL, 'พนักงานขับรถ', NULL, NULL, NULL, 1, 7, 4, NULL, 1, '2023-04-25 08:31:43', 1, '2023-04-25 08:55:44', 1, NULL, NULL),
(57, '6401117', '676ee33c7b256d7f3568ceea6fa7af000ad97820', 'anucha.u@cc.jwdcoldchain.com', NULL, 'CC-Anucha', NULL, NULL, NULL, 2, 1, 13, NULL, 1, '2023-04-25 08:48:40', 0, '2023-05-05 10:07:20', 18, NULL, NULL),
(58, '6401113', '608952c5b3559ed93bc55d89b7a41852caea6321', 'apiwan.s@cc.pcs-plp.com', NULL, 'อภิวรรณ สำรวยประเสริฐ', NULL, NULL, NULL, 3, 1, 13, NULL, 1, '2023-04-25 09:19:06', 0, '2023-04-25 09:20:25', 20, NULL, NULL),
(59, '6103006', 'a9419cd46c0994178bdcc54838a84a55b551f2d8', 'rattana.p@jpk.co.th', NULL, 'รัตนา ภู่ประเสริฐภักดี', NULL, NULL, NULL, 1, 5, 5, NULL, 1, '2023-04-25 09:55:30', 0, NULL, NULL, NULL, NULL),
(60, '5803069', '450221036d1e72d7dc7d2a7f3ada7e7d592e130e', 'noona193280@gmail.com', NULL, 'ปาณิสรา สีดานอก', NULL, NULL, NULL, 1, 5, 5, NULL, 1, '2023-04-25 10:04:32', 0, NULL, NULL, NULL, NULL),
(61, '6103002', '2bfdaedded68f667358ee1440876b116bef41d6e', 'yukonp1967@gmail.com', NULL, 'Yukon P', NULL, NULL, NULL, 1, 5, 5, NULL, 1, '2023-04-25 10:07:49', 0, NULL, NULL, NULL, NULL),
(62, '6203009', 'a0da3a872f8406cb36f6d36715e4754b3e894804', 'katayfone@gmail.com', NULL, 'สิทธิพงษ์ รอดดี', NULL, NULL, NULL, 1, 5, 5, NULL, 1, '2023-04-25 13:08:39', 0, NULL, NULL, NULL, NULL),
(63, '6003008', '76f28020ec55f312eab79898d496242f98041a01', 'saknarongtechanan@gmail.com', NULL, 'ศักดิ์ณรงค์ เตชนันท์', NULL, NULL, NULL, 1, 5, 5, NULL, 1, '2023-04-25 13:35:08', 0, NULL, NULL, NULL, NULL),
(64, '6505018', '40a58df6c588548a94e299ba93d52462c4b0649e', 'Khanaphot.R@cc.jwdcoldchain.com', NULL, 'คณพศ เรืองรักเรียน', NULL, NULL, NULL, 1, 8, 8, NULL, 1, '2023-04-25 13:43:29', 0, NULL, NULL, NULL, NULL),
(65, '6505032', 'ed255a83a429fbba432e1422a5eb3a3b48f60606', 'en1.pacs@cc.jwdcoldchain.com', NULL, 'ถนอม สัตย์ซื่อ', NULL, NULL, NULL, 1, 8, 8, NULL, 1, '2023-04-25 13:44:36', 0, NULL, NULL, NULL, NULL),
(66, '6505040', 'ed255a83a429fbba432e1422a5eb3a3b48f60606', 'en2.pacs@cc.jwdcoldchain.com', NULL, 'ประจักษ์ ทองอินทร์', NULL, NULL, NULL, 1, 8, 8, NULL, 1, '2023-04-25 13:45:32', 0, NULL, NULL, NULL, NULL),
(67, '6605033', 'ed255a83a429fbba432e1422a5eb3a3b48f60606', 'en3.pacs@cc.jwdcoldchain.com', NULL, 'สุริยา ธรรมติน', NULL, NULL, NULL, 1, 8, 8, NULL, 1, '2023-04-25 13:46:22', 0, NULL, NULL, NULL, NULL),
(68, '6003308', 'f909405bf07187006e1d358160f8d67a00c0b77a', 'aoynaka3919@gmail.com', NULL, 'ภวิกา   ศรีสาระ', NULL, NULL, NULL, 1, 5, 5, NULL, 1, '2023-04-25 13:51:20', 0, NULL, NULL, NULL, NULL),
(69, '6000365', 'cea25bfe1b3484f962eec1c91784cf717fadb97a', 'sornnok2540@gmail.com', NULL, 'พิมพ์นิภา สอนนอก', NULL, NULL, NULL, 1, 5, 5, NULL, 1, '2023-04-25 14:12:45', 0, NULL, NULL, NULL, NULL),
(70, '6605008', 'bfe277ea3e2275a6809a0e8f7b3a3baa601664fa', 'wh-pacs@jwdcoldchain.com', NULL, 'สาริณี โพเขียว', NULL, NULL, NULL, 1, 8, 5, NULL, 1, '2023-04-25 15:07:56', 0, NULL, NULL, NULL, NULL),
(71, '570023', 'cc2bc7d6e65ab77069b690e0f640afbd0f1135da', 'weesuda.k@jwdcoldchain.com', NULL, 'weesuda  Kamtone', NULL, NULL, NULL, 1, 1, 2, NULL, 1, '2023-04-26 10:38:53', 0, NULL, NULL, NULL, NULL),
(72, '6002029', '8637439806af57f2c666c60df9a4e623db804901', 'en3.jpac@cc.jwdcoldchain.com', NULL, 'นราธิป กลิ่นมั่น', NULL, NULL, NULL, 2, 2, 8, NULL, 1, '2023-04-27 11:26:43', 0, '2023-05-02 09:22:31', 1, NULL, NULL),
(73, '6402006', '8637439806af57f2c666c60df9a4e623db804901', 'en1.jpac@cc.jwdcoldchain.com', NULL, 'ชาญวิทย์ จินารักษ์', NULL, NULL, NULL, 3, 2, 8, NULL, 1, '2023-04-27 22:44:18', 0, '2023-05-02 09:22:21', 1, NULL, NULL),
(74, 'inthuon', 'bfe277ea3e2275a6809a0e8f7b3a3baa601664fa', 'inthuon.p@jwdcoldchain.com', NULL, 'Inthuon  Phuttha', NULL, NULL, NULL, 1, 4, 3, NULL, 1, '2023-04-29 14:44:32', 0, NULL, NULL, NULL, NULL),
(75, '5902003', '17435ca0e05cfa13bcf0d73797b0bd71cb1da212', 'cs-jpac@jwd-pacific.com', NULL, 'มัทรี ศรีชะตา', NULL, NULL, NULL, 1, 2, 3, NULL, 1, '2023-04-29 15:46:17', 0, NULL, NULL, NULL, NULL),
(76, '6602027', '94b9f67ac7f07041fceb710686dc031515669723', 'en2.jpac@cc.jwdcoldchain.com', NULL, 'นัฐพงค์ อินต๊ะไชยวงค์', NULL, NULL, NULL, 2, 2, 8, NULL, 1, '2023-04-29 20:14:13', 0, '2023-05-02 09:22:38', 1, NULL, NULL),
(77, '640111', 'bfe277ea3e2275a6809a0e8f7b3a3baa601664fa', 'taey098999@gmail.com', NULL, 'ณัฐวุฒิ จันทร์กระจ่าง', NULL, NULL, NULL, 1, 7, 4, NULL, 3, '2023-05-04 10:19:37', 0, NULL, NULL, NULL, NULL),
(78, '500004', 'bfe277ea3e2275a6809a0e8f7b3a3baa601664fa', 'xuriphldech@gmail.com', NULL, 'อุไร พลเดช', NULL, NULL, NULL, 1, 7, 4, NULL, 3, '2023-05-04 10:53:43', 0, NULL, NULL, NULL, NULL),
(79, '6203008', 'bfe277ea3e2275a6809a0e8f7b3a3baa601664fa', 'naennew@gmail.com', NULL, 'สุขสันต์ โกดโน', NULL, NULL, NULL, 1, 5, 4, NULL, 3, '2023-05-04 13:27:34', 0, NULL, NULL, NULL, NULL),
(80, '6303019', 'bfe277ea3e2275a6809a0e8f7b3a3baa601664fa', 'driver@ccjwdcoldchain.com', NULL, 'นายสมใจ ศรีนรเศรษฐ์', NULL, NULL, NULL, 1, 7, 4, NULL, 3, '2023-05-04 13:44:25', 0, NULL, NULL, NULL, NULL),
(81, '6603037', 'bfe277ea3e2275a6809a0e8f7b3a3baa601664fa', 'rungaroon692207@gmail.com', NULL, 'รุ่งอรุณ คำไชยโย', NULL, NULL, NULL, 1, 7, 4, NULL, 3, '2023-05-04 13:48:22', 0, NULL, NULL, NULL, NULL),
(82, '6203267', '9ed49815aaa700e816df09a011ee54b0c00671f9', 'thanai0205@gmail.com', NULL, 'ทนาย ดงเทียมศรี', NULL, NULL, NULL, 1, 7, 4, NULL, 3, '2023-05-04 13:52:21', 0, NULL, NULL, NULL, NULL),
(83, '5901035', '3fdde26ca61e5a4770730ad923fd36ccfca6b60c', 'anan.r@cc.jwdcoldchain.com', NULL, 'อนันต์ เรืองศิลป์', NULL, NULL, NULL, 1, 1, 8, NULL, 1, '2023-05-04 14:33:52', 0, NULL, NULL, NULL, NULL),
(84, '5801022', '0b98a5ea33ddb629943cc087156a14671e940758', 'amornchai.u@ccjwdcoldchain.com', NULL, 'อมรชัย อุดม', NULL, NULL, NULL, 1, 1, 8, NULL, 1, '2023-05-04 14:53:25', 0, NULL, NULL, NULL, NULL),
(85, '5801055', '0b98a5ea33ddb629943cc087156a14671e940758', 'niran.u@cc.wdcoldciain.com', NULL, 'นิรันด์ ทองประหยัด', NULL, NULL, NULL, 1, 1, 8, NULL, 1, '2023-05-04 16:32:50', 0, NULL, NULL, NULL, NULL),
(86, '5501007', '311d30ec8316a17558204ca770cfa93562d78fa0', 'suphat.p@cc.jwdcoldchain.com', NULL, 'นายสุพัฒน์ พุ่มพวง', NULL, NULL, NULL, 1, 1, 8, NULL, 1, '2023-05-04 16:55:24', 0, NULL, NULL, NULL, NULL),
(87, '6501147', '0b98a5ea33ddb629943cc087156a14671e940758', 'chamni.c@cc.jwdcoldchain.com', NULL, 'ชำนิ  ชูอำนาจ', NULL, NULL, NULL, 1, 1, 8, NULL, 1, '2023-05-04 17:00:42', 0, NULL, NULL, NULL, NULL),
(88, '6001146', 'aa583c03bce08c283c9a0d8fd08de5b56903e596', 'chaicharoen.c@cc.jwdcoldchain.com', NULL, 'ชัยเจริญ  เชาว์ชัย', NULL, NULL, NULL, 1, 1, 8, NULL, 1, '2023-05-04 17:18:27', 0, NULL, NULL, NULL, NULL),
(89, '6501284', '0c6b27c48a46550924fb464e90f598437a9bbdd5', 'mahachai2006@hotmail.com', NULL, 'อนุรักษ์ ด่อนขำ', NULL, NULL, NULL, 1, 1, 8, NULL, 3, '2023-05-04 17:31:32', 0, NULL, NULL, NULL, NULL),
(90, '6501032', '6c5bb86fe05b5823414ac13f7d76c4938c88b1d1', 'games0900595374@gmail.com', NULL, 'นายณรงค์ฤทธิ์ กิจที', NULL, NULL, NULL, 1, 1, 8, NULL, 3, '2023-05-04 17:33:57', 0, NULL, NULL, NULL, NULL),
(91, '6501032', '0b98a5ea33ddb629943cc087156a14671e940758', 'narongrit.k@cc.jwdcoldchain.com', NULL, 'นายณรงค์ฤทธิ์ กิจที', NULL, NULL, NULL, 1, 1, 8, NULL, 1, '2023-05-04 17:51:08', 0, NULL, NULL, NULL, NULL),
(92, '6601041', '0b98a5ea33ddb629943cc087156a14671e940758', 'kongkiat.b@cc.jwdcoldchain.com', NULL, 'ก้องเกียรติ บุญสร้าง', NULL, NULL, NULL, 1, 1, 8, NULL, 1, '2023-05-04 17:51:33', 0, NULL, NULL, NULL, NULL),
(93, '600025', 'b469c8689ebe1fa586760c6e810acb09646fd982', 'P0851721735@gmail.com', NULL, 'สถาพร อิ่มอำไภย', NULL, NULL, NULL, 1, 1, 8, NULL, 2, '2023-05-04 18:12:08', 0, NULL, NULL, NULL, NULL),
(94, 'อนุชาติ', '5fcea8296277cd22171ba2caf0442f9b978ce26f', 'Nayman1723@gmail.com', NULL, 'อริวรรณ', NULL, NULL, NULL, 1, 1, 8, NULL, 2, '2023-05-04 18:26:06', 0, NULL, NULL, NULL, NULL),
(95, '6001025', 'b469c8689ebe1fa586760c6e810acb09646fd982', 'Sathaporn.i@cc.jwdcoldchain.com', NULL, 'สถาพร อิ่มอำไภย', NULL, NULL, NULL, 1, 1, 8, NULL, 1, '2023-05-04 19:14:46', 0, NULL, NULL, NULL, NULL),
(96, '5501002', 'c607dfae767a887b1908e0b8440580c95ee4af5e', 'trakarn.m@cc.jwdcoldchain.com', NULL, 'ตราการ  หม่อมอิน', NULL, NULL, NULL, 1, 1, 8, NULL, 1, '2023-05-04 19:29:09', 0, NULL, NULL, NULL, NULL),
(97, '6501284', '0b98a5ea33ddb629943cc087156a14671e940758', 'anurak.d@cc.jwdcoldchain.com', NULL, 'อนุรักษ์ ด่อนขำ', NULL, NULL, NULL, 1, 1, 8, NULL, 1, '2023-05-04 20:17:48', 0, NULL, NULL, NULL, NULL),
(98, '5101006', 'dc79a9c3ed09aa1ef3b02f51239b348c7f9fdf39', 'prais.@cc.jwdcoldchaih.com', NULL, 'prasis Boohta', NULL, NULL, NULL, 1, 1, 8, NULL, 1, '2023-05-04 20:23:53', 0, NULL, NULL, NULL, NULL),
(99, '5201002', '967d9a14a54d470065df09f023b6991a22419aef', 'sawitchaya.k@jwdcoldchain.com', NULL, 'Sawitchaya', NULL, NULL, NULL, 1, 1, 9, NULL, 1, '2023-05-05 10:12:26', 0, NULL, NULL, NULL, NULL),
(100, '6601067', '0b98a5ea33ddb629943cc087156a14671e940758', 'license@jwdcoldchain.com', NULL, 'ศิริประภา คำภูษา', NULL, NULL, NULL, 1, 1, 10, NULL, 1, '2023-05-05 10:15:55', 0, NULL, NULL, NULL, NULL),
(101, '6504028', '8eebe2fc8078a8ceb2ee1284375478e585e00e88', 'cherdchai.ch@cc.jwdcoldchain.com', NULL, 'เชิดชัย ไชยลอด', NULL, NULL, NULL, 1, 4, 8, NULL, 1, '2023-05-05 12:40:42', 0, NULL, NULL, NULL, NULL),
(102, '610131', 'bfe277ea3e2275a6809a0e8f7b3a3baa601664fa', 'wanlapa.m@jwdcoldchain.com', NULL, 'วัลลภา มาตรมนตรี', NULL, NULL, NULL, 1, 1, 17, NULL, 1, '2023-05-06 08:17:16', 0, NULL, NULL, NULL, NULL);

-- --------------------------------------------------------

--
-- Table structure for table `tb_user_license`
--

CREATE TABLE `tb_user_license` (
  `id_license` int NOT NULL,
  `ref_id_webapp` int NOT NULL COMMENT 'REF.tb_web_application',
  `ref_id_user` int NOT NULL,
  `status_license` int NOT NULL COMMENT '1-ใช้งานได้/2-รออนุมัติ'
) ENGINE=InnoDB DEFAULT CHARSET=utf8mb4 COLLATE=utf8mb4_unicode_ci COMMENT='ตาราางเก็บสิทธิ์การใช้งานโปรแกรมต่างๆ';

--
-- Dumping data for table `tb_user_license`
--

INSERT INTO `tb_user_license` (`id_license`, `ref_id_webapp`, `ref_id_user`, `status_license`) VALUES
(1, 3, 105, 2);

-- --------------------------------------------------------

--
-- Table structure for table `tb_user_responsibility`
--

CREATE TABLE `tb_user_responsibility` (
  `id_responsibility` int NOT NULL,
  `ref_id_user` int NOT NULL COMMENT 'REF.ไอดีพนักงาน',
  `ref_id_mt_type` int NOT NULL COMMENT 'REF.ไอดีประเภทใบงาน'
) ENGINE=InnoDB DEFAULT CHARSET=utf8mb4 COLLATE=utf8mb4_unicode_ci COMMENT='ตารางอ้างอิงช่างซ่อมผูกกับใบงานประเภทใดบ้าง';

-- --------------------------------------------------------

--
-- Table structure for table `tb_web_application`
--

CREATE TABLE `tb_web_application` (
  `id_webapp` int NOT NULL,
  `name_webapp` varchar(120) CHARACTER SET utf8mb4 COLLATE utf8mb4_unicode_ci NOT NULL,
  `status_webapp` int NOT NULL COMMENT '1-ใช้งาน/2-ระงับ'
) ENGINE=InnoDB DEFAULT CHARSET=utf8mb4 COLLATE=utf8mb4_unicode_ci COMMENT='ตารางโปรแกรม';

--
-- Dumping data for table `tb_web_application`
--

INSERT INTO `tb_web_application` (`id_webapp`, `name_webapp`, `status_webapp`) VALUES
(1, 'Central Store Online', 1),
(2, 'E-Service', 1),
(3, 'E-Report', 1);

--
-- Indexes for dumped tables
--

--
-- Indexes for table `tb_attachment`
--
ALTER TABLE `tb_attachment`
  ADD PRIMARY KEY (`id_attachment`),
  ADD KEY `ref_id_machine` (`ref_id_used`);

--
-- Indexes for table `tb_brand`
--
ALTER TABLE `tb_brand`
  ADD PRIMARY KEY (`id_brand`),
  ADD KEY `idx_brand_name` (`brand_name`);

--
-- Indexes for table `tb_building`
--
ALTER TABLE `tb_building`
  ADD PRIMARY KEY (`id_building`),
  ADD KEY `idx_ref_id_site` (`ref_id_site`);

--
-- Indexes for table `tb_category`
--
ALTER TABLE `tb_category`
  ADD PRIMARY KEY (`id_menu`),
  ADD KEY `menu_code` (`menu_code`);

--
-- Indexes for table `tb_caused_by_code`
--
ALTER TABLE `tb_caused_by_code`
  ADD PRIMARY KEY (`id_caused_by_code`),
  ADD UNIQUE KEY `caused_by_code` (`caused_by_code`);

--
-- Indexes for table `tb_change_parts`
--
ALTER TABLE `tb_change_parts`
  ADD PRIMARY KEY (`id_parts`),
  ADD KEY `idx_ref_id_requestid` (`ref_id_maintenance_request`);

--
-- Indexes for table `tb_dept`
--
ALTER TABLE `tb_dept`
  ADD PRIMARY KEY (`id_dept`);

--
-- Indexes for table `tb_failure_code`
--
ALTER TABLE `tb_failure_code`
  ADD PRIMARY KEY (`id_failure_code`);

--
-- Indexes for table `tb_location`
--
ALTER TABLE `tb_location`
  ADD PRIMARY KEY (`id_location`),
  ADD KEY `idx_ref_id_building` (`ref_id_building`),
  ADD KEY `idx_ref_id_site` (`ref_id_site`);

--
-- Indexes for table `tb_machine_master`
--
ALTER TABLE `tb_machine_master`
  ADD PRIMARY KEY (`id_machine`),
  ADD KEY `machine_code` (`machine_code`) USING BTREE;

--
-- Indexes for table `tb_machine_responsibility`
--
ALTER TABLE `tb_machine_responsibility`
  ADD PRIMARY KEY (`id_mc_responsibility`);

--
-- Indexes for table `tb_machine_site`
--
ALTER TABLE `tb_machine_site`
  ADD PRIMARY KEY (`id_machine_site`),
  ADD KEY `code_machine_site` (`code_machine_site`);

--
-- Indexes for table `tb_maintenance_request`
--
ALTER TABLE `tb_maintenance_request`
  ADD PRIMARY KEY (`id_maintenance_request`),
  ADD KEY `maintenance_request_no` (`maintenance_request_no`);

--
-- Indexes for table `tb_maintenance_type`
--
ALTER TABLE `tb_maintenance_type`
  ADD PRIMARY KEY (`id_mt_type`);

--
-- Indexes for table `tb_news`
--
ALTER TABLE `tb_news`
  ADD PRIMARY KEY (`id_news`);

--
-- Indexes for table `tb_outsite_repair`
--
ALTER TABLE `tb_outsite_repair`
  ADD PRIMARY KEY (`id_outsite_repair`);

--
-- Indexes for table `tb_permission`
--
ALTER TABLE `tb_permission`
  ADD PRIMARY KEY (`id_permission`);

--
-- Indexes for table `tb_ref_repairer`
--
ALTER TABLE `tb_ref_repairer`
  ADD PRIMARY KEY (`id_ref_repairer`);

--
-- Indexes for table `tb_reject_mtr_code`
--
ALTER TABLE `tb_reject_mtr_code`
  ADD PRIMARY KEY (`id_reject_mtr`);

--
-- Indexes for table `tb_repair_code`
--
ALTER TABLE `tb_repair_code`
  ADD PRIMARY KEY (`id_repair_code`),
  ADD UNIQUE KEY `repair_code` (`repair_code`);

--
-- Indexes for table `tb_repair_result`
--
ALTER TABLE `tb_repair_result`
  ADD PRIMARY KEY (`id_repair_result`);

--
-- Indexes for table `tb_satisfaction_survey`
--
ALTER TABLE `tb_satisfaction_survey`
  ADD PRIMARY KEY (`id_survey`);

--
-- Indexes for table `tb_site`
--
ALTER TABLE `tb_site`
  ADD PRIMARY KEY (`id_site`),
  ADD KEY `idx_site_initialname` (`site_initialname`);

--
-- Indexes for table `tb_site_responsibility`
--
ALTER TABLE `tb_site_responsibility`
  ADD PRIMARY KEY (`id_site_responsibility`);

--
-- Indexes for table `tb_supplier`
--
ALTER TABLE `tb_supplier`
  ADD PRIMARY KEY (`id_supplier`),
  ADD UNIQUE KEY `supplier_name` (`supplier_name`);

--
-- Indexes for table `tb_timeline`
--
ALTER TABLE `tb_timeline`
  ADD PRIMARY KEY (`id_timeline`);

--
-- Indexes for table `tb_unit`
--
ALTER TABLE `tb_unit`
  ADD PRIMARY KEY (`id_unit`);

--
-- Indexes for table `tb_user`
--
ALTER TABLE `tb_user`
  ADD PRIMARY KEY (`id_user`),
  ADD UNIQUE KEY `uniq_email` (`email`),
  ADD KEY `idx_no_user` (`no_user`),
  ADD KEY `fk_ref_id_site` (`ref_id_site`);

--
-- Indexes for table `tb_user_license`
--
ALTER TABLE `tb_user_license`
  ADD PRIMARY KEY (`id_license`);

--
-- Indexes for table `tb_user_responsibility`
--
ALTER TABLE `tb_user_responsibility`
  ADD PRIMARY KEY (`id_responsibility`);

--
-- Indexes for table `tb_web_application`
--
ALTER TABLE `tb_web_application`
  ADD PRIMARY KEY (`id_webapp`);

--
-- AUTO_INCREMENT for dumped tables
--

--
-- AUTO_INCREMENT for table `tb_attachment`
--
ALTER TABLE `tb_attachment`
  MODIFY `id_attachment` int NOT NULL AUTO_INCREMENT, AUTO_INCREMENT=366;

--
-- AUTO_INCREMENT for table `tb_brand`
--
ALTER TABLE `tb_brand`
  MODIFY `id_brand` int NOT NULL AUTO_INCREMENT, AUTO_INCREMENT=15;

--
-- AUTO_INCREMENT for table `tb_building`
--
ALTER TABLE `tb_building`
  MODIFY `id_building` int NOT NULL AUTO_INCREMENT, AUTO_INCREMENT=198;

--
-- AUTO_INCREMENT for table `tb_category`
--
ALTER TABLE `tb_category`
  MODIFY `id_menu` int NOT NULL AUTO_INCREMENT, AUTO_INCREMENT=323;

--
-- AUTO_INCREMENT for table `tb_caused_by_code`
--
ALTER TABLE `tb_caused_by_code`
  MODIFY `id_caused_by_code` int NOT NULL AUTO_INCREMENT, AUTO_INCREMENT=6;

--
-- AUTO_INCREMENT for table `tb_change_parts`
--
ALTER TABLE `tb_change_parts`
  MODIFY `id_parts` int NOT NULL AUTO_INCREMENT, AUTO_INCREMENT=9;

--
-- AUTO_INCREMENT for table `tb_dept`
--
ALTER TABLE `tb_dept`
  MODIFY `id_dept` int NOT NULL AUTO_INCREMENT, AUTO_INCREMENT=26;

--
-- AUTO_INCREMENT for table `tb_failure_code`
--
ALTER TABLE `tb_failure_code`
  MODIFY `id_failure_code` int NOT NULL AUTO_INCREMENT, AUTO_INCREMENT=52;

--
-- AUTO_INCREMENT for table `tb_location`
--
ALTER TABLE `tb_location`
  MODIFY `id_location` int NOT NULL AUTO_INCREMENT, AUTO_INCREMENT=3;

--
-- AUTO_INCREMENT for table `tb_machine_master`
--
ALTER TABLE `tb_machine_master`
  MODIFY `id_machine` int NOT NULL AUTO_INCREMENT, AUTO_INCREMENT=1615;

--
-- AUTO_INCREMENT for table `tb_machine_responsibility`
--
ALTER TABLE `tb_machine_responsibility`
  MODIFY `id_mc_responsibility` int NOT NULL AUTO_INCREMENT;

--
-- AUTO_INCREMENT for table `tb_machine_site`
--
ALTER TABLE `tb_machine_site`
  MODIFY `id_machine_site` int NOT NULL AUTO_INCREMENT, AUTO_INCREMENT=1842;

--
-- AUTO_INCREMENT for table `tb_maintenance_request`
--
ALTER TABLE `tb_maintenance_request`
  MODIFY `id_maintenance_request` int NOT NULL AUTO_INCREMENT COMMENT 'ID ใบแจ้งซ่อม', AUTO_INCREMENT=246;

--
-- AUTO_INCREMENT for table `tb_maintenance_type`
--
ALTER TABLE `tb_maintenance_type`
  MODIFY `id_mt_type` int NOT NULL AUTO_INCREMENT, AUTO_INCREMENT=23;

--
-- AUTO_INCREMENT for table `tb_news`
--
ALTER TABLE `tb_news`
  MODIFY `id_news` int NOT NULL AUTO_INCREMENT, AUTO_INCREMENT=9;

--
-- AUTO_INCREMENT for table `tb_outsite_repair`
--
ALTER TABLE `tb_outsite_repair`
  MODIFY `id_outsite_repair` int NOT NULL AUTO_INCREMENT COMMENT 'ไอดีซ่อมภายนอก', AUTO_INCREMENT=9;

--
-- AUTO_INCREMENT for table `tb_permission`
--
ALTER TABLE `tb_permission`
  MODIFY `id_permission` int NOT NULL AUTO_INCREMENT, AUTO_INCREMENT=17;

--
-- AUTO_INCREMENT for table `tb_ref_repairer`
--
ALTER TABLE `tb_ref_repairer`
  MODIFY `id_ref_repairer` int NOT NULL AUTO_INCREMENT, AUTO_INCREMENT=145;

--
-- AUTO_INCREMENT for table `tb_reject_mtr_code`
--
ALTER TABLE `tb_reject_mtr_code`
  MODIFY `id_reject_mtr` int NOT NULL AUTO_INCREMENT, AUTO_INCREMENT=11;

--
-- AUTO_INCREMENT for table `tb_repair_code`
--
ALTER TABLE `tb_repair_code`
  MODIFY `id_repair_code` int NOT NULL AUTO_INCREMENT, AUTO_INCREMENT=8;

--
-- AUTO_INCREMENT for table `tb_repair_result`
--
ALTER TABLE `tb_repair_result`
  MODIFY `id_repair_result` int NOT NULL AUTO_INCREMENT, AUTO_INCREMENT=35;

--
-- AUTO_INCREMENT for table `tb_satisfaction_survey`
--
ALTER TABLE `tb_satisfaction_survey`
  MODIFY `id_survey` int NOT NULL AUTO_INCREMENT, AUTO_INCREMENT=33;

--
-- AUTO_INCREMENT for table `tb_site`
--
ALTER TABLE `tb_site`
  MODIFY `id_site` int NOT NULL AUTO_INCREMENT COMMENT 'ไอดีไซต์', AUTO_INCREMENT=10;

--
-- AUTO_INCREMENT for table `tb_site_responsibility`
--
ALTER TABLE `tb_site_responsibility`
  MODIFY `id_site_responsibility` int NOT NULL AUTO_INCREMENT, AUTO_INCREMENT=147;

--
-- AUTO_INCREMENT for table `tb_supplier`
--
ALTER TABLE `tb_supplier`
  MODIFY `id_supplier` int NOT NULL AUTO_INCREMENT, AUTO_INCREMENT=27;

--
-- AUTO_INCREMENT for table `tb_timeline`
--
ALTER TABLE `tb_timeline`
  MODIFY `id_timeline` int NOT NULL AUTO_INCREMENT, AUTO_INCREMENT=813;

--
-- AUTO_INCREMENT for table `tb_unit`
--
ALTER TABLE `tb_unit`
  MODIFY `id_unit` int NOT NULL AUTO_INCREMENT, AUTO_INCREMENT=38;

--
-- AUTO_INCREMENT for table `tb_user`
--
ALTER TABLE `tb_user`
  MODIFY `id_user` int NOT NULL AUTO_INCREMENT, AUTO_INCREMENT=106;

--
-- AUTO_INCREMENT for table `tb_user_license`
--
ALTER TABLE `tb_user_license`
  MODIFY `id_license` int NOT NULL AUTO_INCREMENT, AUTO_INCREMENT=2;

--
-- AUTO_INCREMENT for table `tb_user_responsibility`
--
ALTER TABLE `tb_user_responsibility`
  MODIFY `id_responsibility` int NOT NULL AUTO_INCREMENT;

--
-- AUTO_INCREMENT for table `tb_web_application`
--
ALTER TABLE `tb_web_application`
  MODIFY `id_webapp` int NOT NULL AUTO_INCREMENT, AUTO_INCREMENT=4;

--
-- Constraints for dumped tables
--

--
-- Constraints for table `tb_building`
--
ALTER TABLE `tb_building`
  ADD CONSTRAINT `fk_ref_id_site` FOREIGN KEY (`ref_id_site`) REFERENCES `tb_site` (`id_site`);

--
-- Constraints for table `tb_location`
--
ALTER TABLE `tb_location`
  ADD CONSTRAINT `tb_location_ibfk_1` FOREIGN KEY (`ref_id_building`) REFERENCES `tb_building` (`id_building`),
  ADD CONSTRAINT `tb_location_ibfk_2` FOREIGN KEY (`ref_id_site`) REFERENCES `tb_site` (`id_site`);
COMMIT;

/*!40101 SET CHARACTER_SET_CLIENT=@OLD_CHARACTER_SET_CLIENT */;
/*!40101 SET CHARACTER_SET_RESULTS=@OLD_CHARACTER_SET_RESULTS */;
/*!40101 SET COLLATION_CONNECTION=@OLD_COLLATION_CONNECTION */;
