-- phpMyAdmin SQL Dump
-- version 5.2.0
-- https://www.phpmyadmin.net/
--
-- Host: localhost:3306
-- Generation Time: May 22, 2023 at 10:05 AM
-- Server version: 8.0.30
-- PHP Version: 8.1.10

SET SQL_MODE = "NO_AUTO_VALUE_ON_ZERO";
START TRANSACTION;
SET time_zone = "+00:00";


/*!40101 SET @OLD_CHARACTER_SET_CLIENT=@@CHARACTER_SET_CLIENT */;
/*!40101 SET @OLD_CHARACTER_SET_RESULTS=@@CHARACTER_SET_RESULTS */;
/*!40101 SET @OLD_COLLATION_CONNECTION=@@COLLATION_CONNECTION */;
/*!40101 SET NAMES utf8mb4 */;

--
-- Database: `db_requisition`
--

-- --------------------------------------------------------

--
-- Table structure for table `tb_category`
--

CREATE TABLE `tb_category` (
  `id_menu` int NOT NULL,
  `ref_id_location` int NOT NULL COMMENT 'REF.ไซต์งาน',
  `menu_code` varchar(3) CHARACTER SET utf8mb3 COLLATE utf8mb3_unicode_ci DEFAULT NULL COMMENT 'รหัสย่อหมวด(3หลัก)',
  `level_menu` int DEFAULT NULL COMMENT '1-หมวดหลัก/2-หมวดย่อย/3-ย่อยของย่อย',
  `sort_menu` int DEFAULT NULL COMMENT 'เรียงลำดับ',
  `ref_id_menu` int NOT NULL,
  `ref_id_sub` int NOT NULL,
  `name_menu` varchar(100) CHARACTER SET utf8mb3 COLLATE utf8mb3_unicode_ci NOT NULL,
  `desc_menu` varchar(100) CHARACTER SET utf8mb3 COLLATE utf8mb3_unicode_ci DEFAULT NULL,
  `menu_adddate` datetime NOT NULL,
  `addmenu_ref_idmem` int NOT NULL,
  `menu_editdate` datetime DEFAULT NULL,
  `editmenu_ref_idmem` int DEFAULT NULL,
  `status_menu` int NOT NULL COMMENT '1-ใช้งาน/2-ระงับ'
) ENGINE=InnoDB DEFAULT CHARSET=utf8mb3 COLLATE=utf8mb3_unicode_ci COMMENT='ตารางหมวดวัสดุอุปกรณ์';

--
-- Dumping data for table `tb_category`
--

INSERT INTO `tb_category` (`id_menu`, `ref_id_location`, `menu_code`, `level_menu`, `sort_menu`, `ref_id_menu`, `ref_id_sub`, `name_menu`, `desc_menu`, `menu_adddate`, `addmenu_ref_idmem`, `menu_editdate`, `editmenu_ref_idmem`, `status_menu`) VALUES
(1, 1, '01', 1, 0, 0, 0, 'น้ำยาทำความสะอาด', 'น้ำยาทำความสะอาด', '2023-02-01 09:03:08', 1, NULL, NULL, 1),
(2, 1, '02', 1, 0, 0, 0, 'อุปกรณ์เครื่องใช้สำนักงาน', 'อุปกรณ์เครื่องใช้สำนักงาน', '2023-02-01 09:03:32', 1, NULL, NULL, 1),
(3, 1, '03', 1, 0, 0, 0, 'งานพิมพ์', 'งานพิมพ์', '2023-02-01 09:03:54', 1, NULL, NULL, 1),
(4, 1, '04', 1, 0, 0, 0, 'อุปกรณ์เครื่องใช้ในคลัง', 'อุปกรณ์เครื่องใช้ในคลัง', '2023-02-01 09:04:08', 1, NULL, NULL, 1),
(5, 4, 'RF', 1, 0, 0, 0, 'อุปกรณ์เครื่องใช้สำนักงาน', NULL, '2023-03-23 09:05:46', 71, NULL, NULL, 1),
(6, 4, 'OF', 1, 0, 0, 0, 'วัสดุ-อุปกรณ์ทำความสะอาด', NULL, '2023-03-23 09:06:22', 71, NULL, NULL, 1),
(7, 4, 'ST', 1, 0, 0, 0, 'วัสดุ-อุปกรณ์ทำความสะอาด (น้ำยา)', 'วัสดุ-อุปกรณ์ทำความสะอาด(น้ำยา) ST', '2023-03-23 09:08:48', 71, NULL, NULL, 1),
(8, 4, 'FA', 1, 0, 0, 0, 'วัสดุ-อุปกรณ์สำนักงาน', 'วัสดุ-อุปกรณ์สำนักงาน FA', '2023-03-23 09:09:05', 71, NULL, NULL, 1),
(9, 4, 'HA', 1, 0, 0, 0, 'อื่นๆ', 'อื่นๆ HA', '2023-03-23 09:09:21', 71, NULL, NULL, 1);

-- --------------------------------------------------------

--
-- Table structure for table `tb_dept`
--

CREATE TABLE `tb_dept` (
  `id_dept` int NOT NULL,
  `dept_name` varchar(50) CHARACTER SET utf8mb3 COLLATE utf8mb3_unicode_ci NOT NULL COMMENT 'ชื่อแผนก',
  `initial_name` varchar(15) CHARACTER SET utf8mb3 COLLATE utf8mb3_unicode_ci DEFAULT NULL COMMENT 'ชื่อย่อแผนก',
  `dept_status` int NOT NULL COMMENT '1-ใช้งาน/2-ยกเลิก'
) ENGINE=InnoDB DEFAULT CHARSET=utf8mb3 COLLATE=utf8mb3_unicode_ci COMMENT='ตารางแผนก';

--
-- Dumping data for table `tb_dept`
--

INSERT INTO `tb_dept` (`id_dept`, `dept_name`, `initial_name`, `dept_status`) VALUES
(1, 'ฝ่ายบริหาร', 'MM', 1),
(2, 'ฝ่ายการตลาด', 'MK', 1),
(3, 'ฝ่ายบริการลูกค้า', 'CS', 1),
(4, 'ฝ่ายขนส่ง', 'TP', 1),
(5, 'ฝ่ายคลังสินค้า', 'WH', 1),
(6, 'Inventory', 'WI', 1),
(7, 'ซ่อมบำรุง', 'WM', 1),
(8, 'ฝ่ายวิศวกรรม', 'EN', 1),
(9, 'ฝ่ายบุคคล/ธุรการ', 'HA', 1),
(10, 'บุคคล', 'HR', 1),
(11, 'ธุรการ', 'AP', 1),
(12, 'ฝ่ายบริหารจัดการระบบ', 'MI', 1),
(13, 'เทคโนโลยีสารสนเทศ', 'IT', 1),
(14, 'จัดการข้อมูล', 'MIS', 1),
(15, 'ฝ่ายจัดซื้อ', 'PC', 1),
(16, 'ฝ่ายบัญชี/การเงิน', 'AF', 1),
(17, 'บัญชี', 'AC', 1),
(18, 'การเงิน', 'FI', 1),
(19, 'บริหารงบ', 'CC', 1),
(20, 'ฝ่ายประกันคุณภาพ', 'QA', 1),
(21, 'ความปลอดภัย', 'ST', 1),
(22, 'ฝ่ายงานราชการ', 'GA', 1);

-- --------------------------------------------------------

--
-- Table structure for table `tb_inven_adj`
--

CREATE TABLE `tb_inven_adj` (
  `id_adj` int NOT NULL,
  `ref_id_offsupp_location` int NOT NULL COMMENT 'อ้างอิงไอดีไซต์งาน',
  `adj_date` date NOT NULL,
  `ref_id_rcv` int NOT NULL,
  `adj_quantity` int NOT NULL,
  `adj_remark` longtext CHARACTER SET utf8mb3 COLLATE utf8mb3_unicode_ci NOT NULL,
  `adj_adddate` datetime NOT NULL,
  `ref_id_user_add` int NOT NULL,
  `adj_editdate` datetime DEFAULT NULL,
  `ref_id_user_edit` int DEFAULT NULL
) ENGINE=InnoDB DEFAULT CHARSET=utf8mb3 COLLATE=utf8mb3_unicode_ci COMMENT='ตารางเก็บรายการปรับยอด';

-- --------------------------------------------------------

--
-- Table structure for table `tb_inven_balance`
--

CREATE TABLE `tb_inven_balance` (
  `id_balance` int NOT NULL,
  `ref_id_offsupp_location` int NOT NULL COMMENT 'อ้างอิงไอดีไซต์งาน',
  `ref_id_rcv` int NOT NULL COMMENT 'อ้างอิงไอดีใบรับ(tb_rcv) เพื่อดึงข้อมูล LOT',
  `total_balance` int NOT NULL
) ENGINE=InnoDB DEFAULT CHARSET=utf8mb3 COLLATE=utf8mb3_unicode_ci COMMENT='ตารางแสดงยอดคงเหลือวัสดุ ของ Lot นั้น **เพิ่ม/ลดจำนวน';

--
-- Dumping data for table `tb_inven_balance`
--

INSERT INTO `tb_inven_balance` (`id_balance`, `ref_id_offsupp_location`, `ref_id_rcv`, `total_balance`) VALUES
(1, 120, 1, 95),
(2, 122, 2, 9);

-- --------------------------------------------------------

--
-- Table structure for table `tb_inven_cut`
--

CREATE TABLE `tb_inven_cut` (
  `id_cut` int NOT NULL,
  `ref_id_offsupp_location` int NOT NULL COMMENT 'อ้างอิงไอดีไซต์งาน',
  `cut_date` date NOT NULL COMMENT 'วันที่ตัดจ่าย',
  `ref_id_req` int NOT NULL COMMENT 'อ้างอิงไอดีใบเบิก (tb_requisition)',
  `ref_id_offsupp` int NOT NULL COMMENT 'อ้างอิงไอดีวัสดุ (tb_office_equip)',
  `ref_id_rcv` int NOT NULL COMMENT 'อ้างอิงไอดีใบรับ(tb_rcv) เพื่อดึงข้อมูล LOT',
  `cut_quantity` int NOT NULL
) ENGINE=InnoDB DEFAULT CHARSET=utf8mb3 COLLATE=utf8mb3_unicode_ci COMMENT='ตารางเก็บข้อมูลตัดจ่าย';

--
-- Dumping data for table `tb_inven_cut`
--

INSERT INTO `tb_inven_cut` (`id_cut`, `ref_id_offsupp_location`, `cut_date`, `ref_id_req`, `ref_id_offsupp`, `ref_id_rcv`, `cut_quantity`) VALUES
(1, 120, '2023-02-07', 2, 120, 1, 2),
(2, 120, '2023-02-16', 6, 120, 1, 1),
(3, 120, '2023-01-31', 6, 120, 1, 1),
(4, 120, '2023-02-16', 4, 120, 1, 1),
(5, 122, '2023-03-23', 8, 122, 2, 1);

-- --------------------------------------------------------

--
-- Table structure for table `tb_inven_rcv`
--

CREATE TABLE `tb_inven_rcv` (
  `id_rcv` int NOT NULL,
  `ref_id_offsupp_location` int NOT NULL COMMENT 'อ้างอิงไอดีไซต์งาน',
  `ref_po_no` varchar(30) CHARACTER SET utf8mb3 COLLATE utf8mb3_unicode_ci NOT NULL COMMENT 'อ้างอิง PO(กรอกเอง)',
  `rcv_date` date NOT NULL,
  `rcv_lot` varchar(50) CHARACTER SET utf8mb3 COLLATE utf8mb3_unicode_ci NOT NULL COMMENT 'ลอตที่รับเข้า (กรอกเอง)',
  `rcv_quantity` int NOT NULL COMMENT 'จำนวน',
  `unit_price` double NOT NULL COMMENT 'ราคาต่อหน่วย',
  `rcv_adddate` datetime NOT NULL,
  `ref_id_user_add` int NOT NULL,
  `rev_editdate` datetime DEFAULT NULL,
  `ref_id_user_edit` int DEFAULT NULL
) ENGINE=InnoDB DEFAULT CHARSET=utf8mb3 COLLATE=utf8mb3_unicode_ci COMMENT='ตารางเก็บข้อมูลรับเข้า';

--
-- Dumping data for table `tb_inven_rcv`
--

INSERT INTO `tb_inven_rcv` (`id_rcv`, `ref_id_offsupp_location`, `ref_po_no`, `rcv_date`, `rcv_lot`, `rcv_quantity`, `unit_price`, `rcv_adddate`, `ref_id_user_add`, `rev_editdate`, `ref_id_user_edit`) VALUES
(1, 120, 'TEST1234', '2023-02-06', '2023-02-06/100อัน', 100, 10, '2023-02-06 08:47:44', 1, NULL, NULL),
(2, 122, 'ทดสอบการรับเข้า 2023-03-23', '2023-03-23', 'ทดสอบการรับเข้า 2023-03-23', 10, 10, '2023-03-23 06:18:20', 71, NULL, NULL);

-- --------------------------------------------------------

--
-- Table structure for table `tb_inven_rtn`
--

CREATE TABLE `tb_inven_rtn` (
  `id_rtn` int NOT NULL,
  `ref_id_offsupp_location` int NOT NULL COMMENT 'อ้างอิงไอดีไซต์งาน',
  `rtn_date` date NOT NULL COMMENT 'วันที่รับคืน',
  `ref_id_req` int NOT NULL COMMENT 'อ้างอิงไอดีใบเบิก (tb_requisition)',
  `ref_id_rcv` int NOT NULL COMMENT 'อ้างอิงไอดีใบรับ(tb_rcv) เพื่อดึงข้อมูล LOT',
  `rtn_quantity` int NOT NULL COMMENT 'จำนวนที่รับคืน',
  `rtn_remark` varchar(100) CHARACTER SET utf8mb3 COLLATE utf8mb3_unicode_ci NOT NULL,
  `rtn_adddate` datetime NOT NULL,
  `ref_id_user_add` int NOT NULL,
  `rtn_editdate` datetime DEFAULT NULL,
  `ref_id_user_edit` int DEFAULT NULL
) ENGINE=InnoDB DEFAULT CHARSET=utf8mb3 COLLATE=utf8mb3_unicode_ci COMMENT='ตารางเก็บข้อมูลรับคืน';

-- --------------------------------------------------------

--
-- Table structure for table `tb_location`
--

CREATE TABLE `tb_location` (
  `id_location` int NOT NULL,
  `location_short` varchar(10) CHARACTER SET utf8mb3 COLLATE utf8mb3_unicode_ci NOT NULL,
  `location_name` varchar(100) CHARACTER SET utf8mb3 COLLATE utf8mb3_unicode_ci NOT NULL,
  `location_remark` varchar(100) CHARACTER SET utf8mb3 COLLATE utf8mb3_unicode_ci NOT NULL,
  `status_location` int NOT NULL COMMENT '1-ใช้งานได้/2-ระบงับใช้งาน'
) ENGINE=InnoDB DEFAULT CHARSET=utf8mb3 COLLATE=utf8mb3_unicode_ci;

--
-- Dumping data for table `tb_location`
--

INSERT INTO `tb_location` (`id_location`, `location_short`, `location_name`, `location_remark`, `status_location`) VALUES
(1, 'PCS', 'บริษัท แปซิฟิค ห้องเย็น จากัด', 'บริษัท แปซิฟิค ห้องเย็น จากัด', 1),
(2, 'JPAC', 'บริษัท เจดับเบิ้ลยูดี แปซิฟิค จากัด', 'บริษัท เจดับเบิ้ลยูดี แปซิฟิค จากัด', 1),
(3, 'PACT', 'บริษัท แปซิฟิค ทียูเอ็ม โคลด์ สโตเรจ จำกัด', 'บริษัท แปซิฟิค ทียูเอ็ม โคลด์ สโตเรจ จำกัด', 1),
(4, 'PACM', 'บริษัท แปซิฟิค เอ็ม โคลด์ สโตเรจ จากัด', 'บริษัท แปซิฟิค เอ็ม โคลด์ สโตเรจ จากัด', 1),
(5, 'JPK', 'บริษัท เจพีเค โคลด์ สโตเรจ จากัด', 'บริษัท เจพีเค โคลด์ สโตเรจ จากัด', 1),
(6, 'PACA', 'PACA', 'PACA', 1),
(7, 'PLP', 'บริษัท แปซิฟิค โลจิสติกส์ โปร จำกัด', 'บริษัท แปซิฟิค โลจิสติกส์ โปร จำกัด', 1),
(8, 'PACS', 'PACS', 'PACS', 1);

-- --------------------------------------------------------

--
-- Table structure for table `tb_office_supplies`
--

CREATE TABLE `tb_office_supplies` (
  `id_offsupp` int NOT NULL,
  `ref_id_location` int NOT NULL COMMENT 'REF.ไอดีไซต์',
  `ref_id_menu` int NOT NULL COMMENT 'ไอดีหมวดหลัก',
  `ref_id_menu_sub` int DEFAULT NULL COMMENT 'ไอดีหมวดย่อย',
  `offsupp_code` varchar(15) CHARACTER SET utf8mb3 COLLATE utf8mb3_unicode_ci NOT NULL COMMENT 'รหัสวัสดุ',
  `offsupp_name` varchar(100) CHARACTER SET utf8mb3 COLLATE utf8mb3_unicode_ci NOT NULL,
  `ref_id_unit` int NOT NULL COMMENT 'หน่วยนับ',
  `offsupp_detail` longtext CHARACTER SET utf8mb3 COLLATE utf8mb3_unicode_ci,
  `offsupp_status` int NOT NULL COMMENT '1-ใช้งาน/2-ยกเลิก',
  `moq` int DEFAULT NULL COMMENT 'สั่งซื้อขั้นต่ำ',
  `min_stock` int DEFAULT NULL COMMENT 'คงเหลือขั้นต่ำ',
  `max_req` int DEFAULT NULL COMMENT 'เบิกได้ครั้งละไม่เกิน',
  `leadtime` int DEFAULT NULL,
  `ref_iduser_add` int NOT NULL,
  `offsupp_adddate` datetime NOT NULL,
  `ref_iduser_edit` int DEFAULT NULL,
  `offsupp_editdate` datetime DEFAULT NULL
) ENGINE=InnoDB DEFAULT CHARSET=utf8mb3 COLLATE=utf8mb3_unicode_ci COMMENT='ตารางวัสดุอุปกรณ์สำนักงาน';

--
-- Dumping data for table `tb_office_supplies`
--

INSERT INTO `tb_office_supplies` (`id_offsupp`, `ref_id_location`, `ref_id_menu`, `ref_id_menu_sub`, `offsupp_code`, `offsupp_name`, `ref_id_unit`, `offsupp_detail`, `offsupp_status`, `moq`, `min_stock`, `max_req`, `leadtime`, `ref_iduser_add`, `offsupp_adddate`, `ref_iduser_edit`, `offsupp_editdate`) VALUES
(1, 1, 1, NULL, 'ST-01-0001', 'สบู่เหลวล้างมือแบบไม่มีกลิ่น ขนาด 20ลิตร (แนบCOAพร้อมส่งสินค้า)', 18, '', 1, 10, 2, 2, 7, 1, '2023-02-01 09:09:09', NULL, NULL),
(2, 1, 1, NULL, 'ST-01-0002', 'แอลกอฮอล์70% ขนาด 20ลิตร (แนบCOAพร้อมส่งสินค้า)', 18, '', 1, 15, 2, 2, 7, 1, '2023-02-01 09:09:09', NULL, NULL),
(3, 1, 1, NULL, 'ST-01-0003', 'คลอรีนน้ำ10% ขนาด 20ลิตร (แนบCOAพร้อมส่งสินค้า)', 18, '', 1, 10, 2, 2, 7, 1, '2023-02-01 09:09:09', NULL, NULL),
(4, 1, 1, NULL, 'ST-01-0004', 'ผงซักฟอก ถุงละ 1กิโลกรัม (แนบCOAพร้อมส่งสินค้า)', 8, '', 1, 100, 13, 5, 7, 1, '2023-02-01 09:09:09', NULL, NULL),
(5, 1, 1, NULL, 'ST-01-0005', 'น้ำยาล้างภาชนะขนาด 20ลิตร (แนบCOAพร้อมส่งสินค้า)', 18, '', 1, 10, 2, 2, 7, 1, '2023-02-01 09:09:09', NULL, NULL),
(6, 1, 1, NULL, 'ST-01-0006', 'น้ำยาล้างห้องน้ำ ขนาด 20ลิตร (แนบCOAพร้อมส่งสินค้า)', 18, '', 1, 10, 2, 2, 7, 1, '2023-02-01 09:09:09', NULL, NULL),
(7, 1, 1, NULL, 'ST-01-0007', 'เกลือเม็ด', 8, '', 1, 180, 7, 2, 7, 1, '2023-02-01 09:09:09', NULL, NULL),
(8, 1, 1, NULL, 'ST-01-0008', 'น้ำยาขัดพื้น', 18, '', 1, 12, 1, 2, 7, 1, '2023-02-01 09:09:09', NULL, NULL),
(9, 1, 2, NULL, 'ST-02-0001', 'กระดาษ A3 สีขาว', 2, '', 1, 3, 1, 1, 7, 1, '2023-02-01 09:09:09', NULL, NULL),
(10, 1, 2, NULL, 'ST-02-0002', 'กระดาษ A4 สีขาว 70แกรม', 2, '', 1, 100, 27, 5, 7, 1, '2023-02-01 09:09:09', NULL, NULL),
(11, 1, 2, NULL, 'ST-02-0003', 'กระดาษ A4 สีเขียวน้ำทะเล', 2, '', 1, 5, 1, 5, 7, 1, '2023-02-01 09:09:09', NULL, NULL),
(12, 1, 2, NULL, 'ST-02-0004', 'กระดาษ A4 สีเขียวตอง', 2, '', 1, 5, 1, 1, 7, 1, '2023-02-01 09:09:09', NULL, NULL),
(13, 1, 2, NULL, 'ST-02-0005', 'กระดาษ A4 สีเหลือง', 2, '', 1, 10, 1, 5, 7, 1, '2023-02-01 09:09:09', NULL, NULL),
(14, 1, 2, NULL, 'ST-02-0006', 'กระดาษ A4 สีชมพู 80แกรม', 2, '', 1, 30, 4, 5, 7, 1, '2023-02-01 09:09:09', NULL, NULL),
(15, 1, 2, NULL, 'ST-02-0007', 'กระดาษ A4 สีฟ้า 80แกรม', 2, '', 1, 30, 2, 2, 7, 1, '2023-02-01 09:09:09', NULL, NULL),
(16, 1, 2, NULL, 'ST-02-0008', 'กระดาษ A4 สีส้ม สะท้อนแสง', 2, '', 1, 5, 1, 2, 7, 1, '2023-02-01 09:09:09', NULL, NULL),
(17, 1, 2, NULL, 'ST-02-0009', 'กระดาษ A4 สีเขียว 150แกรม', 2, '', 1, 5, 1, 2, 7, 1, '2023-02-01 09:09:09', NULL, NULL),
(18, 1, 2, NULL, 'ST-02-0010', 'กระดาษ F14 สีขาว', 2, '', 1, 10, 1, 2, 7, 1, '2023-02-01 09:09:09', NULL, NULL),
(19, 1, 2, NULL, 'ST-02-0011', 'กระดาษต่อเนื่องเคมี (2ชั้น) ขนาด 9.5\"x11\" (1,000ชุด/กล่อง)', 11, '', 1, 5, 1, 2, 7, 1, '2023-02-01 09:09:09', NULL, NULL),
(20, 1, 2, NULL, 'ST-02-0012', 'กระดาษต่อเนื่องเคมี (4ชั้น) ขนาด 9.5\"x11\" (500ชุด/กล่อง)', 11, '', 1, 10, 1, 2, 7, 1, '2023-02-01 09:09:09', NULL, NULL),
(21, 1, 2, NULL, 'ST-02-0013', 'กระดาษต่อเนื่อง (4ชั้น) ขนาด 9.5\"x11\" (500ชุด/กล่อง)', 11, '', 1, 5, 1, 2, 7, 1, '2023-02-01 09:09:09', NULL, NULL),
(22, 1, 2, NULL, 'ST-02-0014', 'กระดาษต่อเนื่องเคมี (2ชั้น) ขนาด 9\"x 5.5\"', 11, '', 1, 5, 1, 2, 7, 1, '2023-02-01 09:09:09', NULL, NULL),
(23, 1, 2, NULL, 'ST-02-0015', 'กระดาษต่อเนื่องเคมี(โอจิ) (4ชั้น) ขนาด 9.5\"x11\" (500ชุด/กล่อง)', 11, '', 1, 40, 16, 2, 20, 1, '2023-02-01 09:09:09', NULL, NULL),
(24, 1, 2, NULL, 'ST-02-0016', 'กระดาษเทอร์มอล 80*80 มม.', 14, '', 1, 100, 3, 5, 7, 1, '2023-02-01 09:09:09', NULL, NULL),
(25, 1, 2, NULL, 'ST-02-0017', 'ปากกาMarker สีน้ำเงิน', 5, '', 1, 36, 5, 3, 7, 1, '2023-02-01 09:09:09', NULL, NULL),
(26, 1, 2, NULL, 'ST-02-0018', 'ปากกาMarker สีดำ', 5, '', 1, 36, 2, 3, 7, 1, '2023-02-01 09:09:09', NULL, NULL),
(27, 1, 2, NULL, 'ST-02-0019', 'ปากกาMarker สีแดง', 5, '', 1, 36, 1, 3, 7, 1, '2023-02-01 09:09:09', NULL, NULL),
(28, 1, 2, NULL, 'ST-02-0020', 'ปากกาเน้นข้อความ สีเหลือง', 5, '', 1, 5, 1, 1, 7, 1, '2023-02-01 09:09:09', NULL, NULL),
(29, 1, 2, NULL, 'ST-02-0021', 'ปากกาเน้นข้อความ สีชมพู', 5, '', 1, 5, 1, 1, 7, 1, '2023-02-01 09:09:09', NULL, NULL),
(30, 1, 2, NULL, 'ST-02-0022', 'ปากกาเน้นข้อความ สีฟ้า', 5, '', 1, 5, 1, 1, 7, 1, '2023-02-01 09:09:09', NULL, NULL),
(31, 1, 2, NULL, 'ST-02-0023', 'ปากกาเน้นข้อความ สีส้ม', 5, '', 1, 5, 1, 1, 7, 1, '2023-02-01 09:09:09', NULL, NULL),
(32, 1, 2, NULL, 'ST-02-0024', 'ปากกาเน้นข้อความ สีเขียว', 5, '', 1, 5, 1, 1, 7, 1, '2023-02-01 09:09:09', NULL, NULL),
(33, 1, 2, NULL, 'ST-02-0025', 'ปากกาไวท์บอร์ด สีน้ำเงิน', 5, '', 1, 12, 1, 2, 7, 1, '2023-02-01 09:09:09', NULL, NULL),
(34, 1, 2, NULL, 'ST-02-0026', 'ปากกาไวท์บอร์ด สีดำ', 5, '', 1, 12, 1, 2, 7, 1, '2023-02-01 09:09:09', NULL, NULL),
(35, 1, 2, NULL, 'ST-02-0027', 'ปากกาไวท์บอร์ด สีแดง', 5, '', 1, 12, 1, 2, 7, 1, '2023-02-01 09:09:09', NULL, NULL),
(36, 1, 2, NULL, 'ST-02-0028', 'ปากกาลูกลื่นสีน้ำเงิน (แบบหมุน)', 5, '', 1, 100, 14, 5, 7, 1, '2023-02-01 09:09:09', NULL, NULL),
(37, 1, 2, NULL, 'ST-02-0029', 'ปากกาลูกลื่นสีแดง (แบบหมุน)', 5, '', 1, 50, 2, 5, 7, 1, '2023-02-01 09:09:09', NULL, NULL),
(38, 1, 2, NULL, 'ST-02-0030', 'ตลับหมึก HP รุ่น LJ M12/M26 เทียบเท่า HP 279A', 20, '', 1, 10, 2, 1, 7, 1, '2023-02-01 09:09:09', NULL, NULL),
(39, 1, 2, NULL, 'ST-02-0031', 'ตลับหมึก EPSON รุ่น LQ-310', 20, '', 1, 30, 5, 1, 7, 1, '2023-02-01 09:09:09', NULL, NULL),
(40, 1, 2, NULL, 'ST-02-0032', 'ตลับหมึก EPSON รุ่น LQ2090', 20, '', 1, 10, 1, 1, 7, 1, '2023-02-01 09:09:09', NULL, NULL),
(41, 1, 2, NULL, 'ST-02-0033', 'ตลับหมึก HP Laser Jet รุ่น CE 285 A T1102', 20, '', 1, 5, 1, 1, 7, 1, '2023-02-01 09:09:09', NULL, NULL),
(42, 1, 2, NULL, 'ST-02-0034', 'ตลับหมึก SAMSUNG รุ่น ML - 1660', 20, '', 1, 5, 1, 1, 7, 1, '2023-02-01 09:09:09', NULL, NULL),
(43, 1, 2, NULL, 'ST-02-0035', 'Ribbon ขนาด 89*360 ml. F/I', 14, '', 1, 30, 5, 2, 7, 1, '2023-02-01 09:09:09', NULL, NULL),
(44, 1, 2, NULL, 'ST-02-0036', 'แฟ้มซองพลาสติก A4', 35, '', 1, 10, 1, 1, 7, 1, '2023-02-01 09:09:09', NULL, NULL),
(45, 1, 2, NULL, 'ST-02-0037', 'ลิ้นแฟ้ม', 11, '', 1, 5, 1, 1, 7, 1, '2023-02-01 09:09:09', NULL, NULL),
(46, 1, 2, NULL, 'ST-02-0038', 'เทปกาว2หน้า แบบบาง', 14, '', 1, 10, 1, 1, 7, 1, '2023-02-01 09:09:09', NULL, NULL),
(47, 1, 2, NULL, 'ST-02-0039', 'เทปกาว2หน้า แบบหนา', 14, '', 1, 5, 1, 1, 7, 1, '2023-02-01 09:09:09', NULL, NULL),
(48, 1, 2, NULL, 'ST-02-0040', 'เทปใส ขนาด 18mm x36 หลา', 14, '', 1, 18, 2, 2, 7, 1, '2023-02-01 09:09:09', NULL, NULL),
(49, 1, 2, NULL, 'ST-02-0041', 'เทปใส ขนาด 2\" x45 หลา', 14, '', 1, 50, 10, 6, 7, 1, '2023-02-01 09:09:09', NULL, NULL),
(50, 1, 2, NULL, 'ST-02-0042', 'เทปใส ขนาด 2\"x1000 หลา', 14, '', 1, 50, 10, 5, 7, 1, '2023-02-01 09:09:09', NULL, NULL),
(51, 1, 2, NULL, 'ST-02-0043', 'กาวแท่ง', 1, '', 1, 10, 1, 1, 7, 1, '2023-02-01 09:09:09', NULL, NULL),
(52, 1, 2, NULL, 'ST-02-0044', 'สมุดปกแข็ง เล่มใหญ่', 36, '', 1, 6, 1, 2, 7, 1, '2023-02-01 09:09:09', NULL, NULL),
(53, 1, 2, NULL, 'ST-02-0045', 'สมุดปกอ่อน เล่มเล็ก', 36, '', 1, 6, 1, 2, 7, 1, '2023-02-01 09:09:09', NULL, NULL),
(54, 1, 2, NULL, 'ST-02-0046', 'คลิปดำ ขนาด 25 mm.', 11, '', 1, 5, 1, 1, 7, 1, '2023-02-01 09:09:09', NULL, NULL),
(55, 1, 2, NULL, 'ST-02-0047', 'คลิปดำ ขนาด 32 mm.', 11, '', 1, 5, 1, 1, 7, 1, '2023-02-01 09:09:09', NULL, NULL),
(56, 1, 2, NULL, 'ST-02-0048', 'ลวดเสียบ', 11, '', 1, 20, 1, 5, 7, 1, '2023-02-01 09:09:09', NULL, NULL),
(57, 1, 2, NULL, 'ST-02-0049', 'ซองอเนกประสงค์ 11 รู', 35, '', 1, 20, 2, 2, 7, 1, '2023-02-01 09:09:09', NULL, NULL),
(58, 1, 2, NULL, 'ST-02-0050', 'ดินสอ', 1, '', 1, 120, 4, 10, 7, 1, '2023-02-01 09:09:09', NULL, NULL),
(59, 1, 2, NULL, 'ST-02-0051', 'ยางลบ', 13, '', 1, 10, 1, 5, 7, 1, '2023-02-01 09:09:09', NULL, NULL),
(60, 1, 2, NULL, 'ST-02-0052', 'ลูกแม๊ก No.3-1M', 11, '', 1, 48, 4, 5, 7, 1, '2023-02-01 09:09:09', NULL, NULL),
(61, 1, 2, NULL, 'ST-02-0053', 'ลูกแม๊ก No.10-1M', 11, '', 1, 48, 3, 5, 7, 1, '2023-02-01 09:09:09', NULL, NULL),
(62, 1, 2, NULL, 'ST-02-0054', 'หมึก HP Laser Jet M102A (CF217A)', 20, '', 1, 5, 1, 1, 7, 1, '2023-02-01 09:09:09', NULL, NULL),
(63, 1, 2, NULL, 'ST-02-0055', 'หมึก HP Color Pro M251 CF210A BK', 20, '', 1, 5, 1, 1, 7, 1, '2023-02-01 09:09:09', NULL, NULL),
(64, 1, 2, NULL, 'ST-02-0056', 'หมึก HP Color Pro M251 CF211A C', 20, '', 1, 5, 1, 1, 7, 1, '2023-02-01 09:09:09', NULL, NULL),
(65, 1, 2, NULL, 'ST-02-0057', 'หมึก HP Color Pro M251 CF212A Y', 20, '', 1, 5, 1, 1, 7, 1, '2023-02-01 09:09:09', NULL, NULL),
(66, 1, 2, NULL, 'ST-02-0058', 'หมึก HP Color Pro M251 CF213A M', 20, '', 1, 5, 1, 1, 7, 1, '2023-02-01 09:09:09', NULL, NULL),
(67, 1, 2, NULL, 'ST-02-0059', 'สติ๊กเกอร์ ติด TAG ขนาด A-7', 38, '', 1, 50, 10, 5, 7, 1, '2023-02-01 09:09:09', NULL, NULL),
(68, 1, 2, NULL, 'ST-02-0060', 'ตลับหมึก HP LJ Pro M15 เทียบเท่า CF248A', 20, '', 1, 10, 1, 1, 7, 1, '2023-02-01 09:09:09', NULL, NULL),
(69, 1, 2, NULL, 'ST-02-0061', 'ตลับหมึก HP LJ Pro M402n เทียบเท่า CF266A', 20, '', 1, 10, 1, 1, 7, 1, '2023-02-01 09:09:09', NULL, NULL),
(70, 1, 2, NULL, 'ST-02-0062', 'ตลับดรั้ม HP LJ Pro M102A เทียบเท่า', 20, '', 1, 10, 1, 1, 7, 1, '2023-02-01 09:09:09', NULL, NULL),
(71, 1, 2, NULL, 'ST-02-0063', 'กระดาษ A4 สีม่วงอ่อน', 2, '', 1, 5, 1, 1, 7, 1, '2023-02-01 09:09:09', NULL, NULL),
(72, 1, 2, NULL, 'ST-02-0064', 'เทปใส 48 * 100 หลา', 14, '', 1, 216, 7, 5, 7, 1, '2023-02-01 09:09:09', NULL, NULL),
(73, 1, 3, NULL, 'ST-03-0001', 'TAG MANUAL (1,500ใบ/กล่อง)', 11, '', 1, 5, 2, 1, 20, 1, '2023-02-01 09:09:09', NULL, NULL),
(74, 1, 3, NULL, 'ST-03-0002', 'TAG BARCODE ม้วนเล็ก (สีขาว) ขนาด 7x16cm (250ดวง/ม้วน)', 14, '', 1, 180, 26, 5, 20, 1, '2023-02-01 09:09:09', NULL, NULL),
(75, 1, 3, NULL, 'ST-03-0003', 'TAG BARCODE (สีส้ม) ขนาด 7x16cm (500ดวง/ม้วน)', 14, '', 1, 50, 9, 5, 20, 1, '2023-02-01 09:09:09', NULL, NULL),
(76, 1, 3, NULL, 'ST-03-0004', 'ใบแจ้งฟรีส FM-WH-20/01', 36, '', 1, 50, 2, 1, 20, 1, '2023-02-01 09:09:09', NULL, NULL),
(77, 1, 3, NULL, 'ST-03-0005', 'ใบเบิกสินค้า(เคมี 2ชั้น) ขนาด 9.5\"x11\"  (1,000ชุด/กล่อง)', 11, '', 1, 10, 3, 1, 20, 1, '2023-02-01 09:09:09', NULL, NULL),
(78, 1, 3, NULL, 'ST-03-0006', 'ใบรับฝากสินค้า(เคมี 2ชั้น) ขนาด 9.5\"x11\" (1,000ชุด/กล่อง)', 11, '', 1, 10, 2, 1, 20, 1, '2023-02-01 09:09:09', NULL, NULL),
(79, 1, 3, NULL, 'ST-03-0007', 'ใบวางบิล/ใบแจ้งหนี้', 11, '', 1, 10, 1, 1, 20, 1, '2023-02-01 09:09:09', NULL, NULL),
(80, 1, 3, NULL, 'ST-03-0008', 'แบบฟอร์มรายงานประจำวัน(Daily Report)', 36, '', 1, 10, 2, 1, 20, 1, '2023-02-01 09:09:09', NULL, NULL),
(81, 1, 3, NULL, 'ST-03-0009', 'สลิปเงินเดือนคาร์บอน', 11, '', 1, 5, 2, 1, 20, 1, '2023-02-01 09:09:09', NULL, NULL),
(82, 1, 3, NULL, 'ST-03-0010', 'กระดาษหัวจดหมาย A 4(ขนาด 80 แกรม) พิมพ์โลโก้', 2, '', 1, 0, 0, 0, 0, 1, '2023-02-01 09:09:09', NULL, NULL),
(83, 1, 3, NULL, 'ST-03-0011', 'ซองจดหมาย#9(สีขาว) ขนาด 108x235mm.(100 แกรม) พิมพ์โลโก้', 37, '', 1, 2500, 500, 20, 20, 1, '2023-02-01 09:09:09', NULL, NULL),
(84, 1, 3, NULL, 'ST-03-0012', 'ซองเอกสาร(สีขาว) ขนาด 355.6x254mm.(100 แกรม) พิมพ์โลโก้', 37, '', 1, 2000, 18, 10, 7, 1, '2023-02-01 09:09:09', NULL, NULL),
(85, 1, 3, NULL, 'ST-03-0013', 'TAG BARCODE ม้วนใหญ่ (สีขาว) ขนาด 7x16cm (500ดวง/ม้วน)', 14, '', 1, 100, 23, 2, 20, 1, '2023-02-01 09:09:09', NULL, NULL),
(86, 1, 3, NULL, 'ST-03-0014', 'TAG BARCODE(สีเขียว)ขนาด7x16cm(500ดวง/ม้วน)', 14, '', 1, 20, 2, 2, 20, 1, '2023-02-01 09:09:09', NULL, NULL),
(87, 1, 4, NULL, 'ST-04-0001', 'ผ้าวน(คละสี) ขนาด 10\"x10\"', 17, '', 1, 2, 30, 5, 7, 1, '2023-02-01 09:09:09', NULL, NULL),
(88, 1, 4, NULL, 'ST-04-0002', 'ไม้กวาดดอกหญ้า', 6, '', 1, 10, 1, 2, 7, 1, '2023-02-01 09:09:09', NULL, NULL),
(89, 1, 4, NULL, 'ST-04-0003', 'ไม้กวาดทางมะพร้าว', 6, '', 1, 24, 4, 2, 7, 1, '2023-02-01 09:09:09', NULL, NULL),
(90, 1, 4, NULL, 'ST-04-0004', 'ไม้ถูพื้น ขนาด 10\"', 6, '', 1, 10, 1, 2, 7, 1, '2023-02-01 09:09:09', NULL, NULL),
(91, 1, 4, NULL, 'ST-04-0005', 'ผ้าถูพื้น ขนาด 10\"', 17, '', 1, 10, 1, 2, 7, 1, '2023-02-01 09:09:09', NULL, NULL),
(92, 1, 4, NULL, 'ST-04-0006', 'ไม้รีดน้ำ ขนาด 24 \" ยาว1.2 ม', 6, '', 1, 24, 4, 2, 7, 1, '2023-02-01 09:09:09', NULL, NULL),
(93, 1, 4, NULL, 'ST-04-0007', 'ถุงขยะ(สีดำ) ขนาด 18\"x20\"', 35, '', 1, 100, 2, 5, 7, 1, '2023-02-01 09:09:09', NULL, NULL),
(94, 1, 4, NULL, 'ST-04-0008', 'ถุงขยะ(สีดำ) ขนาด 22\"x30\"', 35, '', 1, 100, 5, 5, 7, 1, '2023-02-01 09:09:09', NULL, NULL),
(95, 1, 4, NULL, 'ST-04-0009', 'ถุงขยะ(สีดำ) ขนาด 28\"x36\"', 35, '', 1, 100, 14, 5, 7, 1, '2023-02-01 09:09:09', NULL, NULL),
(96, 1, 4, NULL, 'ST-04-0010', 'เอี๊ยมพลาสติก(สีฟ้า)', 17, '', 1, 50, 7, 5, 7, 1, '2023-02-01 09:09:09', NULL, NULL),
(97, 1, 4, NULL, 'ST-04-0011', 'ถุงมือผ้าสีขาว', 34, '', 1, 50, 95, 24, 7, 1, '2023-02-01 09:09:09', NULL, NULL),
(98, 1, 4, NULL, 'ST-04-0012', 'ถุงมือยางสีส้ม', 34, '', 1, 96, 19, 10, 7, 1, '2023-02-01 09:09:09', NULL, NULL),
(99, 1, 4, NULL, 'ST-04-0013', 'ฟิล์มยืด 15 ไมครอน (6 ม้วน/ลัง)', 33, '', 1, 50, 10, 5, 7, 1, '2023-02-01 09:09:09', NULL, NULL),
(100, 1, 4, NULL, 'ST-04-0014', 'ซีลล็อคตู้ สีฟ้า โลโก้ JWD Cold Chain', 11, '', 1, 5, 2, 1, 30, 1, '2023-02-01 09:09:09', NULL, NULL),
(101, 1, 4, NULL, 'ST-04-0015', 'เครื่องพ่นแอลกอฮอล์', 7, '', 1, 2, 1, 1, 7, 1, '2023-02-01 09:09:09', NULL, NULL),
(102, 1, 4, NULL, 'ST-04-0016', 'เครื่องจ่ายสบู่เหลว', 7, '', 1, 2, 1, 1, 7, 1, '2023-02-01 09:09:09', NULL, NULL),
(103, 1, 4, NULL, 'ST-04-0017', 'ที่โกยขยะ', 6, '', 1, 10, 1, 2, 7, 1, '2023-02-01 09:09:09', NULL, NULL),
(104, 1, 4, NULL, 'ST-04-0018', 'ถ่าน ขนาด AA (แพค4ก้อน)', 13, '', 1, 30, 3, 2, 7, 1, '2023-02-01 09:09:09', NULL, NULL),
(105, 1, 4, NULL, 'ST-04-0019', 'ถ่าน ขนาด AAA (แพค4ก้อน)', 13, '', 1, 30, 3, 2, 7, 1, '2023-02-01 09:09:09', NULL, NULL),
(106, 1, 4, NULL, 'ST-04-0020', 'ถ่าน ขนาด D', 13, '', 1, 30, 3, 2, 7, 1, '2023-02-01 09:09:09', NULL, NULL),
(107, 1, 4, NULL, 'ST-04-0021', 'ถ่าน ขนาด 1.5V - C', 13, '', 1, 40, 5, 2, 7, 1, '2023-02-01 09:09:09', NULL, NULL),
(108, 1, 4, NULL, 'ST-04-0022', 'ถ่าน ขนาด 9V', 13, '', 1, 10, 1, 2, 7, 1, '2023-02-01 09:09:09', NULL, NULL),
(109, 1, 4, NULL, 'ST-04-0023', 'ถ่านกระดุมลิเธี่ยม CR-2032', 13, '', 1, 20, 1, 2, 7, 1, '2023-02-01 09:09:09', NULL, NULL),
(110, 1, 4, NULL, 'ST-04-0024', 'เชือกขาวแดง', 14, '', 1, 50, 5, 10, 7, 1, '2023-02-01 09:09:09', NULL, NULL),
(111, 1, 4, NULL, 'ST-04-0025', 'กระดาษทิชชู่ (ม้วนเล็ก)', 11, '', 1, 5, 1, 1, 7, 1, '2023-02-01 09:09:09', NULL, NULL),
(112, 1, 4, NULL, 'ST-04-0026', 'กระดาษทิชชู่ (ม้วนใหญ่)', 11, '', 1, 10, 2, 1, 7, 1, '2023-02-01 09:09:09', NULL, NULL),
(113, 1, 4, NULL, 'ST-04-0027', 'กระดาษทิชชู่แบบดึง', 35, '', 1, 48, 8, 5, 7, 1, '2023-02-01 09:09:09', NULL, NULL),
(114, 1, 4, NULL, 'ST-04-0028', 'ทิชชู่ม้วน CELLOX 3ชั้น', 14, '', 1, 24, 6, 5, 7, 1, '2023-02-01 09:09:09', NULL, NULL),
(115, 1, 4, NULL, 'ST-04-0029', 'กล่องเก็บเอกสาร หนา 3ชั้น ขนาด 320x390x310mm (KA125/CA125/CA125)', 12, '', 1, 500, 50, 20, 20, 1, '2023-02-01 09:09:09', NULL, NULL),
(116, 1, 4, NULL, 'ST-04-0030', 'แปรงขัดพื้นด้ามยาว', 6, '', 1, 12, 1, 2, 7, 1, '2023-02-01 09:09:09', NULL, NULL),
(117, 1, 4, NULL, 'ST-04-0031', 'ผ้าพันพาเลท', 17, '', 1, 5000, 1000, 300, 30, 1, '2023-02-01 09:09:09', NULL, NULL),
(118, 1, 4, NULL, 'ST-04-0032', 'กุญแจคอยาว 32mm', 7, '', 1, 10, 3, 1, 7, 1, '2023-02-01 09:09:09', NULL, NULL),
(119, 1, 4, NULL, 'ST-04-0033', 'สายรัดสินค้า ขนาด 1\" X 6 เมตร PP  สีเทา ทำห่วง 1 ด้าน', 16, '', 1, 3000, 200, 100, 30, 1, '2023-02-01 09:09:09', NULL, NULL),
(120, 1, 4, NULL, 'ST-04-0034', 'ไม้กวาดพลาสติก', 6, '', 1, 20, 1, 2, 7, 1, '2023-02-01 09:09:09', NULL, NULL),
(121, 1, 4, NULL, 'ST-05-0001', 'หลอด UVC T8 18W', 39, '', 1, 10, 3, 1, 7, 1, '2023-02-01 09:09:09', NULL, NULL),
(122, 4, 9, NULL, 'CH-02-0002', 'โซดาไฟ', 31, NULL, 1, 20, 1, NULL, 10, 1, '2023-03-23 09:09:09', NULL, NULL),
(123, 4, 9, NULL, 'FA-04-0001', 'ชุดหมีกันหนาว(400g)  Size : M  ปักตัวเลขสีเหลืองทองสูง 2 \\\"', 7, NULL, 1, 5, 1, NULL, 10, 1, '2023-03-23 09:09:09', NULL, NULL),
(124, 4, 9, NULL, 'FA-04-0002', 'ชุดหมีกันหนาว(400g)  Size : L ปักตัวเลขสีเหลืองทองสูง 2 \\\"', 7, NULL, 1, 5, 1, NULL, 10, 1, '2023-03-23 09:09:09', NULL, NULL),
(125, 4, 9, NULL, 'FA-04-0003', 'ชุดหมีกันหนาว(400g)  Size : XL ปักตัวเลขสีเหลืองทองสูง 2 \\\"', 7, NULL, 1, 5, 1, NULL, 10, 1, '2023-03-23 09:09:09', NULL, NULL),
(126, 4, 9, NULL, 'FA-04-0006', 'เสื้อกันหนาว รุ่น VISITOR JACKET-I ใย 300g ( สีน้ำเงินแถบสีเหลือง ปักโลโก้ JWD สีเหลือง) Size: L', 7, NULL, 1, 5, 1, NULL, 10, 1, '2023-03-23 09:09:09', NULL, NULL),
(127, 4, 5, NULL, 'FA-04-0007', 'เน็ทคลุมผม (กระดาษ)', 31, NULL, 1, 3, 1, NULL, 10, 1, '2023-03-23 09:09:09', NULL, NULL),
(128, 4, 9, NULL, 'FA-05-0001', 'รองเท้าบูทเซฟตี้ สีขาว', 34, NULL, 1, 5, 1, NULL, 10, 1, '2023-03-23 09:09:09', NULL, NULL),
(129, 4, 9, NULL, 'FA-07-0001', 'เครื่องจ่ายสบู่เหลวอัตโนมัติ', 40, NULL, 1, 5, 1, NULL, 10, 1, '2023-03-23 09:09:09', NULL, NULL),
(130, 4, 9, NULL, 'FA-07-0002', 'เครื่องจ่ายแอลกอฮอลอัตโนมัติ', 40, NULL, 1, 5, 1, NULL, 10, 1, '2023-03-23 09:09:09', NULL, NULL),
(131, 4, 9, NULL, 'FA-07-0009', 'แก้วน้ำกระดาษ', 41, NULL, 1, 48, 15, NULL, 10, 1, '2023-03-23 09:09:09', NULL, NULL),
(132, 4, 9, NULL, 'FA-08-0033', 'กุญแจคอยาว 32 มม.', 6, NULL, 1, 5, 1, NULL, 10, 1, '2023-03-23 09:09:09', NULL, NULL),
(133, 4, 8, NULL, 'FA-16-0001', 'หมึก EPSON L3210 สีดำ', 11, NULL, 1, 6, 2, NULL, 10, 1, '2023-03-23 09:09:09', NULL, NULL),
(134, 4, 9, NULL, 'HA-02-0003', 'กรรไกรเหล็ก', 6, NULL, 1, 5, 1, NULL, 10, 1, '2023-03-23 09:09:09', NULL, NULL),
(135, 4, 5, NULL, 'OF-03-0005', 'มีด คัตเตอร์', 6, NULL, 1, 3, 1, NULL, 10, 1, '2023-03-23 09:09:09', NULL, NULL),
(136, 4, 5, NULL, 'OF-03-0010', 'กรรไกร ขนาด 8 นิ้ว', 6, NULL, 1, 5, 1, NULL, 10, 1, '2023-03-23 09:09:09', NULL, NULL),
(137, 4, 5, NULL, 'OF-03-0012', 'แฟ้มสันกว้าง A4 สัน 3 นิ้ว', 6, NULL, 1, 5, 1, NULL, 10, 1, '2023-03-23 09:09:09', NULL, NULL),
(138, 4, 5, NULL, 'OF-03-0015', 'พลาสติกเคลือบเอกสาร A4', 11, NULL, 1, 1, 1, NULL, 10, 1, '2023-03-23 09:09:09', NULL, NULL),
(139, 4, 6, NULL, 'OF-10-0001', 'ไม้ม็อบถูพื้น', 6, NULL, 1, 5, 1, NULL, 10, 1, '2023-03-23 09:09:09', NULL, NULL),
(140, 4, 6, NULL, 'OF-10-0003', 'ไม้ม็อบเพดานพร้อมผ้า 12\\\" ด้ามยืด 1.10-2.20 เมตร', 6, NULL, 1, 5, 2, NULL, 10, 1, '2023-03-23 09:09:09', NULL, NULL),
(141, 4, 5, NULL, 'RF-02-0001', 'เทอร์โมมิเตอร์ TESTO', 6, NULL, 1, 3, 1, NULL, 10, 1, '2023-03-23 09:09:09', NULL, NULL),
(142, 4, 5, NULL, 'ST-01-0001', 'TAG BARCODE (สีขาว) ขนาด 7x16cm (250ดวง/ม้วน)', 14, NULL, 1, 50, 30, NULL, 10, 1, '2023-03-23 09:09:09', NULL, NULL),
(143, 4, 5, NULL, 'ST-01-0002', 'TAG BARCODE (สีส้ม) ขนาด 7x16cm (250ดวง/ม้วน)', 14, NULL, 1, 50, 30, NULL, 10, 1, '2023-03-23 09:09:09', NULL, NULL),
(144, 4, 5, NULL, 'ST-01-0003', 'Ribbon ขนาด 89mmx360m', 14, NULL, 1, 30, 6, NULL, 10, 1, '2023-03-23 09:09:09', NULL, NULL),
(145, 4, 6, NULL, 'ST-02-0001', 'ไม้กวาดทางมะพร้าว', 6, NULL, 1, 5, 6, NULL, 10, 1, '2023-03-23 09:09:09', NULL, NULL),
(146, 4, 6, NULL, 'ST-02-0002', 'ไม้รีดน้ำ', 6, NULL, 1, 5, 4, NULL, 10, 1, '2023-03-23 09:09:09', NULL, NULL),
(147, 4, 6, NULL, 'ST-02-0003', 'ไม้ถูพื้น', 6, NULL, 1, 5, 1, NULL, 10, 1, '2023-03-23 09:09:09', NULL, NULL),
(148, 4, 6, NULL, 'ST-02-0004', 'ผ้าถูพื้น 10นิ้ว', 6, NULL, 1, 5, 1, NULL, 10, 1, '2023-03-23 09:09:09', NULL, NULL),
(149, 4, 6, NULL, 'ST-02-0005', 'ไม้กวาดดอกหญ้า', 6, NULL, 1, 5, 1, NULL, 10, 1, '2023-03-23 09:09:09', NULL, NULL),
(150, 4, 6, NULL, 'ST-02-0006', 'ไม้กวาดพลาสติก', 6, NULL, 1, 5, 2, NULL, 10, 1, '2023-03-23 09:09:09', NULL, NULL),
(151, 4, 6, NULL, 'ST-02-0007', 'ที่โกยผง', 6, NULL, 1, 5, 2, NULL, 10, 1, '2023-03-23 09:09:09', NULL, NULL),
(152, 4, 6, NULL, 'ST-02-0009', 'แปรงขัดพื้นด้ามยาว', 6, NULL, 1, 10, 2, NULL, 10, 1, '2023-03-23 09:09:09', NULL, NULL),
(153, 4, 6, NULL, 'ST-02-0010', 'ผ้าวน 10นิ้ว', 17, NULL, 1, 100, 1, NULL, 10, 1, '2023-03-23 09:09:09', NULL, NULL),
(154, 4, 6, NULL, 'ST-02-0011', 'ไม้กวาดหยักไย่', 6, NULL, 1, 5, 1, NULL, 10, 1, '2023-03-23 09:09:09', NULL, NULL),
(155, 4, 9, NULL, 'ST-02-0012', 'ถุงขยะ 28\\\"x36\\\"', 8, NULL, 1, 50, 15, NULL, 10, 1, '2023-03-23 09:09:09', NULL, NULL),
(156, 4, 9, NULL, 'ST-02-0013', 'ถุงมือผ้าสีขาว', 34, NULL, 1, 96, 24, NULL, 10, 1, '2023-03-23 09:09:09', NULL, NULL),
(157, 4, 9, NULL, 'ST-02-0014', 'ถุงมือยางสีส้ม', 34, NULL, 1, 96, 13, NULL, 10, 1, '2023-03-23 09:09:09', NULL, NULL),
(158, 4, 9, NULL, 'ST-02-0015', 'เอี๊ยม', 17, NULL, 1, 20, 1, NULL, 10, 1, '2023-03-23 09:09:09', NULL, NULL),
(159, 4, 9, NULL, 'ST-02-0016', 'ถุงขยะ(สีดำ) ขนาด 18\\\"x20\\\"', 8, NULL, 1, 50, 10, NULL, 10, 1, '2023-03-23 09:09:09', NULL, NULL),
(160, 4, 9, NULL, 'ST-02-0017', 'ถุงขยะ(สีดำ) ขนาด 22\\\"x30\\\"', 8, NULL, 1, 50, 30, NULL, 10, 1, '2023-03-23 09:09:09', NULL, NULL),
(161, 4, 9, NULL, 'ST-02-0018', 'ถ่าน ขนาด 1.5V - C', 13, NULL, 1, 48, 1, NULL, 10, 1, '2023-03-23 09:09:09', NULL, NULL),
(162, 4, 9, NULL, 'ST-02-0020', 'กระดาษทิชชู่ (ม้วนใหญ่)', 14, NULL, 1, 48, 18, NULL, 10, 1, '2023-03-23 09:09:09', NULL, NULL),
(163, 4, 9, NULL, 'ST-02-0021', 'กระดาษทิชชู่แบบดึง', 35, NULL, 1, 48, 18, NULL, 10, 1, '2023-03-23 09:09:09', NULL, NULL),
(164, 4, 5, NULL, 'ST-02-0022', 'ถ่านกระดุมลิเธี่ยม CR-2032 (แพ็ค 1 ก้อน)', 13, NULL, 1, 24, 1, NULL, 10, 1, '2023-03-23 09:09:09', NULL, NULL),
(165, 4, 5, NULL, 'ST-02-0023', 'ถ่าน AAA (แพ็ค 4 ก้อน)', 13, NULL, 1, 24, 1, NULL, 10, 1, '2023-03-23 09:09:09', NULL, NULL),
(166, 4, 6, NULL, 'ST-02-0024', 'อะไหล่ผ้าม็อบดันฝุ่น 30 นิ้ว', 17, NULL, 1, 10, 1, NULL, 10, 1, '2023-03-23 09:09:09', NULL, NULL),
(167, 4, 7, NULL, 'ST-03-0001', 'สบู่เหลวล้างมือแบบไม่มีกลิ่น ขนาด 20ลิตร (แนบCOAพร้อมส่งสินค้า)', 18, NULL, 1, 5, 1, NULL, 10, 1, '2023-03-23 09:09:09', NULL, NULL),
(168, 4, 7, NULL, 'ST-03-0002', 'แอลกอฮอล์70% ขนาด 18ลิตร (แนบCOAพร้อมส่งสินค้า)', 18, NULL, 1, 3, 1, NULL, 10, 1, '2023-03-23 09:09:09', NULL, NULL),
(169, 4, 7, NULL, 'ST-03-0003', 'คลอรีนน้ำ10% ขนาด 20ลิตร (แนบCOAพร้อมส่งสินค้า)', 18, NULL, 1, 5, 3, NULL, 10, 1, '2023-03-23 09:09:09', NULL, NULL),
(170, 4, 7, NULL, 'ST-03-0004', 'ผงซักฟอก ถุงละ 1กก. (แนบCOAพร้อมส่งสินค้า)', 31, NULL, 1, 25, 23, NULL, 10, 1, '2023-03-23 09:09:09', NULL, NULL),
(171, 4, 7, NULL, 'ST-03-0005', 'น้ำยาล้างภาชนะ ขนาด 20ลิตร (แนบCOAพร้อมส่งสินค้า)', 18, NULL, 1, 5, 4, NULL, 10, 1, '2023-03-23 09:09:09', NULL, NULL),
(172, 4, 7, NULL, 'ST-03-0006', 'น้ำยาล้างห้องน้ำ ขนาด 20ลิตร (แนบCOAพร้อมส่งสินค้า)', 18, NULL, 1, 5, 2, NULL, 10, 1, '2023-03-23 09:09:09', NULL, NULL),
(173, 4, 5, NULL, 'ST-04-0001', 'กระดาษ A4 สีขาว 70แกรม', 2, NULL, 1, 15, 7, NULL, 10, 1, '2023-03-23 09:09:09', NULL, NULL),
(174, 4, 5, NULL, 'ST-04-0002', 'กระดาษ A4 สีชมพู 80แกรม', 2, NULL, 1, 15, 2, NULL, 10, 1, '2023-03-23 09:09:09', NULL, NULL),
(175, 4, 5, NULL, 'ST-04-0003', 'กระดาษ A4 สีฟ้า 80แกรม', 2, NULL, 1, 15, 2, NULL, 10, 1, '2023-03-23 09:09:09', NULL, NULL),
(176, 4, 5, NULL, 'ST-04-0004', 'กระดาษต่อเนื่องเคมี (2ชั้น) ขนาด 9\\\"x 5.5\\\"', 11, NULL, 1, 15, 2, NULL, 10, 1, '2023-03-23 09:09:09', NULL, NULL),
(177, 4, 5, NULL, 'ST-04-0006', 'ปากกาMarker สีน้ำเงิน', 1, NULL, 1, 12, 1, NULL, 10, 1, '2023-03-23 09:09:09', NULL, NULL),
(178, 4, 5, NULL, 'ST-04-0007', 'ปากกาMarker สีดำ', 1, NULL, 1, 12, 1, NULL, 10, 1, '2023-03-23 09:09:09', NULL, NULL),
(179, 4, 5, NULL, 'ST-04-0008', 'ปากกาMarker สีแดง', 1, NULL, 1, 12, 1, NULL, 10, 1, '2023-03-23 09:09:09', NULL, NULL),
(180, 4, 5, NULL, 'ST-04-0009', 'ปากกาลูกลื่นสีน้ำเงิน (แบบหมุน)', 1, NULL, 1, 48, 13, NULL, 10, 1, '2023-03-23 09:09:09', NULL, NULL),
(181, 4, 5, NULL, 'ST-04-0010', 'ตลับหมึก EPSON รุ่น LQ-310', 11, NULL, 1, 10, 9, NULL, 10, 1, '2023-03-23 09:09:09', NULL, NULL),
(182, 4, 5, NULL, 'ST-04-0011', 'แฟ้มซองพลาสติก A4', 6, NULL, 1, 5, 1, NULL, 10, 1, '2023-03-23 09:09:09', NULL, NULL),
(183, 4, 5, NULL, 'ST-04-0012', 'สมุดปกแข็ง เล่มใหญ่', 36, NULL, 1, 5, 1, NULL, 10, 1, '2023-03-23 09:09:09', NULL, NULL),
(184, 4, 5, NULL, 'ST-04-0013', 'สมุดปกอ่อน เล่มเล็ก', 36, NULL, 1, 5, 1, NULL, 10, 1, '2023-03-23 09:09:09', NULL, NULL),
(185, 4, 5, NULL, 'ST-04-0014', 'คลิปดำ ขนาด 25 mm.', 11, NULL, 1, 24, 1, NULL, 10, 1, '2023-03-23 09:09:09', NULL, NULL),
(186, 4, 5, NULL, 'ST-04-0015', 'คลิปดำ ขนาด 41 mm.', 11, NULL, 1, 24, 1, NULL, 10, 1, '2023-03-23 09:09:09', NULL, NULL),
(187, 4, 5, NULL, 'ST-04-0016', 'ลวดเสียบ', 11, NULL, 1, 5, 1, NULL, 10, 1, '2023-03-23 09:09:09', NULL, NULL),
(188, 4, 5, NULL, 'ST-04-0017', 'ซองอเนกประสงค์ 11 รู', 35, NULL, 1, 5, 1, NULL, 10, 1, '2023-03-23 09:09:09', NULL, NULL),
(189, 4, 5, NULL, 'ST-04-0018', 'ดินสอ', 1, NULL, 1, 24, 1, NULL, 10, 1, '2023-03-23 09:09:09', NULL, NULL),
(190, 4, 5, NULL, 'ST-04-0019', 'ลูกแม๊ก No.3-1M', 11, NULL, 1, 24, 1, NULL, 10, 1, '2023-03-23 09:09:09', NULL, NULL),
(191, 4, 5, NULL, 'ST-04-0020', 'ลูกแม๊ก No.10-1M', 11, NULL, 1, 24, 1, NULL, 10, 1, '2023-03-23 09:09:09', NULL, NULL),
(192, 4, 5, NULL, 'ST-04-0021', 'กระดาษต่อเนื่องเคมี(โอจิ) (2ชั้น ขาว-เหลือง) ขนาด 9.5\"x11\" (1000ชุด/กล่อง)', 11, NULL, 1, 15, 3, NULL, 10, 1, '2023-03-23 09:09:09', NULL, NULL),
(193, 4, 5, NULL, 'ST-04-0022', 'เทปกาว2หน้า แบบหนา', 14, NULL, 1, 5, 1, NULL, 10, 1, '2023-03-23 09:09:09', NULL, NULL),
(194, 4, 5, NULL, 'ST-04-0023', 'เทปใส 18mm', 14, NULL, 1, 5, 1, NULL, 10, 1, '2023-03-23 09:09:09', NULL, NULL),
(195, 4, 5, NULL, 'ST-04-0024', 'กระดาษต่อเนื่องเคมี(โอจิ) (3 ชั้นขาว-ฟ้า-เหลือง) ขนาด 9 \"x11\" (1000ชุด/กล่อง)', 11, NULL, 1, 15, 3, NULL, 10, 1, '2023-03-23 09:09:09', NULL, NULL),
(196, 4, 5, NULL, 'ST-04-0025', 'กระดาษเทอร์มอล 80*80 มม.', 14, NULL, 1, 100, 1, NULL, 10, 1, '2023-03-23 09:09:09', NULL, NULL),
(197, 4, 9, NULL, 'ST-04-0026', 'ฟิล์มยืด 15 ไมครอน (6 ม้วน/ลัง)', 14, NULL, 1, 12, 1, NULL, 10, 1, '2023-03-23 09:09:09', NULL, NULL),
(198, 4, 5, NULL, 'ST-04-0027', 'เทปใส 48x100 หลา (72ม้วน/ลัง)', 14, NULL, 1, 5, 1, NULL, 10, 1, '2023-03-23 09:09:09', NULL, NULL),
(199, 4, 5, NULL, 'ST-04-0028', 'เทปกาว2หน้า แบบบาง', 14, NULL, 1, 10, 1, NULL, 10, 1, '2023-03-23 09:09:09', NULL, NULL),
(200, 4, 5, NULL, 'ST-04-0029', 'ยางลบ', 13, NULL, 1, 10, 1, NULL, 10, 1, '2023-03-23 09:09:09', NULL, NULL),
(201, 4, 9, NULL, 'ST-04-0030', 'เชือกขาวแดง', 14, NULL, 1, 5, 1, NULL, 10, 1, '2023-03-23 09:09:09', NULL, NULL),
(202, 4, 9, NULL, 'ST-04-0031', 'เทปเหลือง/ดำ', 14, NULL, 1, 3, 1, NULL, 10, 1, '2023-03-23 09:09:09', NULL, NULL),
(203, 4, 5, NULL, 'FA-16-0002', 'หมึก EPSON L3210 สีเหลือง', 11, NULL, 1, 2, 1, NULL, 10, 1, '2023-03-23 09:09:09', NULL, NULL),
(204, 4, 5, NULL, 'FA-16-0003', 'หมึก EPSON L3210 สีชมพู', 11, NULL, 1, 2, 1, NULL, 10, 1, '2023-03-23 09:09:09', NULL, NULL),
(205, 4, 5, NULL, 'FA-16-0004', 'หมึก EPSON L3210 สีฟ้า', 11, NULL, 1, 2, 1, NULL, 10, 1, '2023-03-23 09:09:09', NULL, NULL),
(206, 4, 9, NULL, 'OF-04-0003', 'กล่องใส่กระดาษทิชชู่แบบดึง', 11, NULL, 1, 2, 1, NULL, 10, 1, '2023-03-23 09:09:09', NULL, NULL),
(207, 8, 1, NULL, 'ST-01-0012', 'test', 1, 'test', 1, 1, 1, 1, 1, 1, '2023-04-07 09:15:01', NULL, NULL),
(208, 1, 9, NULL, 'ST-HA-0001', 'ถุงมือยางสีเหลือง (ไนไตร)', 24, NULL, 1, 36, 5, 5, NULL, 1, '2023-04-25 02:41:35', NULL, NULL),
(209, 1, 9, NULL, 'ST-HA-0002', 'ป้าย STL 304 ขนาด 5x15 cm', 6, NULL, 1, 300, NULL, 50, NULL, 1, '2023-04-25 02:42:42', NULL, NULL),
(210, 2, 21, NULL, 'Item No.', 'Item Description', 43, NULL, 1, 0, 0, 10, 0, 1, '2023-05-05 05:05:05', NULL, NULL),
(211, 2, 21, NULL, 'ST-09-0001', 'แฟ้ม 2 ห่วง A4 ตราช้าง', 36, NULL, 1, 0, 0, 10, 0, 1, '2023-05-05 05:05:05', NULL, NULL),
(212, 2, 21, NULL, 'ST-01-0001', 'สบู่เหลวล้างมือแบบไม่มีกลิ่น ขนาด 20ลิตร (แนบCOAพร้อมส่งสินค้า)', 32, NULL, 1, 0, 0, 10, 0, 1, '2023-05-05 05:05:05', NULL, NULL),
(213, 2, 21, NULL, 'ST-01-0002', 'แอลกอฮอล์70% ขนาด 20ลิตร (แนบCOAพร้อมส่งสินค้า)', 32, NULL, 1, 0, 0, 10, 0, 1, '2023-05-05 05:05:05', NULL, NULL),
(214, 2, 21, NULL, 'ST-01-0003', 'คลอรีนน้ำ10% ขนาด 20ลิตร (แนบCOAพร้อมส่งสินค้า)', 32, NULL, 1, 0, 0, 10, 0, 1, '2023-05-05 05:05:05', NULL, NULL),
(215, 2, 21, NULL, 'ST-01-0004', 'ผงซักฟอก ถุงละ 1กก. (แนบCOAพร้อมส่งสินค้า)', 43, NULL, 1, 0, 0, 10, 0, 1, '2023-05-05 05:05:05', NULL, NULL),
(216, 2, 21, NULL, 'ST-01-0005', 'น้ำยาล้างภาชนะ ขนาด 20ลิตร (แนบCOAพร้อมส่งสินค้า)', 32, NULL, 1, 0, 0, 10, 0, 1, '2023-05-05 05:05:05', NULL, NULL),
(217, 2, 21, NULL, 'ST-01-0006', 'น้ำยาล้างห้องน้ำ ขนาด 20ลิตร (แนบCOAพร้อมส่งสินค้า)', 32, NULL, 1, 0, 0, 10, 0, 1, '2023-05-05 05:05:05', NULL, NULL),
(218, 2, 21, NULL, 'ST-01-0007', 'เกลือเม็ด', 43, NULL, 1, 0, 0, 10, 0, 1, '2023-05-05 05:05:05', NULL, NULL),
(219, 2, 21, NULL, 'ST-01-0008', 'น้ำยาทำความสะอาดชนิดต่างผสมสารฆ่าเชื้อ CIP CALGONIT CN373(แนบ COAพร้อมส่ง)', 43, NULL, 1, 0, 0, 10, 0, 1, '2023-05-05 05:05:05', NULL, NULL),
(220, 2, 21, NULL, 'ST-02-0001', 'กระดาษ A3 สีขาว', 2, NULL, 1, 0, 0, 10, 0, 1, '2023-05-05 05:05:05', NULL, NULL),
(221, 2, 21, NULL, 'ST-02-0002', 'กระดาษ A4 สีขาว 70แกรม', 2, NULL, 1, 0, 0, 10, 0, 1, '2023-05-05 05:05:05', NULL, NULL),
(222, 2, 21, NULL, 'ST-02-0003', 'กระดาษ A4 สีชมพู 80แกรม', 43, NULL, 1, 0, 0, 10, 0, 1, '2023-05-05 05:05:05', NULL, NULL),
(223, 2, 21, NULL, 'ST-02-0004', 'กระดาษ A4 สีฟ้า 80แกรม', 2, NULL, 1, 0, 0, 10, 0, 1, '2023-05-05 05:05:05', NULL, NULL),
(224, 2, 21, NULL, 'ST-02-0005', 'กระดาษ A4 สีเขียว 80 แกรม', 2, NULL, 1, 0, 0, 10, 0, 1, '2023-05-05 05:05:05', NULL, NULL),
(225, 2, 21, NULL, 'ST-02-0006', 'กระดาษ F14 สีขาว 80 แกรม', 2, NULL, 1, 0, 0, 10, 0, 1, '2023-05-05 05:05:05', NULL, NULL),
(226, 2, 21, NULL, 'ST-02-0007', 'กระดาษต่อเนื่องเคมี(4ชั้น) ขนาด 9.5\"x11\"(500ชุด/กล่อง)', 2, NULL, 1, 0, 0, 10, 0, 1, '2023-05-05 05:05:05', NULL, NULL),
(227, 2, 21, NULL, 'ST-02-0008', 'กระดาษต่อเนื่องเคมี (2ชั้น) ขนาด 9\"x 5.5\"', 2, NULL, 1, 0, 0, 10, 0, 1, '2023-05-05 05:05:05', NULL, NULL),
(228, 2, 21, NULL, 'ST-02-0009', 'คลิปดำ No.112 19 mm', 43, NULL, 1, 0, 0, 10, 0, 1, '2023-05-05 05:05:05', NULL, NULL),
(229, 2, 21, NULL, 'ST-02-0010', 'คลิปดำ No.113 15 mm', 43, NULL, 1, 0, 0, 10, 0, 1, '2023-05-05 05:05:05', NULL, NULL),
(230, 2, 21, NULL, 'ST-02-0011', 'ปากกา Marker สีน้ำเงิน', 43, NULL, 1, 0, 0, 10, 0, 1, '2023-05-05 05:05:05', NULL, NULL),
(231, 2, 21, NULL, 'ST-02-0012', 'ปากกา Marker สีดำ', 43, NULL, 1, 0, 0, 10, 0, 1, '2023-05-05 05:05:05', NULL, NULL),
(232, 2, 21, NULL, 'ST-02-0013', 'ปากกา Marker สีแดง', 43, NULL, 1, 0, 0, 10, 0, 1, '2023-05-05 05:05:05', NULL, NULL),
(233, 2, 21, NULL, 'ST-02-0014', 'ปากกาเน้นข้อความ สีเหลือง', 11, NULL, 1, 0, 0, 10, 0, 1, '2023-05-05 05:05:05', NULL, NULL),
(234, 2, 21, NULL, 'ST-02-0015', 'ปากกาเน้นข้อความ สีชมพู', 43, NULL, 1, 0, 0, 10, 0, 1, '2023-05-05 05:05:05', NULL, NULL),
(235, 2, 21, NULL, 'ST-02-0016', 'ปากกาเน้นข้อความ สีฟ้า', 14, NULL, 1, 0, 0, 10, 0, 1, '2023-05-05 05:05:05', NULL, NULL),
(236, 2, 21, NULL, 'ST-02-0017', 'ปากกาเน้นข้อความ สีส้ม', 5, NULL, 1, 0, 0, 10, 0, 1, '2023-05-05 05:05:05', NULL, NULL),
(237, 2, 21, NULL, 'ST-02-0018', 'ปากกาเน้นข้อความ สีเขียว', 5, NULL, 1, 0, 0, 10, 0, 1, '2023-05-05 05:05:05', NULL, NULL),
(238, 2, 21, NULL, 'ST-02-0019', 'ปากกาไวท์บอร์ด สีน้ำเงิน', 5, NULL, 1, 0, 0, 10, 0, 1, '2023-05-05 05:05:05', NULL, NULL),
(239, 2, 21, NULL, 'ST-02-0020', 'ปากกาไวท์บอร์ด สีดำ', 43, NULL, 1, 0, 0, 10, 0, 1, '2023-05-05 05:05:05', NULL, NULL),
(240, 2, 21, NULL, 'ST-02-0021', 'ปากกาไวท์บอร์ด สีแดง', 43, NULL, 1, 0, 0, 10, 0, 1, '2023-05-05 05:05:05', NULL, NULL),
(241, 2, 21, NULL, 'ST-02-0022', 'ปากกาลูกลื่นสีน้ำเงิน (แบบหมุน)', 43, NULL, 1, 0, 0, 10, 0, 1, '2023-05-05 05:05:05', NULL, NULL),
(242, 2, 21, NULL, 'ST-02-0023', 'ปากกาลูกลื่นสีแดง (แบบหมุน)', 43, NULL, 1, 0, 0, 10, 0, 1, '2023-05-05 05:05:05', NULL, NULL),
(243, 2, 21, NULL, 'ST-02-0024', 'ตลับหมึกดอทฯ โคแมกซ์ OKI 790', 43, NULL, 1, 0, 0, 10, 0, 1, '2023-05-05 05:05:05', NULL, NULL),
(244, 2, 21, NULL, 'ST-02-0025', 'ตลับหมึก EPSON รุ่น LQ-310', 43, NULL, 1, 0, 0, 10, 0, 1, '2023-05-05 05:05:05', NULL, NULL),
(245, 2, 21, NULL, 'ST-02-0026', 'หมึก INK UNICORN BK 230 ML', 5, NULL, 1, 0, 0, 10, 0, 1, '2023-05-05 05:05:05', NULL, NULL),
(246, 2, 21, NULL, 'ST-02-0027', 'ซองจดหมาย เบอร์ 9 ขนาด 100 แกรม', 43, NULL, 1, 0, 0, 10, 0, 1, '2023-05-05 05:05:05', NULL, NULL),
(247, 2, 21, NULL, 'ST-02-0028', 'เทปโฟม 3 M', 5, NULL, 1, 0, 0, 10, 0, 1, '2023-05-05 05:05:05', NULL, NULL),
(248, 2, 21, NULL, 'ST-02-0029', 'Ribbon ขนาด 76*360 ml. F/I', 5, NULL, 1, 0, 0, 10, 0, 1, '2023-05-05 05:05:05', NULL, NULL),
(249, 2, 21, NULL, 'ST-02-0030', 'แฟ้มซองพลาสติก A4', 43, NULL, 1, 0, 0, 10, 0, 1, '2023-05-05 05:05:05', NULL, NULL),
(250, 2, 21, NULL, 'ST-02-0031', 'ลิ้นแฟ้ม', 20, NULL, 1, 0, 0, 10, 0, 1, '2023-05-05 05:05:05', NULL, NULL),
(251, 2, 21, NULL, 'ST-02-0032', 'เทปกาว 2 หน้า แบบบาง', 43, NULL, 1, 0, 0, 10, 0, 1, '2023-05-05 05:05:05', NULL, NULL),
(252, 2, 21, NULL, 'ST-02-0033', 'เทปกาว 2 หน้า แบบหนา', 43, NULL, 1, 0, 0, 10, 0, 1, '2023-05-05 05:05:05', NULL, NULL),
(253, 2, 21, NULL, 'ST-02-0034', 'เทปใส แกน 1\" 3/4 x 36 หลา', 43, NULL, 1, 0, 0, 10, 0, 1, '2023-05-05 05:05:05', NULL, NULL),
(254, 2, 21, NULL, 'ST-02-0035', 'เทปใส แกน 3\" 0.5\" x 72 หลา', 14, NULL, 1, 0, 0, 10, 0, 1, '2023-05-05 05:05:05', NULL, NULL),
(255, 2, 21, NULL, 'ST-02-0036', 'เทปใส ขนาด 2\" x 1000 หลา', 43, NULL, 1, 0, 0, 10, 0, 1, '2023-05-05 05:05:05', NULL, NULL),
(256, 2, 21, NULL, 'ST-02-0037', 'กาวแท่ง', 43, NULL, 1, 0, 0, 10, 0, 1, '2023-05-05 05:05:05', NULL, NULL),
(257, 2, 21, NULL, 'ST-02-0038', 'สมุดปกแข็ง เล่มใหญ่', 43, NULL, 1, 0, 0, 10, 0, 1, '2023-05-05 05:05:05', NULL, NULL),
(258, 2, 21, NULL, 'ST-02-0039', 'สมุดปกอ่อน เล่มเล็ก', 43, NULL, 1, 0, 0, 10, 0, 1, '2023-05-05 05:05:05', NULL, NULL),
(259, 2, 21, NULL, 'ST-02-0040', 'คลิปดำ NO.111 25mm', 14, NULL, 1, 0, 0, 10, 0, 1, '2023-05-05 05:05:05', NULL, NULL),
(260, 2, 21, NULL, 'ST-02-0041', 'คลิปดำ NO.110 25mm', 43, NULL, 1, 0, 0, 10, 0, 1, '2023-05-05 05:05:05', NULL, NULL),
(261, 2, 21, NULL, 'ST-02-0042', 'ลวดเสียบ', 43, NULL, 1, 0, 0, 10, 0, 1, '2023-05-05 05:05:05', NULL, NULL),
(262, 2, 21, NULL, 'ST-02-0043', 'ซองเอนกประสงค์ 11 รู', 43, NULL, 1, 0, 0, 10, 0, 1, '2023-05-05 05:05:05', NULL, NULL),
(263, 2, 21, NULL, 'ST-02-0044', 'ดินสอ', 43, NULL, 1, 0, 0, 10, 0, 1, '2023-05-05 05:05:05', NULL, NULL),
(264, 2, 21, NULL, 'ST-02-0045', 'ยางลบ', 43, NULL, 1, 0, 0, 10, 0, 1, '2023-05-05 05:05:05', NULL, NULL),
(265, 2, 21, NULL, 'ST-02-0046', 'ลูกแม๊ก No.3-1M', 43, NULL, 1, 0, 0, 10, 0, 1, '2023-05-05 05:05:05', NULL, NULL),
(266, 2, 21, NULL, 'ST-02-0047', 'ลูกแม๊ก No.10-1M', 43, NULL, 1, 0, 0, 10, 0, 1, '2023-05-05 05:05:05', NULL, NULL),
(267, 2, 21, NULL, 'ST-02-0048', 'กระดาษ A4 สีม่วง 80 แกรม', 11, NULL, 1, 0, 0, 10, 0, 1, '2023-05-05 05:05:05', NULL, NULL),
(268, 2, 21, NULL, 'ST-02-0049', 'กระดาษการ์ด A4 สีฟ้า 120 แกรม', 43, NULL, 1, 0, 0, 10, 0, 1, '2023-05-05 05:05:05', NULL, NULL),
(269, 2, 21, NULL, 'ST-02-0050', 'ซองจดหมายสีน้ำตาล ขนาด BA', 1, NULL, 1, 0, 0, 10, 0, 1, '2023-05-05 05:05:05', NULL, NULL),
(270, 2, 21, NULL, 'ST-02-0051', 'กระดาษเทอร์มอล 80*80 มม.', 13, NULL, 1, 0, 0, 10, 0, 1, '2023-05-05 05:05:05', NULL, NULL),
(271, 2, 21, NULL, 'ST-02-0052', 'ลูกแม๊ก No.3-1M', 11, NULL, 1, 0, 0, 10, 0, 1, '2023-05-05 05:05:05', NULL, NULL),
(272, 2, 21, NULL, 'ST-02-0053', 'ลูกแม๊ก No.10-1M', 11, NULL, 1, 0, 0, 10, 0, 1, '2023-05-05 05:05:05', NULL, NULL),
(273, 2, 21, NULL, 'ST-02-0054', 'หมึก HP Laser Jet M102A (CF217A)', 43, NULL, 1, 0, 0, 10, 0, 1, '2023-05-05 05:05:05', NULL, NULL),
(274, 2, 21, NULL, 'ST-02-0055', 'หมึก HP Color Pro M251 CF210A BK', 43, NULL, 1, 0, 0, 10, 0, 1, '2023-05-05 05:05:05', NULL, NULL),
(275, 2, 21, NULL, 'ST-02-0056', 'หมึก HP Color Pro M251 CF211A C', 43, NULL, 1, 0, 0, 10, 0, 1, '2023-05-05 05:05:05', NULL, NULL),
(276, 2, 21, NULL, 'ST-02-0057', 'หมึก HP Color Pro M251 CF212A Y', 43, NULL, 1, 0, 0, 10, 0, 1, '2023-05-05 05:05:05', NULL, NULL),
(277, 2, 21, NULL, 'ST-02-0058', 'หมึก HP Color Pro M251 CF213A M', 43, NULL, 1, 0, 0, 10, 0, 1, '2023-05-05 05:05:05', NULL, NULL),
(278, 2, 21, NULL, 'ST-02-0059', 'สติ๊กเกอร์ ติด TAG ขนาด A-7', 43, NULL, 1, 0, 0, 10, 0, 1, '2023-05-05 05:05:05', NULL, NULL),
(279, 2, 21, NULL, 'ST-02-0060', 'ตลับหมึก HP LJ Pro M15 เทียบเท่า CF248A', 43, NULL, 1, 0, 0, 10, 0, 1, '2023-05-05 05:05:05', NULL, NULL),
(280, 2, 21, NULL, 'ST-02-0061', 'ตลับหมึก HP LJ Pro M402n เทียบเท่า CF266A', 43, NULL, 1, 0, 0, 10, 0, 1, '2023-05-05 05:05:05', NULL, NULL),
(281, 2, 21, NULL, 'ST-02-0062', 'ตลับดรั้ม HP LJ Pro M102A เทียบเท่า', 43, NULL, 1, 0, 0, 10, 0, 1, '2023-05-05 05:05:05', NULL, NULL),
(282, 2, 21, NULL, 'ST-02-0063', 'กระดาษ A4 สีม่วงอ่อน', 43, NULL, 1, 0, 0, 10, 0, 1, '2023-05-05 05:05:05', NULL, NULL),
(283, 2, 21, NULL, 'ST-02-0064', 'เทปใส 48 * 100 หลา', 43, NULL, 1, 0, 0, 10, 0, 1, '2023-05-05 05:05:05', NULL, NULL),
(284, 2, 21, NULL, 'ST-03-0001', 'TAG MANUAL (1,500ใบ/กล่อง)', 43, NULL, 1, 0, 0, 10, 0, 1, '2023-05-05 05:05:05', NULL, NULL),
(285, 2, 21, NULL, 'ST-03-0002', 'TAG BARCODE (สีขาว) ขนาด 7x10cm (2000ดวง/ม้วน)', 43, NULL, 1, 0, 0, 10, 0, 1, '2023-05-05 05:05:05', NULL, NULL),
(286, 2, 21, NULL, 'ST-03-0003', 'ใบ LOADING OUT', 43, NULL, 1, 0, 0, 10, 0, 1, '2023-05-05 05:05:05', NULL, NULL),
(287, 2, 21, NULL, 'ST-03-0004', 'ใบเบิกสินค้า(เคมี 2ชั้น) ขนาด 9.5\"x11\" (1,000ชุด/กล่อง)', 43, NULL, 1, 0, 0, 10, 0, 1, '2023-05-05 05:05:05', NULL, NULL),
(288, 2, 21, NULL, 'ST-03-0005', 'ใบเบิกสินค้า(เคมี 2ชั้น) ขนาด 9.5\"x11\" (1,000ชุด/กล่อง)', 43, NULL, 1, 0, 0, 10, 0, 1, '2023-05-05 05:05:05', NULL, NULL),
(289, 2, 21, NULL, 'ST-03-0006', 'สลิปเงินเดือนคาร์บอน', 43, NULL, 1, 0, 0, 10, 0, 1, '2023-05-05 05:05:05', NULL, NULL),
(290, 2, 21, NULL, 'ST-03-0007', 'กระดาษหัวจดหมาย A 4(ขนาด 80 แกรม) พิมพ์โลโก้', 43, NULL, 1, 0, 0, 10, 0, 1, '2023-05-05 05:05:05', NULL, NULL),
(291, 2, 21, NULL, 'ST-03-0008', 'ซองจดหมาย#9(สีขาว) ขนาด 108x235mm.(100 แกรม) พิมพ์โลโก้', 43, NULL, 1, 0, 0, 10, 0, 1, '2023-05-05 05:05:05', NULL, NULL),
(292, 2, 21, NULL, 'ST-03-0009', 'ซองเอกสาร(สีขาว) ขนาด 355.6x254mm.(100 แกรม) พิมพ์โลโก้', 11, NULL, 1, 0, 0, 10, 0, 1, '2023-05-05 05:05:05', NULL, NULL),
(293, 2, 21, NULL, 'ST-03-0010', 'TAG BARCODE (สีขาว) ขนาด 7x16cm (500ดวง/ม้วน)', 43, NULL, 1, 0, 0, 10, 0, 1, '2023-05-05 05:05:05', NULL, NULL),
(294, 2, 21, NULL, 'ST-03-0014', 'TAG BARCODE (สีเขียว) ขนาด 7x16cm (500ดวง/ม้วน)', 43, NULL, 1, 0, 0, 10, 0, 1, '2023-05-05 05:05:05', NULL, NULL),
(295, 2, 21, NULL, 'ST-04-0001', 'ผ้าวน(คละสี) ขนาด 10\"x10\"', 17, NULL, 1, 0, 0, 10, 0, 1, '2023-05-05 05:05:05', NULL, NULL),
(296, 2, 21, NULL, 'ST-04-0002', 'ไม้กวาดดอกหญ้า', 43, NULL, 1, 0, 0, 10, 0, 1, '2023-05-05 05:05:05', NULL, NULL),
(297, 2, 21, NULL, 'ST-04-0003', 'ไม้กวาดทางมะพร้าว', 43, NULL, 1, 0, 0, 10, 0, 1, '2023-05-05 05:05:05', NULL, NULL),
(298, 2, 21, NULL, 'ST-04-0004', 'ไม้ถูพื้น ขนาด 10\"', 43, NULL, 1, 0, 0, 10, 0, 1, '2023-05-05 05:05:05', NULL, NULL),
(299, 2, 21, NULL, 'ST-04-0005', 'ผ้าถูพื้น ขนาด 10\"', 43, NULL, 1, 0, 0, 10, 0, 1, '2023-05-05 05:05:05', NULL, NULL),
(300, 2, 21, NULL, 'ST-04-0006', 'ไม้รีดน้ำ ขนาด 24 \" ยาว1.2 ม', 43, NULL, 1, 0, 0, 10, 0, 1, '2023-05-05 05:05:05', NULL, NULL),
(301, 2, 21, NULL, 'ST-04-0007', 'ถุงขยะ(สีดำ) ขนาด 18\"x20\"', 35, NULL, 1, 0, 0, 10, 0, 1, '2023-05-05 05:05:05', NULL, NULL),
(302, 2, 21, NULL, 'ST-04-0008', 'ถุงขยะ(สีชา) ขนาด 36\"x45\"', 43, NULL, 1, 0, 0, 10, 0, 1, '2023-05-05 05:05:05', NULL, NULL),
(303, 2, 21, NULL, 'ST-04-0009', 'ถุงขยะ(สีดำ) ขนาด 28\"x36\"', 43, NULL, 1, 0, 0, 10, 0, 1, '2023-05-05 05:05:05', NULL, NULL),
(304, 2, 21, NULL, 'ST-04-0010', 'เอี๊ยมพลาสติก(สีฟ้า)', 7, NULL, 1, 0, 0, 10, 0, 1, '2023-05-05 05:05:05', NULL, NULL),
(305, 2, 21, NULL, 'ST-04-0011', 'ถุงมือผ้าสีขาว', 34, NULL, 1, 0, 0, 10, 0, 1, '2023-05-05 05:05:05', NULL, NULL),
(306, 2, 21, NULL, 'ST-04-0012', 'ถุงมือยางสีส้ม', 43, NULL, 1, 0, 0, 10, 0, 1, '2023-05-05 05:05:05', NULL, NULL),
(307, 2, 21, NULL, 'ST-04-0013', 'ฟิล์มยืด 15 ไมครอน (6 ม้วน/ลัง)', 14, NULL, 1, 0, 0, 10, 0, 1, '2023-05-05 05:05:05', NULL, NULL),
(308, 2, 21, NULL, 'ST-04-0014', 'ซีลล็อคตู้ สีเหลือง โลโก้ JWD Cold Chain', 6, NULL, 1, 0, 0, 10, 0, 1, '2023-05-05 05:05:05', NULL, NULL),
(309, 2, 21, NULL, 'ST-04-0015', 'เครื่องพ่นแอลกอฮอล์', 43, NULL, 1, 0, 0, 10, 0, 1, '2023-05-05 05:05:05', NULL, NULL),
(310, 2, 21, NULL, 'ST-04-0016', 'เครื่องจ่ายสบู่เหลว', 43, NULL, 1, 0, 0, 10, 0, 1, '2023-05-05 05:05:05', NULL, NULL),
(311, 2, 21, NULL, 'ST-04-0017', 'ที่ตักขยะพลาสติก', 43, NULL, 1, 0, 0, 10, 0, 1, '2023-05-05 05:05:05', NULL, NULL),
(312, 2, 21, NULL, 'ST-04-0018', 'ถ่าน ขนาด AA (แพค4ก้อน)', 13, NULL, 1, 0, 0, 10, 0, 1, '2023-05-05 05:05:05', NULL, NULL),
(313, 2, 21, NULL, 'ST-04-0019', 'ถ่าน ขนาด AAA (แพค4ก้อน)', 13, NULL, 1, 0, 0, 10, 0, 1, '2023-05-05 05:05:05', NULL, NULL),
(314, 2, 21, NULL, 'ST-04-0020', 'ถ่าน ขนาด D', 43, NULL, 1, 0, 0, 10, 0, 1, '2023-05-05 05:05:05', NULL, NULL),
(315, 2, 21, NULL, 'ST-04-0021', 'ถ่าน ขนาด 1.5V - C', 13, NULL, 1, 0, 0, 10, 0, 1, '2023-05-05 05:05:05', NULL, NULL),
(316, 2, 21, NULL, 'ST-04-0022', 'ถ่าน ขนาด 9V', 43, NULL, 1, 0, 0, 10, 0, 1, '2023-05-05 05:05:05', NULL, NULL),
(317, 2, 21, NULL, 'ST-04-0023', 'ถ่านกระดุมลิเธี่ยม CR-2025', 13, NULL, 1, 0, 0, 10, 0, 1, '2023-05-05 05:05:05', NULL, NULL),
(318, 2, 21, NULL, 'ST-04-0024', 'เชือกขาวแดง', 43, NULL, 1, 0, 0, 10, 0, 1, '2023-05-05 05:05:05', NULL, NULL),
(319, 2, 21, NULL, 'ST-04-0025', 'กระดาษทิชชู่ (ม้วนเล็ก)', 43, NULL, 1, 0, 0, 10, 0, 1, '2023-05-05 05:05:05', NULL, NULL),
(320, 2, 21, NULL, 'ST-04-0026', 'กระดาษทิชชู่ (ม้วนใหญ่)', 14, NULL, 1, 0, 0, 10, 0, 1, '2023-05-05 05:05:05', NULL, NULL),
(321, 2, 21, NULL, 'ST-04-0027', 'กระดาษทิชชู่แบบดึง', 43, NULL, 1, 0, 0, 10, 0, 1, '2023-05-05 05:05:05', NULL, NULL),
(322, 2, 21, NULL, 'ST-04-0028', 'ถุง LLDPE 1.2 *1.2*1.5 M หนา 0.06 mm', 43, NULL, 1, 0, 0, 10, 0, 1, '2023-05-05 05:05:05', NULL, NULL),
(323, 2, 21, NULL, 'ST-04-0029', 'ถุงมือยางไนไตร', 43, NULL, 1, 0, 0, 10, 0, 1, '2023-05-05 05:05:05', NULL, NULL),
(324, 2, 21, NULL, 'ST-04-0030', 'ถุงขยะสีดำ ขนาด 36\"x45\"', 43, NULL, 1, 0, 0, 10, 0, 1, '2023-05-05 05:05:05', NULL, NULL),
(325, 2, 21, NULL, 'ST-04-0031', 'ถุงขยะสีดำ ขนาด 30\"x40\"', 35, NULL, 1, 0, 0, 10, 0, 1, '2023-05-05 05:05:05', NULL, NULL),
(326, 2, 21, NULL, 'ST-04-0032', 'ถุงมือสตองแมน สีเนื้อ ยาว 16\" หนา 40 mm.', 43, NULL, 1, 0, 0, 10, 0, 1, '2023-05-05 05:05:05', NULL, NULL),
(327, 2, 21, NULL, 'ST-04-0033', 'สายรัดสินค้า ขนาด 1\" X 6 เมตร PP สีเทา ทำห่วง 1 ด้าน', 43, NULL, 1, 0, 0, 10, 0, 1, '2023-05-05 05:05:05', NULL, NULL),
(328, 2, 21, NULL, 'ST-04-0034', 'ไม้กวาดพลาสติก', 43, NULL, 1, 0, 0, 10, 0, 1, '2023-05-05 05:05:05', NULL, NULL),
(329, 2, 21, NULL, 'ST-05-0001', 'หลอด UVC T8 18W', 43, NULL, 1, 0, 0, 10, 0, 1, '2023-05-05 05:05:05', NULL, NULL),
(330, 2, 21, NULL, 'ST-02-0050', 'ซองจดหมายสีน้ำตาล ขนาด BA', 37, NULL, 1, 0, 0, 10, 0, 1, '2023-05-05 05:05:05', NULL, NULL);

-- --------------------------------------------------------

--
-- Table structure for table `tb_office_supplies_photo`
--

CREATE TABLE `tb_office_supplies_photo` (
  `id_photo` int NOT NULL,
  `sort_photo` int DEFAULT NULL COMMENT 'ลำดับรูป',
  `ref_id_offsupp` int NOT NULL,
  `photo_name` varchar(80) CHARACTER SET utf8mb3 COLLATE utf8mb3_unicode_ci NOT NULL
) ENGINE=InnoDB DEFAULT CHARSET=utf8mb3 COLLATE=utf8mb3_unicode_ci COMMENT='ตารางเก็บรูปภาพวัสดุอุปกรณ์';

--
-- Dumping data for table `tb_office_supplies_photo`
--

INSERT INTO `tb_office_supplies_photo` (`id_photo`, `sort_photo`, `ref_id_offsupp`, `photo_name`) VALUES
(1, 0, 121, 'ST-05-0001.jpg'),
(2, 0, 120, 'ST-04-0034.jpeg'),
(3, 0, 118, 'ST-04-0032.jpeg'),
(4, 0, 116, 'ST-04-0030.jpg'),
(5, 0, 109, 'ST-04-0023.jpg'),
(6, 0, 108, 'ST-04-0022.jpg'),
(7, 0, 103, 'ST-04-0017.jfif'),
(8, 0, 99, 'ST-04-0013.jpg'),
(9, 0, 1, 'ST-01-0001.jpg');

-- --------------------------------------------------------

--
-- Table structure for table `tb_offsupp_location`
--

CREATE TABLE `tb_offsupp_location` (
  `id_offsupp_location` int NOT NULL,
  `ref_id_offsupp` int NOT NULL COMMENT 'อ้างอิงไอดี id_offsupp_master',
  `ref_id_location` int NOT NULL COMMENT 'อ้างอิงไอดีไซต์งาน',
  `total_balance` int NOT NULL,
  `status_use_offsupp` int NOT NULL COMMENT '1-ใช้งาน/2-ยกเลิก',
  `ref_id_user_add` int NOT NULL,
  `ref_adddate` datetime NOT NULL
) ENGINE=InnoDB DEFAULT CHARSET=utf8mb3 COLLATE=utf8mb3_unicode_ci COMMENT='ตารางวัสดุอุปกรณ์ของแต่ละไซต์งาน';

--
-- Dumping data for table `tb_offsupp_location`
--

INSERT INTO `tb_offsupp_location` (`id_offsupp_location`, `ref_id_offsupp`, `ref_id_location`, `total_balance`, `status_use_offsupp`, `ref_id_user_add`, `ref_adddate`) VALUES
(1, 1, 1, 0, 1, 1, '2023-02-01 10:10:10'),
(2, 2, 1, 0, 1, 1, '2023-02-01 10:10:10'),
(3, 3, 1, 0, 1, 1, '2023-02-01 10:10:10'),
(4, 4, 1, 0, 1, 1, '2023-02-01 10:10:10'),
(5, 5, 1, 0, 1, 1, '2023-02-01 10:10:10'),
(6, 6, 1, 0, 1, 1, '2023-02-01 10:10:10'),
(7, 7, 1, 0, 1, 1, '2023-02-01 10:10:10'),
(8, 8, 1, 0, 1, 1, '2023-02-01 10:10:10'),
(9, 9, 1, 0, 1, 1, '2023-02-01 10:10:10'),
(10, 10, 1, 0, 1, 1, '2023-02-01 10:10:10'),
(11, 11, 1, 0, 1, 1, '2023-02-01 10:10:10'),
(12, 12, 1, 0, 1, 1, '2023-02-01 10:10:10'),
(13, 13, 1, 0, 1, 1, '2023-02-01 10:10:10'),
(14, 14, 1, 0, 1, 1, '2023-02-01 10:10:10'),
(15, 15, 1, 0, 1, 1, '2023-02-01 10:10:10'),
(16, 16, 1, 0, 1, 1, '2023-02-01 10:10:10'),
(17, 17, 1, 0, 1, 1, '2023-02-01 10:10:10'),
(18, 18, 1, 0, 1, 1, '2023-02-01 10:10:10'),
(19, 19, 1, 0, 1, 1, '2023-02-01 10:10:10'),
(20, 20, 1, 0, 1, 1, '2023-02-01 10:10:10'),
(21, 21, 1, 0, 1, 1, '2023-02-01 10:10:10'),
(22, 22, 1, 0, 1, 1, '2023-02-01 10:10:10'),
(23, 23, 1, 0, 1, 1, '2023-02-01 10:10:10'),
(24, 24, 1, 0, 1, 1, '2023-02-01 10:10:10'),
(25, 25, 1, 0, 1, 1, '2023-02-01 10:10:10'),
(26, 26, 1, 0, 1, 1, '2023-02-01 10:10:10'),
(27, 27, 1, 0, 1, 1, '2023-02-01 10:10:10'),
(28, 28, 1, 0, 1, 1, '2023-02-01 10:10:10'),
(29, 29, 1, 0, 1, 1, '2023-02-01 10:10:10'),
(30, 30, 1, 0, 1, 1, '2023-02-01 10:10:10'),
(31, 31, 1, 0, 1, 1, '2023-02-01 10:10:10'),
(32, 32, 1, 0, 1, 1, '2023-02-01 10:10:10'),
(33, 33, 1, 0, 1, 1, '2023-02-01 10:10:10'),
(34, 34, 1, 0, 1, 1, '2023-02-01 10:10:10'),
(35, 35, 1, 0, 1, 1, '2023-02-01 10:10:10'),
(36, 36, 1, 0, 1, 1, '2023-02-01 10:10:10'),
(37, 37, 1, 0, 1, 1, '2023-02-01 10:10:10'),
(38, 38, 1, 0, 1, 1, '2023-02-01 10:10:10'),
(39, 39, 1, 0, 1, 1, '2023-02-01 10:10:10'),
(40, 40, 1, 0, 1, 1, '2023-02-01 10:10:10'),
(41, 41, 1, 0, 1, 1, '2023-02-01 10:10:10'),
(42, 42, 1, 0, 1, 1, '2023-02-01 10:10:10'),
(43, 43, 1, 0, 1, 1, '2023-02-01 10:10:10'),
(44, 44, 1, 0, 1, 1, '2023-02-01 10:10:10'),
(45, 45, 1, 0, 1, 1, '2023-02-01 10:10:10'),
(46, 46, 1, 0, 1, 1, '2023-02-01 10:10:10'),
(47, 47, 1, 0, 1, 1, '2023-02-01 10:10:10'),
(48, 48, 1, 0, 1, 1, '2023-02-01 10:10:10'),
(49, 49, 1, 0, 1, 1, '2023-02-01 10:10:10'),
(50, 50, 1, 0, 1, 1, '2023-02-01 10:10:10'),
(51, 51, 1, 0, 1, 1, '2023-02-01 10:10:10'),
(52, 52, 1, 0, 1, 1, '2023-02-01 10:10:10'),
(53, 53, 1, 0, 1, 1, '2023-02-01 10:10:10'),
(54, 54, 1, 0, 1, 1, '2023-02-01 10:10:10'),
(55, 55, 1, 0, 1, 1, '2023-02-01 10:10:10'),
(56, 56, 1, 0, 1, 1, '2023-02-01 10:10:10'),
(57, 57, 1, 0, 1, 1, '2023-02-01 10:10:10'),
(58, 58, 1, 0, 1, 1, '2023-02-01 10:10:10'),
(59, 59, 1, 0, 1, 1, '2023-02-01 10:10:10'),
(60, 60, 1, 0, 1, 1, '2023-02-01 10:10:10'),
(61, 61, 1, 0, 1, 1, '2023-02-01 10:10:10'),
(62, 62, 1, 0, 1, 1, '2023-02-01 10:10:10'),
(63, 63, 1, 0, 1, 1, '2023-02-01 10:10:10'),
(64, 64, 1, 0, 1, 1, '2023-02-01 10:10:10'),
(65, 65, 1, 0, 1, 1, '2023-02-01 10:10:10'),
(66, 66, 1, 0, 1, 1, '2023-02-01 10:10:10'),
(67, 67, 1, 0, 1, 1, '2023-02-01 10:10:10'),
(68, 68, 1, 0, 1, 1, '2023-02-01 10:10:10'),
(69, 69, 1, 0, 1, 1, '2023-02-01 10:10:10'),
(70, 70, 1, 0, 1, 1, '2023-02-01 10:10:10'),
(71, 71, 1, 0, 1, 1, '2023-02-01 10:10:10'),
(72, 72, 1, 0, 1, 1, '2023-02-01 10:10:10'),
(73, 73, 1, 0, 1, 1, '2023-02-01 10:10:10'),
(74, 74, 1, 0, 1, 1, '2023-02-01 10:10:10'),
(75, 75, 1, 0, 1, 1, '2023-02-01 10:10:10'),
(76, 76, 1, 0, 1, 1, '2023-02-01 10:10:10'),
(77, 77, 1, 0, 1, 1, '2023-02-01 10:10:10'),
(78, 78, 1, 0, 1, 1, '2023-02-01 10:10:10'),
(79, 79, 1, 0, 1, 1, '2023-02-01 10:10:10'),
(80, 80, 1, 0, 1, 1, '2023-02-01 10:10:10'),
(81, 81, 1, 0, 1, 1, '2023-02-01 10:10:10'),
(82, 82, 1, 0, 1, 1, '2023-02-01 10:10:10'),
(83, 83, 1, 0, 1, 1, '2023-02-01 10:10:10'),
(84, 84, 1, 0, 1, 1, '2023-02-01 10:10:10'),
(85, 85, 1, 0, 1, 1, '2023-02-01 10:10:10'),
(86, 86, 1, 0, 1, 1, '2023-02-01 10:10:10'),
(87, 87, 1, 0, 1, 1, '2023-02-01 10:10:10'),
(88, 88, 1, 0, 1, 1, '2023-02-01 10:10:10'),
(89, 89, 1, 0, 1, 1, '2023-02-01 10:10:10'),
(90, 90, 1, 0, 1, 1, '2023-02-01 10:10:10'),
(91, 91, 1, 0, 1, 1, '2023-02-01 10:10:10'),
(92, 92, 1, 0, 1, 1, '2023-02-01 10:10:10'),
(93, 93, 1, 0, 1, 1, '2023-02-01 10:10:10'),
(94, 94, 1, 0, 1, 1, '2023-02-01 10:10:10'),
(95, 95, 1, 0, 1, 1, '2023-02-01 10:10:10'),
(96, 96, 1, 0, 1, 1, '2023-02-01 10:10:10'),
(97, 97, 1, 0, 1, 1, '2023-02-01 10:10:10'),
(98, 98, 1, 0, 1, 1, '2023-02-01 10:10:10'),
(99, 99, 1, 0, 1, 1, '2023-02-01 10:10:10'),
(100, 100, 1, 0, 1, 1, '2023-02-01 10:10:10'),
(101, 101, 1, 0, 1, 1, '2023-02-01 10:10:10'),
(102, 102, 1, 0, 1, 1, '2023-02-01 10:10:10'),
(103, 103, 1, 0, 1, 1, '2023-02-01 10:10:10'),
(104, 104, 1, 0, 1, 1, '2023-02-01 10:10:10'),
(105, 105, 1, 0, 1, 1, '2023-02-01 10:10:10'),
(106, 106, 1, 0, 1, 1, '2023-02-01 10:10:10'),
(107, 107, 1, 0, 1, 1, '2023-02-01 10:10:10'),
(108, 108, 1, 0, 1, 1, '2023-02-01 10:10:10'),
(109, 109, 1, 0, 1, 1, '2023-02-01 10:10:10'),
(110, 110, 1, 0, 1, 1, '2023-02-01 10:10:10'),
(111, 111, 1, 0, 1, 1, '2023-02-01 10:10:10'),
(112, 112, 1, 0, 1, 1, '2023-02-01 10:10:10'),
(113, 113, 1, 0, 1, 1, '2023-02-01 10:10:10'),
(114, 114, 1, 0, 1, 1, '2023-02-01 10:10:10'),
(115, 115, 1, 0, 1, 1, '2023-02-01 10:10:10'),
(116, 116, 1, 0, 1, 1, '2023-02-01 10:10:10'),
(117, 117, 1, 0, 1, 1, '2023-02-01 10:10:10'),
(118, 118, 1, 0, 1, 1, '2023-02-01 10:10:10'),
(119, 119, 1, 0, 1, 1, '2023-02-01 10:10:10'),
(120, 120, 1, 95, 1, 1, '2023-02-01 10:10:10'),
(121, 121, 1, 0, 1, 1, '2023-02-01 10:10:10'),
(122, 122, 4, 9, 1, 1, '2023-03-23 10:10:10'),
(123, 123, 4, 0, 1, 1, '2023-03-23 10:10:10'),
(124, 124, 4, 0, 1, 1, '2023-03-23 10:10:10'),
(125, 125, 4, 0, 1, 1, '2023-03-23 10:10:10'),
(126, 126, 4, 0, 1, 1, '2023-03-23 10:10:10'),
(127, 127, 4, 0, 1, 1, '2023-03-23 10:10:10'),
(128, 128, 4, 0, 1, 1, '2023-03-23 10:10:10'),
(129, 129, 4, 0, 1, 1, '2023-03-23 10:10:10'),
(130, 130, 4, 0, 1, 1, '2023-03-23 10:10:10'),
(131, 131, 4, 0, 1, 1, '2023-03-23 10:10:10'),
(132, 132, 4, 0, 1, 1, '2023-03-23 10:10:10'),
(133, 133, 4, 0, 1, 1, '2023-03-23 10:10:10'),
(134, 134, 4, 0, 1, 1, '2023-03-23 10:10:10'),
(135, 135, 4, 0, 1, 1, '2023-03-23 10:10:10'),
(136, 136, 4, 0, 1, 1, '2023-03-23 10:10:10'),
(137, 137, 4, 0, 1, 1, '2023-03-23 10:10:10'),
(138, 138, 4, 0, 1, 1, '2023-03-23 10:10:10'),
(139, 139, 4, 0, 1, 1, '2023-03-23 10:10:10'),
(140, 140, 4, 0, 1, 1, '2023-03-23 10:10:10'),
(141, 141, 4, 0, 1, 1, '2023-03-23 10:10:10'),
(142, 142, 4, 0, 1, 1, '2023-03-23 10:10:10'),
(143, 143, 4, 0, 1, 1, '2023-03-23 10:10:10'),
(144, 144, 4, 0, 1, 1, '2023-03-23 10:10:10'),
(145, 145, 4, 0, 1, 1, '2023-03-23 10:10:10'),
(146, 146, 4, 0, 1, 1, '2023-03-23 10:10:10'),
(147, 147, 4, 0, 1, 1, '2023-03-23 10:10:10'),
(148, 148, 4, 0, 1, 1, '2023-03-23 10:10:10'),
(149, 149, 4, 0, 1, 1, '2023-03-23 10:10:10'),
(150, 150, 4, 0, 1, 1, '2023-03-23 10:10:10'),
(151, 151, 4, 0, 1, 1, '2023-03-23 10:10:10'),
(152, 152, 4, 0, 1, 1, '2023-03-23 10:10:10'),
(153, 153, 4, 0, 1, 1, '2023-03-23 10:10:10'),
(154, 154, 4, 0, 1, 1, '2023-03-23 10:10:10'),
(155, 155, 4, 0, 1, 1, '2023-03-23 10:10:10'),
(156, 156, 4, 0, 1, 1, '2023-03-23 10:10:10'),
(157, 157, 4, 0, 1, 1, '2023-03-23 10:10:10'),
(158, 158, 4, 0, 1, 1, '2023-03-23 10:10:10'),
(159, 159, 4, 0, 1, 1, '2023-03-23 10:10:10'),
(160, 160, 4, 0, 1, 1, '2023-03-23 10:10:10'),
(161, 161, 4, 0, 1, 1, '2023-03-23 10:10:10'),
(162, 162, 4, 0, 1, 1, '2023-03-23 10:10:10'),
(163, 163, 4, 0, 1, 1, '2023-03-23 10:10:10'),
(164, 164, 4, 0, 1, 1, '2023-03-23 10:10:10'),
(165, 165, 4, 0, 1, 1, '2023-03-23 10:10:10'),
(166, 166, 4, 0, 1, 1, '2023-03-23 10:10:10'),
(167, 167, 4, 0, 1, 1, '2023-03-23 10:10:10'),
(168, 168, 4, 0, 1, 1, '2023-03-23 10:10:10'),
(169, 169, 4, 0, 1, 1, '2023-03-23 10:10:10'),
(170, 170, 4, 0, 1, 1, '2023-03-23 10:10:10'),
(171, 171, 4, 0, 1, 1, '2023-03-23 10:10:10'),
(172, 172, 4, 0, 1, 1, '2023-03-23 10:10:10'),
(173, 173, 4, 0, 1, 1, '2023-03-23 10:10:10'),
(174, 174, 4, 0, 1, 1, '2023-03-23 10:10:10'),
(175, 175, 4, 0, 1, 1, '2023-03-23 10:10:10'),
(176, 176, 4, 0, 1, 1, '2023-03-23 10:10:10'),
(177, 177, 4, 0, 1, 1, '2023-03-23 10:10:10'),
(178, 178, 4, 0, 1, 1, '2023-03-23 10:10:10'),
(179, 179, 4, 0, 1, 1, '2023-03-23 10:10:10'),
(180, 180, 4, 0, 1, 1, '2023-03-23 10:10:10'),
(181, 181, 4, 0, 1, 1, '2023-03-23 10:10:10'),
(182, 182, 4, 0, 1, 1, '2023-03-23 10:10:10'),
(183, 183, 4, 0, 1, 1, '2023-03-23 10:10:10'),
(184, 184, 4, 0, 1, 1, '2023-03-23 10:10:10'),
(185, 185, 4, 0, 1, 1, '2023-03-23 10:10:10'),
(186, 186, 4, 0, 1, 1, '2023-03-23 10:10:10'),
(187, 187, 4, 0, 1, 1, '2023-03-23 10:10:10'),
(188, 188, 4, 0, 1, 1, '2023-03-23 10:10:10'),
(189, 189, 4, 0, 1, 1, '2023-03-23 10:10:10'),
(190, 190, 4, 0, 1, 1, '2023-03-23 10:10:10'),
(191, 191, 4, 0, 1, 1, '2023-03-23 10:10:10'),
(192, 192, 4, 0, 1, 1, '2023-03-23 10:10:10'),
(193, 193, 4, 0, 1, 1, '2023-03-23 10:10:10'),
(194, 194, 4, 0, 1, 1, '2023-03-23 10:10:10'),
(195, 195, 4, 0, 1, 1, '2023-03-23 10:10:10'),
(196, 196, 4, 0, 1, 1, '2023-03-23 10:10:10'),
(197, 197, 4, 0, 1, 1, '2023-03-23 10:10:10'),
(198, 198, 4, 0, 1, 1, '2023-03-23 10:10:10'),
(199, 199, 4, 0, 1, 1, '2023-03-23 10:10:10'),
(200, 200, 4, 0, 1, 1, '2023-03-23 10:10:10'),
(201, 201, 4, 0, 1, 1, '2023-03-23 10:10:10'),
(202, 202, 4, 0, 1, 1, '2023-03-23 10:10:10'),
(203, 203, 4, 0, 1, 1, '2023-03-23 10:10:10'),
(204, 204, 4, 0, 1, 1, '2023-03-23 10:10:10'),
(205, 205, 4, 0, 1, 1, '2023-03-23 10:10:10'),
(206, 206, 4, 0, 1, 1, '2023-03-23 10:10:10');

-- --------------------------------------------------------

--
-- Table structure for table `tb_permission`
--

CREATE TABLE `tb_permission` (
  `id_permission` int NOT NULL,
  `ref_id_user` int NOT NULL,
  `category` varchar(30) CHARACTER SET utf8mb3 COLLATE utf8mb3_unicode_ci NOT NULL,
  `chk_active` int NOT NULL COMMENT '0-No/1-Yes',
  `chk_add` int NOT NULL,
  `chk_edit` int NOT NULL,
  `chk_delete` int NOT NULL,
  `chk_search` int NOT NULL,
  `chk_view` int NOT NULL,
  `chk_hold` int NOT NULL,
  `chk_print` int NOT NULL
) ENGINE=InnoDB DEFAULT CHARSET=utf8mb3 COLLATE=utf8mb3_unicode_ci COMMENT='ตารางกำหนดสิทธิ์พนักงาน';

-- --------------------------------------------------------

--
-- Table structure for table `tb_requisition`
--

CREATE TABLE `tb_requisition` (
  `id_req` int NOT NULL,
  `ref_id_location` int NOT NULL,
  `req_no` varchar(15) CHARACTER SET utf8mb3 COLLATE utf8mb3_unicode_ci NOT NULL COMMENT 'เลขที่ใบเบิก Ex.2211-0001 (ปีเดือน-ลำดับ)',
  `ref_id_dept` int NOT NULL COMMENT 'REF.ไอดีแผนก',
  `req_datetime` datetime NOT NULL COMMENT 'วันที่เบิก',
  `req_date_approve` datetime DEFAULT NULL COMMENT 'วันที่อนุมัติ',
  `req_date_paid` datetime DEFAULT NULL COMMENT 'วันที่จ่าย',
  `ref_id_user` int NOT NULL COMMENT 'ไอดีผู้เบิก',
  `ref_id_approver` int NOT NULL COMMENT 'ไอดีผู้อนุมัติ',
  `ref_id_payer` int NOT NULL COMMENT 'ไอดีผู้จ่าย',
  `req_remark` varchar(100) CHARACTER SET utf8mb3 COLLATE utf8mb3_unicode_ci DEFAULT NULL,
  `disburse_remark` varchar(100) CHARACTER SET utf8mb3 COLLATE utf8mb3_unicode_ci DEFAULT NULL,
  `req_paid` int NOT NULL COMMENT '1-รออนุมัติ/2-ไม่อนุมัติ/3-อนุมัติ(รอจ่าย)/4-จ่ายแล้ว',
  `cause_disapproval` longtext CHARACTER SET utf8mb3 COLLATE utf8mb3_unicode_ci COMMENT 'สาเหตุที่ไม่อนุมัติ',
  `req_status` int NOT NULL COMMENT 'สถานะ 1-ใช้งาน, 2-ยกเลิก'
) ENGINE=InnoDB DEFAULT CHARSET=utf8mb3 COLLATE=utf8mb3_unicode_ci COMMENT='ตารางใบเบิกวัสดุอุปกรณ์';

--
-- Dumping data for table `tb_requisition`
--

INSERT INTO `tb_requisition` (`id_req`, `ref_id_location`, `req_no`, `ref_id_dept`, `req_datetime`, `req_date_approve`, `req_date_paid`, `ref_id_user`, `ref_id_approver`, `ref_id_payer`, `req_remark`, `disburse_remark`, `req_paid`, `cause_disapproval`, `req_status`) VALUES
(1, 1, '2302-0001', 14, '2023-02-06 15:52:33', '2023-02-07 08:35:15', NULL, 1, 1, 0, NULL, NULL, 3, NULL, 1),
(2, 1, '2302-0002', 14, '2023-02-07 08:40:06', '2023-02-07 09:27:01', '2023-02-07 09:29:26', 1, 1, 1, NULL, NULL, 4, NULL, 1),
(3, 1, '2302-0003', 14, '2023-02-09 09:40:10', '2023-02-09 09:41:45', NULL, 1, 1, 0, NULL, NULL, 2, 'ของเก่ายังใช้ได้อยู่ ขอไม่อนุมัติครับ', 1),
(4, 1, '2302-0004', 7, '2023-02-15 08:51:54', '2023-02-15 09:19:56', '2023-02-16 13:49:48', 3, 1, 1, NULL, NULL, 3, NULL, 1),
(5, 1, '2302-0005', 13, '2023-02-16 10:19:57', '2023-02-16 10:52:11', NULL, 6, 1, 0, 'เทส', NULL, 2, 'test ทดสอบ', 1),
(6, 1, '2302-0006', 7, '2023-02-16 10:53:06', '2023-02-16 10:54:21', '2023-02-16 10:58:57', 3, 1, 1, 'test xxxx', NULL, 4, NULL, 1),
(7, 1, '2302-0007', 13, '2023-02-16 13:47:09', NULL, NULL, 6, 0, 0, NULL, NULL, 1, NULL, 1),
(8, 4, '2303-0001', 14, '2023-03-23 13:18:38', '2023-03-23 13:29:54', '2023-03-23 13:30:01', 71, 71, 71, NULL, NULL, 4, NULL, 1);

-- --------------------------------------------------------

--
-- Table structure for table `tb_requisition_detail`
--

CREATE TABLE `tb_requisition_detail` (
  `id_req_detail` int NOT NULL,
  `ref_id_req` int NOT NULL COMMENT 'อ้างอิงไอดีใบเบิก',
  `id_offsupp_location` int NOT NULL COMMENT 'อ้างอิงไอดีวัสดุของไซต์',
  `quantity` int NOT NULL COMMENT 'จำนวนที่เบิก',
  `quantity_pay` int NOT NULL COMMENT 'จำนวนที่จ่าย',
  `ref_id_unit` int NOT NULL COMMENT 'หน่วยนับ',
  `requisition_result` int NOT NULL COMMENT '1-ยังไม่จ่าย/2-จ่ายครบแล้ว/3-จ่ายยังไม่ครบ'
) ENGINE=InnoDB DEFAULT CHARSET=utf8mb3 COLLATE=utf8mb3_unicode_ci COMMENT='ตารางรายละเอียดของที่เบิก';

--
-- Dumping data for table `tb_requisition_detail`
--

INSERT INTO `tb_requisition_detail` (`id_req_detail`, `ref_id_req`, `id_offsupp_location`, `quantity`, `quantity_pay`, `ref_id_unit`, `requisition_result`) VALUES
(1, 1, 120, 1, 0, 6, 1),
(2, 2, 120, 2, 2, 6, 2),
(3, 3, 120, 1, 0, 6, 2),
(4, 4, 120, 2, 1, 6, 3),
(5, 5, 120, 2, 0, 6, 2),
(6, 6, 120, 2, 2, 6, 2),
(7, 7, 120, 2, 0, 6, 1),
(8, 8, 122, 1, 1, 31, 2);

-- --------------------------------------------------------

--
-- Table structure for table `tb_unit`
--

CREATE TABLE `tb_unit` (
  `id_unit` int NOT NULL,
  `unit_name` varchar(20) CHARACTER SET utf8mb3 COLLATE utf8mb3_unicode_ci NOT NULL,
  `unit_remark` longtext COLLATE utf8mb3_unicode_ci,
  `status_unit` int NOT NULL COMMENT '1-ใช้งานได้/2-ยกเลิก\r\n'
) ENGINE=InnoDB DEFAULT CHARSET=utf8mb3 COLLATE=utf8mb3_unicode_ci;

--
-- Dumping data for table `tb_unit`
--

INSERT INTO `tb_unit` (`id_unit`, `unit_name`, `unit_remark`, `status_unit`) VALUES
(1, 'แท่ง', NULL, 1),
(2, 'รีม', NULL, 1),
(3, 'ชิ้น', NULL, 1),
(4, 'ลิตร', NULL, 1),
(5, 'ด้าม', NULL, 1),
(6, 'อัน', NULL, 1),
(7, 'ตัว', NULL, 1),
(8, 'กิโลกรัม', NULL, 1),
(9, 'กรัม', NULL, 1),
(10, 'โหล', NULL, 1),
(11, 'กล่อง', NULL, 1),
(12, 'ใบ', NULL, 1),
(13, 'ก้อน', NULL, 1),
(14, 'ม้วน', NULL, 1),
(15, 'ชุด', NULL, 1),
(16, 'เส้น', NULL, 1),
(17, 'ผืน', NULL, 1),
(18, 'แกลลอน', NULL, 1),
(19, 'ขวด', NULL, 1),
(20, 'ตลับ', NULL, 1),
(31, 'ถุง', NULL, 1),
(32, 'ถัง', NULL, 1),
(33, 'ลัง', NULL, 1),
(34, 'คู่', NULL, 1),
(35, 'แพค', NULL, 1),
(36, 'เล่ม', NULL, 1),
(37, 'ซอง', NULL, 1),
(38, 'แผ่น', NULL, 1),
(39, 'หลอด', NULL, 1),
(40, 'เครื่อง', NULL, 1),
(41, 'แถว', NULL, 1);

-- --------------------------------------------------------

--
-- Table structure for table `tb_user`
--

CREATE TABLE `tb_user` (
  `id_user` int NOT NULL,
  `no_user` varchar(10) CHARACTER SET utf8mb3 COLLATE utf8mb3_unicode_ci NOT NULL COMMENT 'รหัสพนักงาน',
  `password` varchar(50) CHARACTER SET utf8mb3 COLLATE utf8mb3_unicode_ci NOT NULL,
  `email` varchar(60) CHARACTER SET utf8mb3 COLLATE utf8mb3_unicode_ci NOT NULL,
  `line_token` varchar(45) CHARACTER SET utf8mb3 COLLATE utf8mb3_unicode_ci DEFAULT NULL,
  `fullname` varchar(100) CHARACTER SET utf8mb3 COLLATE utf8mb3_unicode_ci NOT NULL,
  `sex` int DEFAULT NULL,
  `phone` varchar(20) CHARACTER SET utf8mb3 COLLATE utf8mb3_unicode_ci DEFAULT NULL,
  `photo` varchar(100) CHARACTER SET utf8mb3 COLLATE utf8mb3_unicode_ci DEFAULT NULL COMMENT 'รูปพนักงาน',
  `class_user` int NOT NULL COMMENT '1-User/2-Manager/3-Super User/4-Administrator',
  `ref_id_location` int NOT NULL COMMENT 'ส่วนงานที่ใช้',
  `ref_dept` int NOT NULL COMMENT 'แผนก',
  `status_user` int NOT NULL COMMENT '1-ใช้งานได้/2-ยกเลิก',
  `create_date` datetime DEFAULT NULL,
  `lass_login` datetime DEFAULT NULL,
  `last_ip` varchar(15) CHARACTER SET utf8mb3 COLLATE utf8mb3_unicode_ci DEFAULT NULL
) ENGINE=InnoDB DEFAULT CHARSET=utf8mb3 COLLATE=utf8mb3_unicode_ci COMMENT='ตารางผู้ใช้งาน';

--
-- Dumping data for table `tb_user`
--

INSERT INTO `tb_user` (`id_user`, `no_user`, `password`, `email`, `line_token`, `fullname`, `sex`, `phone`, `photo`, `class_user`, `ref_id_location`, `ref_dept`, `status_user`, `create_date`, `lass_login`, `last_ip`) VALUES
(1, '6501278', 'bfe277ea3e2275a6809a0e8f7b3a3baa601664fa', 'sopon.g@jwdcoldchain.com', NULL, 'โสภณ โกมลชลมาศ', 0, '0868032806', NULL, 4, 1, 14, 1, NULL, NULL, NULL),
(3, '1234567', 'bfe277ea3e2275a6809a0e8f7b3a3baa601664fa', 'somchai@jwdcoldchain.com', NULL, 'สมชาย ห้องเห็น', 0, '0623123456', NULL, 1, 1, 7, 1, NULL, NULL, NULL),
(5, '', 'bfe277ea3e2275a6809a0e8f7b3a3baa601664fa', 'Anucha.u@jwdcoldchain.com', '6f809a9ad17f341015dbc5d746d045294789ee82', 'Anucha Urapen', 0, '', '', 1, 1, 0, 1, '2022-11-01 12:12:12', NULL, ''),
(6, '9999999', 'bfe277ea3e2275a6809a0e8f7b3a3baa601664fa', 'it@jwdcoldchain.com', '88eb028aaa5839ad713032f907adea8bf59d30d0', 'IT-support-PCS', 0, NULL, NULL, 2, 1, 13, 1, '2022-11-01 12:12:12', NULL, ''),
(7, '', 'bfe277ea3e2275a6809a0e8f7b3a3baa601664fa', 'stanutty90@gmail.com', '74898976ffc262d79d1f2fe6928192b8515333d2', 'thawatchai srichandaeng', 0, '', '', 1, 1, 0, 1, '2022-11-01 12:12:12', NULL, ''),
(8, '', 'bfe277ea3e2275a6809a0e8f7b3a3baa601664fa', 'stanutty10@gmail.com', '6fdf505690cfda25cd0eecddee8ec327cd35303a', 'Nddjdhd Ddhdh', 0, '', '', 1, 1, 0, 1, '2022-11-01 12:12:12', NULL, ''),
(9, '', 'bfe277ea3e2275a6809a0e8f7b3a3baa601664fa', 'linda.n@jwdcoldchain.com', '9e941f850955cd805c20640a4ca8dc894f7fce00', 'Linda Nontanum', 0, '', '', 1, 1, 0, 1, '2022-11-01 12:12:12', NULL, ''),
(10, '', 'bfe277ea3e2275a6809a0e8f7b3a3baa601664fa', 'sawitchaya.k@jwdcoldchain.com', 'b8d6689271cfde8d73817aea1bbb9ae0f2b0a487', 'Sawitchaya Kalyanamitra', 0, '', '', 1, 1, 0, 1, '2022-11-01 12:12:12', NULL, ''),
(11, '', 'bfe277ea3e2275a6809a0e8f7b3a3baa601664fa', 'amornthep.l@jwdcoldchain.com', '7c559621e9a90b17257a312252faa8fc5785afcb', 'Amornthep Lertthasanawong', 0, '', '', 1, 1, 0, 1, '2022-11-01 12:12:12', NULL, ''),
(12, '', 'bfe277ea3e2275a6809a0e8f7b3a3baa601664fa', 'sandyhouse86@gmail.com', 'cc4705dabaefa672a9ca8e4aa4fdabd24f1a0f59', 'สุดารัตน์', 0, '', '', 1, 1, 0, 1, '2022-11-01 12:12:12', NULL, ''),
(13, '', 'bfe277ea3e2275a6809a0e8f7b3a3baa601664fa', 'eaknarin.t@cc.pcs-plp.com', '530341376a872f1800dbdd84eb60a032cf3c3679', 'เอกนรินทร์ ทิชาชาติ', 0, '', '', 1, 1, 0, 1, '2022-11-01 12:12:12', NULL, ''),
(14, '', 'bfe277ea3e2275a6809a0e8f7b3a3baa601664fa', 'sittichoke.p@jwdcoldchain.com', '8f0554df35791dbf6b4f4d3817f47287a5fec8a0', 'สิทธิโชค เพียรประเสริฐกุล', 0, '', '', 1, 1, 0, 1, '2022-11-01 12:12:12', NULL, ''),
(15, '', 'bfe277ea3e2275a6809a0e8f7b3a3baa601664fa', 'Thanunchai.p@jpk.co.th', '54862a13f3ca45bbd5a376691903dd3f5044cb52', 'ธนันชัย พงศ์สถาพร', 0, '', '', 1, 1, 0, 1, '2022-11-01 12:12:12', NULL, ''),
(16, '', 'bfe277ea3e2275a6809a0e8f7b3a3baa601664fa', 'songwuth.l@jwd-pacific.com', '68315758df697157af1d2634f3252e72f39efc49', 'Songwuth Luasingkun', 0, '', '', 1, 1, 0, 1, '2022-11-01 12:12:12', NULL, ''),
(17, '', 'bfe277ea3e2275a6809a0e8f7b3a3baa601664fa', 'apiwan.s@jwdcoldchain.com', 'e851c006f3b6f86e3050aea16561a04ff5f42154', 'อภิวรรณ สำรวยประเสริฐ', 0, '', '', 1, 1, 0, 1, '2022-11-01 12:12:12', NULL, ''),
(18, '', 'bfe277ea3e2275a6809a0e8f7b3a3baa601664fa', 'thawatchai.srichandaeng@gmail.com', 'eb0cb811f75145083ee6ab7f3ae090db837e6e8c', 'thawatchai srichandaeng', 0, '', '', 1, 1, 0, 1, '2022-11-01 12:12:12', NULL, ''),
(19, '', 'bfe277ea3e2275a6809a0e8f7b3a3baa601664fa', 'pim.k@jwdcoldchain.com', 'bfc359cbf8142916d432375aae2aeacccfd57857', 'PIM KETKRAI', 0, '', '', 1, 1, 0, 1, '2022-11-01 12:12:12', NULL, ''),
(20, '0011144', 'bfe277ea3e2275a6809a0e8f7b3a3baa601664fa', 'thanwarat.k@jwdcoldchain.com', 'cf4443473193c50a924c3eeb54b1a83b269e44f1', 'ธัญวรัตน์ เกียรติเสรีกุล', 0, NULL, NULL, 1, 1, 18, 1, '2022-11-01 12:12:12', NULL, ''),
(21, '', 'bfe277ea3e2275a6809a0e8f7b3a3baa601664fa', 'kullakan.s@jwdcoldchain.com', '382c9069768b9c8c83010407d4570eff4398f767', 'Kullakan Surattinaitham', 0, '', '', 1, 1, 0, 1, '2022-11-01 12:12:12', NULL, ''),
(22, '', 'bfe277ea3e2275a6809a0e8f7b3a3baa601664fa', 'treephop.m@jwdcoldchain.com', '7ba331a4f31b52040f19acbb33be14b8dbf38843', 'Treephop Meealum', 0, '', '', 1, 1, 0, 1, '2022-11-01 12:12:12', NULL, ''),
(23, '', 'bfe277ea3e2275a6809a0e8f7b3a3baa601664fa', 'nuttaphon.s@jwdcoldchain.com', '47048f73f1c6c40771dccc8074a16df96788a65d', 'Nuttaphon Sarapimpa', 0, '', '', 1, 1, 0, 1, '2022-11-01 12:12:12', NULL, ''),
(24, '', 'bfe277ea3e2275a6809a0e8f7b3a3baa601664fa', 'attendance@jwdcoldchain.com', 'ce11e7657d1aaf8b4374b935d7b7bc03edc4fb31', 'Pornsikarn Pratarnporn', 0, '', '', 1, 1, 0, 1, '2022-11-01 12:12:12', NULL, ''),
(25, '', 'bfe277ea3e2275a6809a0e8f7b3a3baa601664fa', 'chalermphon.s@jwdcoldchain.com', '00e7461fdbc9d46a8908ee26f3d64d31def893e3', 'Chalermphon Saenkla', 0, '', '', 1, 1, 0, 1, '2022-11-01 12:12:12', NULL, ''),
(26, '', 'bfe277ea3e2275a6809a0e8f7b3a3baa601664fa', 'uthai.a@jwdcoldchain.com', '8cb22b70fac051a2c3931f764b689d32d53f1471', 'Uthai Ampa', 0, '', '', 1, 1, 0, 1, '2022-11-01 12:12:12', NULL, ''),
(27, '', 'bfe277ea3e2275a6809a0e8f7b3a3baa601664fa', 'training@jwdcoldchain.com', '3f0bfeba0713fb4387a410839db447030f230cf4', 'Maythaporn Sukprasuet', 0, '', '', 1, 1, 0, 1, '2022-11-01 12:12:12', NULL, ''),
(28, '', 'bfe277ea3e2275a6809a0e8f7b3a3baa601664fa', 'inthuon.p@jwdcoldchain.com', 'ea0ca27892387aec992fb729fc71536eb399f62c', 'Inthuon Phuttha', 0, '', '', 1, 1, 0, 1, '2022-11-01 12:12:12', NULL, ''),
(29, '', 'bfe277ea3e2275a6809a0e8f7b3a3baa601664fa', 'plp@jwdcoldchain.com', '54409de6e4fadcda902a15f082c8b553cdb4e177', 'Pacific Logistic Pro', 0, '', '', 1, 1, 0, 1, '2022-11-01 12:12:12', NULL, ''),
(30, '', 'bfe277ea3e2275a6809a0e8f7b3a3baa601664fa', 'supanna.p230135@gmail.com', '5a5d2810aebf375884f5db697c2d8abebac7f76b', 'Supanna sondong', 0, '', '', 1, 1, 2, 1, '2022-11-01 12:12:12', NULL, ''),
(31, '', 'bfe277ea3e2275a6809a0e8f7b3a3baa601664fa', 'nattakan.r@jwdcoldchain.com', '681941412baf517d4dc1a91acd8c6d304f25c640', 'Nattakan Rotsiravoraphat', 0, '', '', 1, 1, 0, 1, '2022-11-01 12:12:12', NULL, ''),
(32, '', 'bfe277ea3e2275a6809a0e8f7b3a3baa601664fa', 'customerservice@jwdcoldchain.com', '4643ad564f85eaeea0a5a7e7fb3719fb6c43ddb2', 'Customer Service JWD Pacific Cold Chain', 0, '', '', 1, 1, 0, 1, '2022-11-01 12:12:12', NULL, ''),
(33, '', 'bfe277ea3e2275a6809a0e8f7b3a3baa601664fa', 'petcharat.p@jwdcoldchain.com', '8b1f78b5015a643184c1e522a6285f44948a43e3', 'Petcharat Pengkhonsarn', 0, '', '', 1, 1, 0, 1, '2022-11-01 12:12:12', NULL, ''),
(34, '', 'bfe277ea3e2275a6809a0e8f7b3a3baa601664fa', 'autchara@gmail.com', 'ff0935be9dff5ab69d82db2f80e9b58bb3cb946d', 'Autchara pcs', 0, '', '', 1, 1, 0, 1, '2022-11-01 12:12:12', NULL, ''),
(35, '', 'bfe277ea3e2275a6809a0e8f7b3a3baa601664fa', 'tunyarat.p@jwdcoldchain.com', '0a3f1ab072231e47738d4aaba0b34f09e49ffcc8', 'Tunyarat Panyaworatip', 0, '', '', 1, 1, 0, 1, '2022-11-01 12:12:12', NULL, ''),
(36, '', 'bfe277ea3e2275a6809a0e8f7b3a3baa601664fa', 'weesuda.k@pcs-plp.com', '3216558df6895a23e94d5ebb58ea606a03197930', 'Weesuda Kamtone', 0, '', '', 1, 1, 0, 1, '2022-11-01 12:12:12', NULL, ''),
(37, '', 'bfe277ea3e2275a6809a0e8f7b3a3baa601664fa', 'qa@jwdcoldchain.com', 'bcb3a4397b789cc9d1e6e9075d757d47453bc939', 'QA JWD Pacific Cold Chain', 0, '', '', 1, 1, 0, 1, '2022-11-01 12:12:12', NULL, ''),
(38, '', 'bfe277ea3e2275a6809a0e8f7b3a3baa601664fa', 'weesuda.k@jwdcoldchain.com', '9dfa62792ecbedb6b053830a6c6e08e7887703d4', 'Weesuda.k', 0, '', '', 1, 1, 0, 1, '2022-11-01 12:12:12', NULL, ''),
(39, '', 'bfe277ea3e2275a6809a0e8f7b3a3baa601664fa', 'pratit.w@jwdcoldchain.com', '9baa40499a0aae13811aa837f1e36f390e466271', 'Pratit Wongphimaykham', 0, '', '', 1, 1, 0, 1, '2022-11-01 12:12:12', NULL, ''),
(40, '', 'bfe277ea3e2275a6809a0e8f7b3a3baa601664fa', 'wanlapa.m@JWDCOLDCHAIN.COM', '9c5561821e6f847cd4f6e635e5ac5440443b8509', 'Wanlapa mathmontree', 0, '', '', 1, 1, 0, 1, '2022-11-01 12:12:12', NULL, ''),
(41, '', 'bfe277ea3e2275a6809a0e8f7b3a3baa601664fa', 'qa.pcs@jwdcoldchain.com', 'be2e39ddf5171a65618ba69bcc381f65efeb1598', 'QA', 0, '', '', 1, 1, 0, 1, '2022-11-01 12:12:12', NULL, ''),
(42, '', 'bfe277ea3e2275a6809a0e8f7b3a3baa601664fa', 'pathom.c@jwdcoldchain.com', 'ffecc7694cf8f562793be28198d5876fc808dfa4', 'ปฐม ชิ้นปิ่นเกลียว', 0, '', '', 1, 1, 0, 1, '2022-11-01 12:12:12', NULL, ''),
(43, '', 'bfe277ea3e2275a6809a0e8f7b3a3baa601664fa', 'suwanna.k@jwdcoldchain.com', 'd7c7b87962d0401cb880d46a6d5fe675942e5d4e', 'Suwanna K.', 0, '', '', 1, 1, 0, 1, '2022-11-01 12:12:12', NULL, ''),
(44, '', 'bfe277ea3e2275a6809a0e8f7b3a3baa601664fa', 'sudarat.n@cc.pcs-plp.com', '37a942158ea377357980614d49ca4727777e1b25', 'miki2', 0, '', '', 1, 1, 0, 1, '2022-11-01 12:12:12', NULL, ''),
(45, '', 'bfe277ea3e2275a6809a0e8f7b3a3baa601664fa', 'chitchanok.s@jpk.co.th', 'a38d95338820ced5f576a8d2eec0a8042e48397f', 'ชิดชนก สุกิจวิมล', 0, '', '', 1, 1, 0, 1, '2022-11-01 12:12:12', NULL, ''),
(46, '', 'bfe277ea3e2275a6809a0e8f7b3a3baa601664fa', 'chaiwoot.c@jwdcoldchain.com', 'e48c2ba0718a987f95fd6547e5d07b000aea08b1', 'Chaiwoot Charoenfuangfu', 0, '', '', 1, 1, 0, 1, '2022-11-01 12:12:12', NULL, ''),
(47, '', 'bfe277ea3e2275a6809a0e8f7b3a3baa601664fa', 'Namkang.J.@cc.pcs-plp.com', 'NULL', 'น้ำค้าง จอมประเสริฐ', 0, '', '', 1, 1, 0, 1, '2022-11-01 12:12:12', NULL, ''),
(48, '', 'bfe277ea3e2275a6809a0e8f7b3a3baa601664fa', 'Namkang.J@cc.pcs-plp.com', '5ea6f061788eb3e7d9a41cb12fe12c13a4af67d0', 'น้ำค้าง จอมประเสริฐ', 0, '', '', 1, 1, 0, 1, '2022-11-01 12:12:12', NULL, ''),
(49, '', 'bfe277ea3e2275a6809a0e8f7b3a3baa601664fa', 'atthapol.i@jwdcoldchain.com', 'd346e2db3cdc5d04d347061d6f3e739936fb6b40', 'อรรถพล เอี่ยมจาตุ', 0, '', '', 1, 1, 0, 1, '2022-11-01 12:12:12', NULL, ''),
(50, '', 'bfe277ea3e2275a6809a0e8f7b3a3baa601664fa', 'Admin.hr@jwdcoldchain.com', '77901e32d4121f857e38c9414c3f5389aa087e2d', 'เมธาพร', 0, '', '', 1, 1, 0, 1, '2022-11-01 12:12:12', NULL, ''),
(51, '', 'bfe277ea3e2275a6809a0e8f7b3a3baa601664fa', 'siriwat.m@jwdcoldchain.com', '326473de32fbbfe5c878097117ebeae7edb287ba', 'นายสิริวัฑฒ์ มูลทองลี', 0, '', '', 1, 1, 0, 1, '2022-11-01 12:12:12', NULL, ''),
(52, '', 'bfe277ea3e2275a6809a0e8f7b3a3baa601664fa', 'suphanne.p@jwdcoldchain.com', '073408f449ddfdfc5171548e337f442aff7db890', 'สุพรรณี พิสฐศาสน์', 0, '', '', 1, 1, 0, 1, '2022-11-01 12:12:12', NULL, ''),
(53, '', 'bfe277ea3e2275a6809a0e8f7b3a3baa601664fa', 'autcharapk@gmail.com', '71de73a875de15842ceafb969b48093d0b74c9bd', 'Autcharapcs', 0, '', '', 1, 1, 0, 1, '2022-11-01 12:12:12', NULL, ''),
(54, '', 'bfe277ea3e2275a6809a0e8f7b3a3baa601664fa', 'engineer@jpk.co.th', '75771d308a5d8b4ebcb6bc70a6fdbbed5ab0faeb', 'wuttisak koonpho', 0, '', '', 1, 1, 0, 1, '2022-11-01 12:12:12', NULL, ''),
(55, '', 'bfe277ea3e2275a6809a0e8f7b3a3baa601664fa', 'cs-jpac@jwd-pacific.com', '320805b36cd4ede807de902329528a724d942486', 'มัทรี', 0, '', '', 1, 1, 0, 1, '2022-11-01 12:12:12', NULL, ''),
(56, '', 'bfe277ea3e2275a6809a0e8f7b3a3baa601664fa', 'Laddawa.s@jwd-pacific.com', 'b29548cb0ef95a3f38d59c1a2f8299cd57bcc764', 'น.ส.ลัดดาวัลย์ ศรีเสงี่ยม', 0, '', '', 1, 1, 0, 1, '2022-11-01 12:12:12', NULL, ''),
(57, '6501278', 'bfe277ea3e2275a6809a0e8f7b3a3baa601664fa', 'sopon.g@pact.com', NULL, 'โสภณ (PACT)', 0, '0868032806', NULL, 1, 3, 5, 1, NULL, NULL, NULL),
(60, '3333333', 'bfe277ea3e2275a6809a0e8f7b3a3baa601664fa', 'sopon.g@jwdcddoldchain.com', NULL, 'โสภณ โกมลชลมาศ', NULL, '0623722181', NULL, 1, 1, 9, 1, '2023-03-15 07:10:48', NULL, NULL),
(61, '3333333', 'bfe277ea3e2275a6809a0e8f7b3a3baa601664fa', 'sopon@pcs.com', NULL, 'โสภณ โกมลชลมาศ', NULL, '0623722181', NULL, 1, 1, 10, 1, '2023-03-15 07:12:12', NULL, NULL),
(62, '1111111', 'bfe277ea3e2275a6809a0e8f7b3a3baa601664fa', 'sopon@pact.com', NULL, 'โสภณ โกมลชลมาศ', NULL, NULL, NULL, 1, 3, 10, 1, '2023-03-15 07:14:28', NULL, NULL),
(63, '1111111', 'bfe277ea3e2275a6809a0e8f7b3a3baa601664fa', 'sopon@pacm.com', NULL, 'โสภณ โกมลชลมาศ', NULL, NULL, NULL, 1, 4, 10, 1, '2023-03-15 07:14:34', NULL, NULL),
(64, '1111111', 'bfe277ea3e2275a6809a0e8f7b3a3baa601664fa', 'sopon@paca.com', NULL, 'โสภณ โกมลชลมาศ', NULL, NULL, NULL, 1, 6, 10, 1, '2023-03-15 07:14:41', NULL, NULL),
(65, '1111111', 'bfe277ea3e2275a6809a0e8f7b3a3baa601664fa', 'sopon@jpk.com', NULL, 'โสภณ โกมลชลมาศ', NULL, NULL, NULL, 1, 5, 10, 1, '2023-03-15 07:14:47', NULL, NULL),
(66, '1111111', 'bfe277ea3e2275a6809a0e8f7b3a3baa601664fa', 'sopon@jpac.com', NULL, 'โสภณ โกมลชลมาศ', NULL, NULL, NULL, 1, 2, 10, 1, '2023-03-15 07:15:01', NULL, NULL),
(67, '1111111', 'bfe277ea3e2275a6809a0e8f7b3a3baa601664fa', 'sopon@pacs.com', NULL, 'โสภณ โกมลชลมาศ', NULL, NULL, NULL, 1, 8, 10, 1, '2023-03-15 07:15:18', NULL, NULL),
(68, '2222222', 'bfe277ea3e2275a6809a0e8f7b3a3baa601664fa', 'sopon@pcsap.com', NULL, 'ผู้อนุมัติ', NULL, NULL, NULL, 2, 1, 10, 1, '2023-03-15 07:23:33', NULL, NULL),
(69, '0000000', 'bfe277ea3e2275a6809a0e8f7b3a3baa601664fa', 'pawanrat.c@cc.jwdcoldchain.com', NULL, 'Pawanrat.c', NULL, NULL, NULL, 1, 1, 1, 1, '2023-03-20 03:28:50', NULL, NULL),
(70, '0000000', 'bfe277ea3e2275a6809a0e8f7b3a3baa601664fa', 'suphon.p@jwdcoldchain.com', NULL, 'suphon.p', NULL, NULL, NULL, 1, 1, 8, 1, '2023-03-22 01:44:11', NULL, NULL),
(71, '0000000', 'bfe277ea3e2275a6809a0e8f7b3a3baa601664fa', 'sopon.pacm@jwdcoldchain.com', NULL, 'Admin PACM', 0, NULL, NULL, 4, 4, 14, 1, NULL, NULL, NULL);

-- --------------------------------------------------------

--
-- Table structure for table `tb_user_license`
--

CREATE TABLE `tb_user_license` (
  `id_license` int NOT NULL,
  `ref_id_webapp` int NOT NULL COMMENT 'REF.tb_web_application',
  `ref_id_user` int NOT NULL,
  `status_license` int NOT NULL
) ENGINE=InnoDB DEFAULT CHARSET=utf8mb4 COLLATE=utf8mb4_unicode_ci COMMENT='ตาราางเก็บสิทธิ์การใช้งานโปรแกรมต่างๆ';

-- --------------------------------------------------------

--
-- Table structure for table `tb_web_application`
--

CREATE TABLE `tb_web_application` (
  `id_webapp` int NOT NULL,
  `name_webapp` varchar(120) COLLATE utf8mb4_unicode_ci NOT NULL,
  `status_webapp` int NOT NULL COMMENT '1-ใช้งาน/2-ระงับ'
) ENGINE=InnoDB DEFAULT CHARSET=utf8mb4 COLLATE=utf8mb4_unicode_ci COMMENT='ตารางโปรแกรม';

--
-- Dumping data for table `tb_web_application`
--

INSERT INTO `tb_web_application` (`id_webapp`, `name_webapp`, `status_webapp`) VALUES
(1, 'Central Store Online', 1),
(2, 'E-Service', 1),
(3, 'E-Report', 1);

--
-- Indexes for dumped tables
--

--
-- Indexes for table `tb_category`
--
ALTER TABLE `tb_category`
  ADD PRIMARY KEY (`id_menu`),
  ADD KEY `idx_level_menu` (`level_menu`);

--
-- Indexes for table `tb_dept`
--
ALTER TABLE `tb_dept`
  ADD PRIMARY KEY (`id_dept`);

--
-- Indexes for table `tb_inven_adj`
--
ALTER TABLE `tb_inven_adj`
  ADD PRIMARY KEY (`id_adj`),
  ADD KEY `ref_id_offsupp_location` (`ref_id_offsupp_location`);

--
-- Indexes for table `tb_inven_balance`
--
ALTER TABLE `tb_inven_balance`
  ADD PRIMARY KEY (`id_balance`),
  ADD KEY `ref_id_offsupp_location` (`ref_id_offsupp_location`);

--
-- Indexes for table `tb_inven_cut`
--
ALTER TABLE `tb_inven_cut`
  ADD PRIMARY KEY (`id_cut`),
  ADD KEY `idx_id_req` (`ref_id_req`),
  ADD KEY `ref_id_offsupp_location` (`ref_id_offsupp_location`);

--
-- Indexes for table `tb_inven_rcv`
--
ALTER TABLE `tb_inven_rcv`
  ADD PRIMARY KEY (`id_rcv`),
  ADD KEY `ref_id_location` (`ref_id_offsupp_location`);

--
-- Indexes for table `tb_inven_rtn`
--
ALTER TABLE `tb_inven_rtn`
  ADD PRIMARY KEY (`id_rtn`),
  ADD KEY `idx_ref_id_req` (`ref_id_req`);

--
-- Indexes for table `tb_location`
--
ALTER TABLE `tb_location`
  ADD PRIMARY KEY (`id_location`);

--
-- Indexes for table `tb_office_supplies`
--
ALTER TABLE `tb_office_supplies`
  ADD PRIMARY KEY (`id_offsupp`),
  ADD KEY `idx_offsupp_code` (`offsupp_code`);

--
-- Indexes for table `tb_office_supplies_photo`
--
ALTER TABLE `tb_office_supplies_photo`
  ADD PRIMARY KEY (`id_photo`),
  ADD KEY `ref_id_offsupp_master` (`ref_id_offsupp`);

--
-- Indexes for table `tb_offsupp_location`
--
ALTER TABLE `tb_offsupp_location`
  ADD PRIMARY KEY (`id_offsupp_location`),
  ADD KEY `idx_id_offsupp_master` (`ref_id_offsupp`);

--
-- Indexes for table `tb_permission`
--
ALTER TABLE `tb_permission`
  ADD PRIMARY KEY (`id_permission`);

--
-- Indexes for table `tb_requisition`
--
ALTER TABLE `tb_requisition`
  ADD PRIMARY KEY (`id_req`),
  ADD KEY `ref_id_location` (`ref_id_location`);

--
-- Indexes for table `tb_requisition_detail`
--
ALTER TABLE `tb_requisition_detail`
  ADD PRIMARY KEY (`id_req_detail`),
  ADD KEY `idx_id_req` (`ref_id_req`),
  ADD KEY `fk_ref_id_offsupp` (`id_offsupp_location`);

--
-- Indexes for table `tb_unit`
--
ALTER TABLE `tb_unit`
  ADD PRIMARY KEY (`id_unit`);

--
-- Indexes for table `tb_user`
--
ALTER TABLE `tb_user`
  ADD PRIMARY KEY (`id_user`),
  ADD KEY `idx_tb_user_no_user` (`no_user`) COMMENT 'รหัสพนักงาน',
  ADD KEY `idx_tb_user_email` (`email`);

--
-- Indexes for table `tb_user_license`
--
ALTER TABLE `tb_user_license`
  ADD PRIMARY KEY (`id_license`);

--
-- Indexes for table `tb_web_application`
--
ALTER TABLE `tb_web_application`
  ADD PRIMARY KEY (`id_webapp`);

--
-- AUTO_INCREMENT for dumped tables
--

--
-- AUTO_INCREMENT for table `tb_category`
--
ALTER TABLE `tb_category`
  MODIFY `id_menu` int NOT NULL AUTO_INCREMENT, AUTO_INCREMENT=10;

--
-- AUTO_INCREMENT for table `tb_dept`
--
ALTER TABLE `tb_dept`
  MODIFY `id_dept` int NOT NULL AUTO_INCREMENT, AUTO_INCREMENT=23;

--
-- AUTO_INCREMENT for table `tb_inven_adj`
--
ALTER TABLE `tb_inven_adj`
  MODIFY `id_adj` int NOT NULL AUTO_INCREMENT;

--
-- AUTO_INCREMENT for table `tb_inven_balance`
--
ALTER TABLE `tb_inven_balance`
  MODIFY `id_balance` int NOT NULL AUTO_INCREMENT, AUTO_INCREMENT=3;

--
-- AUTO_INCREMENT for table `tb_inven_cut`
--
ALTER TABLE `tb_inven_cut`
  MODIFY `id_cut` int NOT NULL AUTO_INCREMENT, AUTO_INCREMENT=6;

--
-- AUTO_INCREMENT for table `tb_inven_rcv`
--
ALTER TABLE `tb_inven_rcv`
  MODIFY `id_rcv` int NOT NULL AUTO_INCREMENT, AUTO_INCREMENT=3;

--
-- AUTO_INCREMENT for table `tb_inven_rtn`
--
ALTER TABLE `tb_inven_rtn`
  MODIFY `id_rtn` int NOT NULL AUTO_INCREMENT;

--
-- AUTO_INCREMENT for table `tb_location`
--
ALTER TABLE `tb_location`
  MODIFY `id_location` int NOT NULL AUTO_INCREMENT, AUTO_INCREMENT=9;

--
-- AUTO_INCREMENT for table `tb_office_supplies`
--
ALTER TABLE `tb_office_supplies`
  MODIFY `id_offsupp` int NOT NULL AUTO_INCREMENT, AUTO_INCREMENT=331;

--
-- AUTO_INCREMENT for table `tb_office_supplies_photo`
--
ALTER TABLE `tb_office_supplies_photo`
  MODIFY `id_photo` int NOT NULL AUTO_INCREMENT, AUTO_INCREMENT=11;

--
-- AUTO_INCREMENT for table `tb_offsupp_location`
--
ALTER TABLE `tb_offsupp_location`
  MODIFY `id_offsupp_location` int NOT NULL AUTO_INCREMENT, AUTO_INCREMENT=207;

--
-- AUTO_INCREMENT for table `tb_permission`
--
ALTER TABLE `tb_permission`
  MODIFY `id_permission` int NOT NULL AUTO_INCREMENT;

--
-- AUTO_INCREMENT for table `tb_requisition`
--
ALTER TABLE `tb_requisition`
  MODIFY `id_req` int NOT NULL AUTO_INCREMENT, AUTO_INCREMENT=9;

--
-- AUTO_INCREMENT for table `tb_requisition_detail`
--
ALTER TABLE `tb_requisition_detail`
  MODIFY `id_req_detail` int NOT NULL AUTO_INCREMENT, AUTO_INCREMENT=9;

--
-- AUTO_INCREMENT for table `tb_unit`
--
ALTER TABLE `tb_unit`
  MODIFY `id_unit` int NOT NULL AUTO_INCREMENT, AUTO_INCREMENT=42;

--
-- AUTO_INCREMENT for table `tb_user`
--
ALTER TABLE `tb_user`
  MODIFY `id_user` int NOT NULL AUTO_INCREMENT, AUTO_INCREMENT=72;

--
-- AUTO_INCREMENT for table `tb_user_license`
--
ALTER TABLE `tb_user_license`
  MODIFY `id_license` int NOT NULL AUTO_INCREMENT;

--
-- AUTO_INCREMENT for table `tb_web_application`
--
ALTER TABLE `tb_web_application`
  MODIFY `id_webapp` int NOT NULL AUTO_INCREMENT, AUTO_INCREMENT=4;

--
-- Constraints for dumped tables
--

--
-- Constraints for table `tb_requisition_detail`
--
ALTER TABLE `tb_requisition_detail`
  ADD CONSTRAINT `fk_ref_id_offsupp` FOREIGN KEY (`id_offsupp_location`) REFERENCES `tb_office_supplies` (`id_offsupp`),
  ADD CONSTRAINT `fk_ref_id_req` FOREIGN KEY (`ref_id_req`) REFERENCES `tb_requisition` (`id_req`);
COMMIT;

/*!40101 SET CHARACTER_SET_CLIENT=@OLD_CHARACTER_SET_CLIENT */;
/*!40101 SET CHARACTER_SET_RESULTS=@OLD_CHARACTER_SET_RESULTS */;
/*!40101 SET COLLATION_CONNECTION=@OLD_COLLATION_CONNECTION */;
