-- MySQL dump 10.13  Distrib 8.0.31, for Win64 (x86_64)
--
-- Host: localhost    Database: db_centralstore_online
-- ------------------------------------------------------
-- Server version	5.5.5-10.3.38-MariaDB-0ubuntu0.20.04.1

/*!40101 SET @OLD_CHARACTER_SET_CLIENT=@@CHARACTER_SET_CLIENT */;
/*!40101 SET @OLD_CHARACTER_SET_RESULTS=@@CHARACTER_SET_RESULTS */;
/*!40101 SET @OLD_COLLATION_CONNECTION=@@COLLATION_CONNECTION */;
/*!50503 SET NAMES utf8 */;
/*!40103 SET @OLD_TIME_ZONE=@@TIME_ZONE */;
/*!40103 SET TIME_ZONE='+00:00' */;
/*!40014 SET @OLD_UNIQUE_CHECKS=@@UNIQUE_CHECKS, UNIQUE_CHECKS=0 */;
/*!40014 SET @OLD_FOREIGN_KEY_CHECKS=@@FOREIGN_KEY_CHECKS, FOREIGN_KEY_CHECKS=0 */;
/*!40101 SET @OLD_SQL_MODE=@@SQL_MODE, SQL_MODE='NO_AUTO_VALUE_ON_ZERO' */;
/*!40111 SET @OLD_SQL_NOTES=@@SQL_NOTES, SQL_NOTES=0 */;

--
-- Table structure for table `tb_category`
--

DROP TABLE IF EXISTS `tb_category`;
/*!40101 SET @saved_cs_client     = @@character_set_client */;
/*!50503 SET character_set_client = utf8mb4 */;
CREATE TABLE `tb_category` (
  `id_menu` int(11) NOT NULL AUTO_INCREMENT,
  `ref_id_location` int(2) NOT NULL COMMENT 'REF.ไซต์งาน',
  `menu_code` varchar(3) DEFAULT NULL COMMENT 'รหัสย่อหมวด(3หลัก)',
  `level_menu` int(11) DEFAULT NULL COMMENT '1-หมวดหลัก/2-หมวดย่อย/3-ย่อยของย่อย',
  `sort_menu` int(11) DEFAULT NULL COMMENT 'เรียงลำดับ',
  `ref_id_menu` int(11) NOT NULL,
  `ref_id_sub` int(11) NOT NULL,
  `name_menu` varchar(100) NOT NULL,
  `desc_menu` varchar(100) DEFAULT NULL,
  `menu_adddate` datetime NOT NULL,
  `addmenu_ref_idmem` int(11) NOT NULL,
  `menu_editdate` datetime DEFAULT NULL,
  `editmenu_ref_idmem` int(11) DEFAULT NULL,
  `status_menu` int(11) NOT NULL COMMENT '1-ใช้งาน/2-ระงับ',
  PRIMARY KEY (`id_menu`),
  KEY `idx_level_menu` (`level_menu`)
) ENGINE=InnoDB AUTO_INCREMENT=17 DEFAULT CHARSET=utf8 COLLATE=utf8_unicode_ci COMMENT='ตารางหมวดวัสดุอุปกรณ์';
/*!40101 SET character_set_client = @saved_cs_client */;

--
-- Dumping data for table `tb_category`
--

LOCK TABLES `tb_category` WRITE;
/*!40000 ALTER TABLE `tb_category` DISABLE KEYS */;
INSERT INTO `tb_category` VALUES (1,1,'01',1,0,0,0,'น้ำยาทำความสะอาด','น้ำยาทำความสะอาด','2023-02-01 09:03:08',1,NULL,NULL,1),(2,1,'02',1,0,0,0,'อุปกรณ์เครื่องใช้สำนักงาน','อุปกรณ์เครื่องใช้สำนักงาน','2023-02-01 09:03:32',1,NULL,NULL,1),(3,1,'03',1,0,0,0,'งานพิมพ์','งานพิมพ์','2023-02-01 09:03:54',1,NULL,NULL,1),(4,1,'04',1,0,0,0,'อุปกรณ์เครื่องใช้ในคลัง','อุปกรณ์เครื่องใช้ในคลัง','2023-02-01 09:04:08',1,NULL,NULL,1),(5,4,'RF',1,0,0,0,'อุปกรณ์เครื่องใช้สำนักงาน','อุปกรณ์เครื่องใช้สำนักงาน','2023-03-23 09:05:46',71,NULL,NULL,1),(6,4,'OF',1,0,0,0,'วัสดุ-อุปกรณ์ทำความสะอาด','วัสดุ-อุปกรณ์ทำความสะอาด','2023-03-23 09:06:22',71,NULL,NULL,1),(7,4,'ST',1,0,0,0,'วัสดุ-อุปกรณ์ทำความสะอาด (น้ำยา)','วัสดุ-อุปกรณ์ทำความสะอาด(น้ำยา) ST','2023-03-23 09:08:48',71,NULL,NULL,1),(8,4,'FA',1,0,0,0,'วัสดุ-อุปกรณ์สำนักงาน','วัสดุ-อุปกรณ์สำนักงาน FA','2023-03-23 09:09:05',71,NULL,NULL,1),(9,4,'HA',1,0,0,0,'อื่นๆ','อื่นๆ HA','2023-03-23 09:09:21',71,NULL,NULL,1),(10,8,'01',1,0,0,0,'อุปกรณ์ทำความสะอาด-น้ำยา',NULL,'2023-04-07 10:38:11',1,NULL,NULL,1),(11,8,'02',1,0,0,0,'วัสดุ-อุปกรณ์อื่นๆ',NULL,'2023-04-07 10:38:11',1,NULL,NULL,1),(12,8,'03',1,0,0,0,'กระดาษ',NULL,'2023-04-07 10:38:11',1,NULL,NULL,1),(13,8,'04',1,0,0,0,'ปากกา',NULL,'2023-04-07 10:38:11',1,NULL,NULL,1),(14,8,'05',1,0,0,0,'ตลับหมึก',NULL,'2023-04-07 10:38:11',1,NULL,NULL,1),(15,8,'06',1,0,0,0,'วัสดุ-อุปกรณ์สำนักงาน',NULL,'2023-04-07 10:38:11',1,NULL,NULL,1),(16,8,'07',1,0,0,0,'กาว-เทปกาว',NULL,'2023-04-07 10:38:11',1,NULL,NULL,1);
/*!40000 ALTER TABLE `tb_category` ENABLE KEYS */;
UNLOCK TABLES;

--
-- Table structure for table `tb_dept`
--

DROP TABLE IF EXISTS `tb_dept`;
/*!40101 SET @saved_cs_client     = @@character_set_client */;
/*!50503 SET character_set_client = utf8mb4 */;
CREATE TABLE `tb_dept` (
  `id_dept` int(11) NOT NULL AUTO_INCREMENT,
  `dept_name` varchar(50) NOT NULL COMMENT 'ชื่อแผนก',
  `initial_name` varchar(15) DEFAULT NULL COMMENT 'ชื่อย่อแผนก',
  `dept_status` int(11) NOT NULL COMMENT '1-ใช้งาน/2-ยกเลิก',
  PRIMARY KEY (`id_dept`)
) ENGINE=InnoDB AUTO_INCREMENT=23 DEFAULT CHARSET=utf8 COLLATE=utf8_unicode_ci COMMENT='ตารางแผนก';
/*!40101 SET character_set_client = @saved_cs_client */;

--
-- Dumping data for table `tb_dept`
--

LOCK TABLES `tb_dept` WRITE;
/*!40000 ALTER TABLE `tb_dept` DISABLE KEYS */;
INSERT INTO `tb_dept` VALUES (1,'ฝ่ายบริหาร','MM',1),(2,'ฝ่ายการตลาด','MK',1),(3,'ฝ่ายบริการลูกค้า','CS',1),(4,'ฝ่ายขนส่ง','TP',1),(5,'ฝ่ายคลังสินค้า','WH',1),(6,'Inventory','WI',1),(7,'ซ่อมบำรุง','WM',1),(8,'ฝ่ายวิศวกรรม','EN',1),(9,'ฝ่ายบุคคล/ธุรการ','HA',1),(10,'บุคคล','HR',1),(11,'ธุรการ','AP',1),(12,'ฝ่ายบริหารจัดการระบบ','MI',1),(13,'เทคโนโลยีสารสนเทศ','IT',1),(14,'จัดการข้อมูล','MIS',1),(15,'ฝ่ายจัดซื้อ','PC',1),(16,'ฝ่ายบัญชี/การเงิน','AF',1),(17,'บัญชี','AC',1),(18,'การเงิน','FI',1),(19,'บริหารงบ','CC',1),(20,'ฝ่ายประกันคุณภาพ','QA',1),(21,'ความปลอดภัย','ST',1),(22,'ฝ่ายงานราชการ','GA',1);
/*!40000 ALTER TABLE `tb_dept` ENABLE KEYS */;
UNLOCK TABLES;

--
-- Table structure for table `tb_inven_adj`
--

DROP TABLE IF EXISTS `tb_inven_adj`;
/*!40101 SET @saved_cs_client     = @@character_set_client */;
/*!50503 SET character_set_client = utf8mb4 */;
CREATE TABLE `tb_inven_adj` (
  `id_adj` int(11) NOT NULL AUTO_INCREMENT,
  `ref_id_offsupp_location` int(11) NOT NULL COMMENT 'อ้างอิงไอดีไซต์งาน',
  `adj_date` date NOT NULL,
  `ref_id_rcv` int(11) NOT NULL,
  `adj_quantity` int(11) NOT NULL,
  `adj_remark` longtext NOT NULL,
  `adj_adddate` datetime NOT NULL,
  `ref_id_user_add` int(11) NOT NULL,
  `adj_editdate` datetime DEFAULT NULL,
  `ref_id_user_edit` int(11) DEFAULT NULL,
  PRIMARY KEY (`id_adj`),
  KEY `ref_id_offsupp_location` (`ref_id_offsupp_location`)
) ENGINE=InnoDB DEFAULT CHARSET=utf8 COLLATE=utf8_unicode_ci COMMENT='ตารางเก็บรายการปรับยอด';
/*!40101 SET character_set_client = @saved_cs_client */;

--
-- Dumping data for table `tb_inven_adj`
--

LOCK TABLES `tb_inven_adj` WRITE;
/*!40000 ALTER TABLE `tb_inven_adj` DISABLE KEYS */;
/*!40000 ALTER TABLE `tb_inven_adj` ENABLE KEYS */;
UNLOCK TABLES;

--
-- Table structure for table `tb_inven_balance`
--

DROP TABLE IF EXISTS `tb_inven_balance`;
/*!40101 SET @saved_cs_client     = @@character_set_client */;
/*!50503 SET character_set_client = utf8mb4 */;
CREATE TABLE `tb_inven_balance` (
  `id_balance` int(11) NOT NULL AUTO_INCREMENT,
  `ref_id_offsupp_location` int(11) NOT NULL COMMENT 'อ้างอิงไอดีไซต์งาน',
  `ref_id_rcv` int(11) NOT NULL COMMENT 'อ้างอิงไอดีใบรับ(tb_rcv) เพื่อดึงข้อมูล LOT',
  `total_balance` int(11) NOT NULL,
  PRIMARY KEY (`id_balance`),
  KEY `ref_id_offsupp_location` (`ref_id_offsupp_location`)
) ENGINE=InnoDB AUTO_INCREMENT=247 DEFAULT CHARSET=utf8 COLLATE=utf8_unicode_ci COMMENT='ตารางแสดงยอดคงเหลือวัสดุ ของ Lot นั้น **เพิ่ม/ลดจำนวน';
/*!40101 SET character_set_client = @saved_cs_client */;

--
-- Dumping data for table `tb_inven_balance`
--

LOCK TABLES `tb_inven_balance` WRITE;
/*!40000 ALTER TABLE `tb_inven_balance` DISABLE KEYS */;
INSERT INTO `tb_inven_balance` VALUES (1,121,1,8),(2,116,2,17),(3,115,3,240),(4,113,4,0),(5,111,5,0),(6,110,6,25),(7,109,7,5),(8,108,8,3),(9,105,9,28),(10,103,10,17),(11,100,11,0),(12,99,12,0),(13,98,13,0),(14,97,14,0),(15,95,15,0),(16,94,16,22),(17,93,17,0),(18,92,18,0),(19,91,19,0),(20,90,20,2),(21,89,21,0),(22,88,22,5),(23,87,23,0),(24,86,24,8),(25,85,25,0),(26,84,26,1000),(27,81,27,2),(28,80,28,57),(29,78,29,5),(30,77,30,2),(31,76,31,42),(32,75,32,56),(33,74,33,0),(34,73,34,2),(35,72,35,0),(36,71,36,5),(37,68,37,0),(38,61,38,0),(39,60,39,12),(40,58,40,106),(41,57,41,0),(42,53,42,6),(43,52,43,3),(44,51,44,4),(45,50,45,18),(46,47,46,0),(47,46,47,0),(48,45,48,0),(49,42,49,3),(50,39,50,0),(51,38,51,0),(52,37,52,20),(53,33,53,1),(54,27,54,0),(55,26,55,5),(56,25,56,0),(57,24,57,33),(58,23,58,0),(59,22,59,0),(60,15,60,7),(61,14,61,0),(62,13,62,7),(63,10,63,0),(64,9,64,0),(65,6,65,0),(66,3,66,0),(67,4,67,0),(68,3,68,0),(69,1,69,0),(70,123,70,0),(71,122,71,0),(73,2,73,4),(74,43,74,0),(75,10,75,0),(76,8,76,0),(77,38,77,9),(78,39,78,19),(79,40,79,6),(80,68,80,3),(81,126,0,0),(82,126,81,21),(83,127,82,5),(84,128,83,3),(85,129,84,3),(86,131,85,0),(87,133,86,3),(88,134,87,3),(89,135,88,0),(90,137,89,4),(91,207,90,2),(92,208,91,2),(93,139,92,2),(94,145,93,1),(95,146,94,46),(96,147,95,36),(97,209,96,3),(98,148,97,22),(99,149,98,14),(100,150,99,14),(101,151,100,5),(102,152,101,6),(103,154,102,5),(104,155,103,6),(105,156,104,6),(106,157,105,30),(107,158,106,3),(108,159,107,23),(109,160,108,35),(110,161,109,43),(111,163,110,35),(112,164,111,23),(113,165,112,21),(114,166,113,8),(115,167,114,17),(116,168,115,15),(117,169,116,18),(118,171,117,5),(119,172,118,3),(120,173,119,3),(121,174,120,0),(122,175,121,5),(123,176,122,1),(124,177,123,8),(125,178,124,6),(126,179,125,12),(127,180,126,8),(128,181,127,14),(129,182,128,12),(130,183,129,10),(131,184,130,22),(132,185,131,11),(133,189,132,6),(134,190,133,8),(135,194,134,17),(136,195,135,10),(137,196,136,13),(138,198,137,4),(139,199,138,8),(140,200,139,36),(141,201,140,30),(142,202,141,39),(143,196,142,0),(144,132,143,12),(145,143,144,0),(146,144,145,7),(147,193,146,5),(148,131,147,3),(149,159,148,25),(150,164,149,25),(151,136,150,4),(152,138,151,2),(153,170,152,8),(154,5,153,0),(155,6,154,2),(156,14,155,5),(157,15,156,12),(158,18,157,4),(159,22,158,3),(160,23,159,26),(161,74,160,140),(162,93,161,10),(163,95,162,32),(164,99,163,14),(165,107,164,8),(166,111,165,0),(167,112,166,0),(168,113,167,0),(169,56,168,3),(170,243,169,49),(171,242,170,32),(172,239,171,4),(173,233,172,3),(174,232,173,0),(175,218,174,1),(176,214,175,1),(177,212,176,3),(178,211,177,3),(179,210,178,2),(180,312,179,3),(181,319,180,6),(182,316,181,1),(183,317,182,1),(184,318,183,10),(185,337,184,1),(186,244,185,1),(187,258,186,3),(188,260,187,8),(189,261,188,8),(190,274,189,200),(191,292,190,2),(192,296,191,8),(193,294,192,6),(194,293,193,8),(195,309,194,1),(196,313,195,2),(197,285,196,4),(198,287,197,0),(199,338,198,1),(200,219,199,26),(201,278,200,0),(202,305,201,0),(203,326,202,2),(204,282,203,49),(205,311,204,90),(206,327,205,1),(207,328,206,1),(208,247,207,1),(209,314,208,34),(210,259,209,1),(211,280,210,3),(212,174,211,16),(213,176,212,5),(214,10,213,70),(215,1,214,4),(216,96,215,30),(217,1,216,5),(218,4,217,100),(219,5,218,15),(220,6,219,15),(221,100,220,5),(222,135,221,72),(223,162,222,24),(224,205,223,2),(225,204,224,12),(226,203,225,5),(227,197,226,3),(228,193,227,24),(229,188,228,2),(230,187,229,5),(231,169,230,24),(232,214,231,2),(233,285,232,10),(234,301,233,7),(235,302,234,5),(236,215,235,2),(237,213,236,10),(238,210,237,2),(239,211,238,1),(240,330,239,6),(241,330,240,6),(242,330,241,8),(243,315,242,20),(244,318,243,20),(245,289,244,400),(246,288,245,65);
/*!40000 ALTER TABLE `tb_inven_balance` ENABLE KEYS */;
UNLOCK TABLES;

--
-- Table structure for table `tb_inven_cut`
--

DROP TABLE IF EXISTS `tb_inven_cut`;
/*!40101 SET @saved_cs_client     = @@character_set_client */;
/*!50503 SET character_set_client = utf8mb4 */;
CREATE TABLE `tb_inven_cut` (
  `id_cut` int(11) NOT NULL AUTO_INCREMENT,
  `ref_id_offsupp_location` int(11) NOT NULL COMMENT 'อ้างอิงไอดีไซต์งาน',
  `cut_date` date NOT NULL COMMENT 'วันที่ตัดจ่าย',
  `ref_id_req` int(11) NOT NULL COMMENT 'อ้างอิงไอดีใบเบิก (tb_requisition)',
  `ref_id_offsupp` int(11) NOT NULL COMMENT 'อ้างอิงไอดีวัสดุ (tb_office_equip)',
  `ref_id_rcv` int(11) NOT NULL COMMENT 'อ้างอิงไอดีใบรับ(tb_rcv) เพื่อดึงข้อมูล LOT',
  `cut_quantity` int(11) NOT NULL,
  PRIMARY KEY (`id_cut`),
  KEY `idx_id_req` (`ref_id_req`),
  KEY `ref_id_offsupp_location` (`ref_id_offsupp_location`)
) ENGINE=InnoDB AUTO_INCREMENT=404 DEFAULT CHARSET=utf8 COLLATE=utf8_unicode_ci COMMENT='ตารางเก็บข้อมูลตัดจ่าย';
/*!40101 SET character_set_client = @saved_cs_client */;

--
-- Dumping data for table `tb_inven_cut`
--

LOCK TABLES `tb_inven_cut` WRITE;
/*!40000 ALTER TABLE `tb_inven_cut` DISABLE KEYS */;
INSERT INTO `tb_inven_cut` VALUES (1,121,'2023-02-14',3,121,1,1),(2,113,'2023-02-14',3,113,4,1),(3,121,'2023-02-14',4,121,1,1),(4,123,'2023-02-18',5,122,70,2),(5,122,'2023-02-18',5,123,71,5),(6,95,'2023-02-18',7,95,15,5),(7,99,'2023-02-18',8,99,12,2),(8,74,'2023-02-18',9,74,33,5),(9,72,'2023-02-18',9,72,35,5),(10,90,'2023-02-18',9,90,20,2),(11,14,'2023-02-18',9,14,61,5),(12,74,'2023-02-18',10,74,33,5),(13,72,'2023-02-18',10,72,35,5),(14,10,'2023-02-18',12,10,63,5),(15,72,'2023-02-18',11,72,35,2),(16,72,'2023-02-18',13,72,35,5),(17,39,'2023-02-18',13,39,50,1),(18,4,'2023-02-18',13,4,67,2),(19,72,'2023-02-18',14,72,35,5),(20,39,'2023-02-18',14,39,50,1),(21,113,'2023-02-18',14,113,4,1),(22,72,'2023-02-18',15,72,35,5),(23,43,'2023-02-18',15,43,74,2),(24,10,'2023-02-18',15,10,63,5),(25,72,'2023-02-18',16,72,35,5),(26,43,'2023-02-18',16,43,74,1),(27,10,'2023-02-20',66,10,75,5),(28,10,'2023-02-20',65,10,75,10),(29,72,'2023-02-20',64,72,35,12),(30,43,'2023-02-20',64,43,74,3),(31,99,'2023-02-20',63,99,12,2),(32,13,'2023-02-20',62,13,62,2),(33,74,'2023-02-20',62,74,33,10),(34,72,'2023-02-20',62,72,35,12),(35,43,'2023-02-20',62,43,74,3),(36,10,'2023-02-20',62,10,75,5),(37,1,'2023-02-20',61,1,69,1),(38,10,'2023-02-20',61,10,75,5),(39,87,'2023-02-20',60,87,23,10),(40,43,'2023-02-20',60,43,74,3),(41,10,'2023-02-20',60,10,75,5),(42,6,'2023-02-20',59,6,65,1),(43,1,'2023-02-20',59,1,69,1),(44,10,'2023-02-20',59,10,75,5),(45,99,'2023-02-20',58,99,12,1),(46,27,'2023-02-20',57,27,54,2),(47,74,'2023-02-20',57,74,33,6),(48,97,'2023-02-20',57,97,14,37),(49,33,'2023-02-20',56,33,53,2),(50,4,'2023-02-20',56,4,67,10),(51,15,'2023-02-20',55,15,60,5),(52,38,'2023-02-20',54,38,51,1),(53,3,'2023-02-20',54,3,66,1),(54,94,'2023-02-20',53,94,16,5),(55,87,'2023-02-20',53,87,23,20),(56,95,'2023-02-20',52,95,15,6),(57,94,'2023-02-20',51,94,16,10),(58,87,'2023-02-20',50,87,23,10),(59,108,'2023-02-20',49,108,8,1),(60,43,'2023-02-20',48,43,74,2),(61,24,'2023-02-20',47,24,57,6),(62,99,'2023-02-20',46,99,12,2),(63,39,'2023-02-20',45,39,50,4),(64,38,'2023-02-20',45,38,51,2),(65,87,'2023-02-20',45,87,23,15),(66,22,'2023-02-20',44,22,59,1),(67,87,'2023-02-20',43,87,23,20),(68,43,'2023-02-20',43,43,74,3),(69,99,'2023-02-20',42,99,12,2),(70,92,'2023-02-20',41,92,18,2),(71,23,'2023-02-20',41,23,58,4),(72,97,'2023-02-20',41,97,14,60),(73,43,'2023-02-20',41,43,74,6),(74,43,'2023-02-20',40,43,74,6),(75,103,'2023-02-20',39,103,10,2),(76,6,'2023-02-20',39,6,65,1),(77,97,'2023-02-20',39,97,14,2),(78,74,'2023-02-20',38,74,33,10),(79,92,'2023-02-20',38,92,18,2),(80,23,'2023-02-20',38,23,58,3),(81,87,'2023-02-20',37,87,23,10),(82,10,'2023-02-20',36,10,75,10),(83,99,'2023-02-20',35,99,12,3),(84,95,'2023-02-20',34,95,15,1),(85,2,'2023-02-20',32,2,73,1),(86,47,'2023-02-20',32,47,46,1),(87,98,'2023-02-20',32,98,13,2),(88,38,'2023-02-20',32,38,51,1),(89,89,'2023-02-20',31,89,21,2),(90,95,'2023-02-20',31,95,15,3),(91,39,'2023-02-20',31,39,50,2),(92,68,'2023-02-20',31,68,37,1),(93,4,'2023-02-20',31,4,67,3),(94,97,'2023-02-20',31,97,14,20),(95,24,'2023-02-20',30,24,57,5),(96,87,'2023-02-20',29,87,23,5),(97,39,'2023-02-20',28,39,50,1),(98,6,'2023-02-20',28,6,65,1),(99,87,'2023-02-20',28,87,23,5),(100,27,'2023-02-20',27,27,54,3),(101,23,'2023-02-20',27,23,58,1),(102,89,'2023-02-20',33,89,21,3),(103,38,'2023-02-20',33,38,51,1),(104,23,'2023-02-20',33,23,58,2),(105,60,'2023-02-20',26,60,39,4),(106,60,'2023-02-20',25,60,39,5),(107,60,'2023-02-20',24,60,39,5),(108,77,'2023-02-20',24,77,30,1),(109,78,'2023-02-20',23,78,29,1),(110,60,'2023-02-20',23,60,39,5),(111,77,'2023-02-20',23,77,30,1),(112,78,'2023-02-20',22,78,29,1),(113,14,'2023-02-20',22,14,61,1),(114,60,'2023-02-20',22,60,39,5),(115,77,'2023-02-20',22,77,30,1),(116,38,'2023-02-20',21,38,51,1),(117,38,'2023-02-20',20,38,51,1),(118,38,'2023-02-20',19,38,51,1),(119,113,'2023-02-20',18,113,4,5),(120,72,'2023-02-20',17,72,35,2),(121,39,'2023-02-20',17,39,50,1),(122,3,'2023-02-20',6,3,66,1),(123,95,'2023-02-20',6,95,15,5),(124,6,'2023-02-20',6,6,65,1),(125,37,'2023-02-20',6,37,52,2),(126,27,'2023-02-20',6,27,54,2),(127,3,'2023-03-17',69,3,66,1),(128,3,'2023-03-17',69,3,68,2),(129,3,'2023-03-17',69,3,68,2),(130,2,'2023-03-23',84,2,73,1),(131,99,'2023-03-23',84,99,12,2),(132,1,'2023-03-23',83,1,69,1),(133,126,'2023-03-23',85,124,0,10),(134,128,'2023-03-23',86,126,83,2),(135,180,'2023-03-23',87,178,126,8),(136,185,'2023-03-23',88,183,131,1),(137,178,'2023-03-23',88,176,124,1),(138,177,'2023-03-23',88,175,123,1),(139,196,'2023-03-23',88,194,142,1),(140,198,'2023-03-23',88,196,137,1),(141,157,'2023-03-23',88,155,105,5),(142,160,'2023-03-23',88,158,108,3),(143,167,'2023-03-23',88,165,114,1),(144,166,'2023-03-24',95,164,113,4),(145,164,'2023-03-24',95,162,111,5),(146,135,'2023-03-24',95,133,88,7),(147,167,'2023-03-24',95,165,114,4),(148,143,'2023-03-24',96,141,144,7),(149,157,'2023-03-24',97,155,105,10),(150,174,'2023-03-24',97,172,120,5),(151,176,'2023-03-24',97,174,122,1),(152,175,'2023-03-24',97,173,121,1),(153,181,'2023-03-24',97,179,127,2),(154,184,'2023-03-24',97,182,130,1),(155,174,'2023-03-24',98,172,120,3),(156,160,'2023-03-24',98,158,108,3),(157,157,'2023-03-24',98,155,105,15),(158,156,'2023-03-24',98,154,104,1),(159,152,'2023-03-27',103,150,101,2),(160,135,'2023-03-27',103,133,88,1),(161,68,'2023-03-29',92,68,80,2),(162,43,'2023-03-29',92,43,74,2),(163,97,'2023-03-29',92,97,14,30),(164,4,'2023-03-29',92,4,67,1),(165,38,'2023-03-29',93,38,51,2),(166,3,'2023-03-29',93,3,68,1),(167,10,'2023-03-29',94,10,75,5),(168,111,'2023-03-29',94,111,5,1),(169,43,'2023-03-29',94,43,74,1),(170,87,'2023-03-29',94,87,23,10),(171,3,'2023-03-29',99,3,68,1),(172,50,'2023-03-29',101,50,45,6),(173,25,'2023-03-29',101,25,56,1),(174,37,'2023-03-29',101,37,52,4),(175,97,'2023-03-29',101,97,14,60),(176,100,'2023-03-29',101,100,11,1),(177,74,'2023-03-29',101,74,33,6),(178,4,'2023-03-29',100,4,67,8),(179,87,'2023-03-29',100,87,23,10),(180,93,'2023-03-29',100,93,17,5),(181,38,'2023-03-29',102,38,77,2),(182,99,'2023-03-29',91,99,12,2),(183,24,'2023-03-29',90,24,57,12),(184,97,'2023-03-29',89,97,14,14),(185,87,'2023-03-29',89,87,23,10),(186,25,'2023-03-29',89,25,56,2),(187,3,'2023-03-29',83,3,68,1),(188,68,'2023-03-29',83,68,80,2),(189,4,'2023-03-29',83,4,67,1),(190,2,'2023-03-29',83,2,73,1),(191,43,'2023-03-29',83,43,74,2),(192,97,'2023-03-29',83,97,14,20),(193,39,'2023-03-29',83,39,50,2),(194,10,'2023-03-29',104,10,75,5),(195,38,'2023-03-29',82,38,77,2),(196,61,'2023-03-29',82,61,38,4),(197,39,'2023-03-29',81,39,78,3),(198,74,'2023-03-29',81,74,33,6),(199,38,'2023-03-29',80,38,77,1),(200,39,'2023-03-29',80,39,78,3),(201,10,'2023-03-29',80,10,75,5),(202,89,'2023-03-29',80,89,21,5),(203,97,'2023-03-29',79,97,14,94),(204,38,'2023-03-29',78,38,77,2),(205,103,'2023-03-29',77,103,10,2),(206,89,'2023-03-29',77,89,21,2),(207,6,'2023-03-29',75,6,65,1),(208,1,'2023-03-29',75,1,69,1),(209,72,'2023-03-29',74,72,35,6),(210,23,'2023-03-29',74,23,58,1),(211,43,'2023-03-29',74,43,74,2),(212,85,'2023-03-29',74,85,25,1),(213,39,'2023-03-29',74,39,78,1),(214,97,'2023-03-29',74,97,14,21),(215,6,'2023-03-29',76,6,65,1),(216,103,'2023-03-29',76,103,10,1),(217,91,'2023-03-29',76,91,19,2),(218,93,'2023-03-29',76,93,17,5),(219,77,'2023-03-29',72,77,30,2),(220,10,'2023-03-29',71,10,75,10),(221,43,'2023-03-29',71,43,74,4),(222,45,'2023-03-29',70,45,48,3),(223,23,'2023-03-29',70,23,58,2),(224,148,'2023-03-31',114,146,97,2),(225,146,'2023-03-31',114,144,94,4),(226,147,'2023-03-31',114,145,95,4),(231,135,'2023-03-31',116,133,88,6),(232,166,'2023-03-31',116,164,113,4),(233,167,'2023-03-31',116,165,114,4),(234,175,'2023-03-31',117,173,121,2),(235,176,'2023-03-31',117,174,122,1),(236,171,'2023-03-31',117,169,117,1),(237,174,'2023-03-31',117,172,120,5),(238,170,'2023-03-31',117,168,152,2),(239,185,'2023-03-31',117,183,131,3),(240,184,'2023-03-31',117,182,130,1),(241,177,'2023-03-31',117,175,123,2),(242,196,'2023-03-31',117,194,136,2),(243,138,'2023-03-31',119,136,151,2),(244,126,'2023-03-31',120,124,81,3),(245,160,'2023-03-31',120,158,108,2),(246,195,'2023-03-31',120,193,135,1),(247,10,'2023-04-01',105,10,75,5),(248,27,'2023-04-01',105,27,54,2),(249,10,'2023-04-01',106,10,75,10),(250,60,'2023-04-01',107,60,39,12),(251,61,'2023-04-01',107,61,38,2),(252,97,'2023-04-01',108,97,14,14),(253,94,'2023-04-01',108,94,16,10),(254,38,'2023-04-01',109,38,77,2),(255,3,'2023-04-01',109,3,68,1),(256,87,'2023-04-01',109,87,23,15),(257,111,'2023-04-01',109,111,5,1),(258,74,'2023-04-01',109,74,33,3),(259,89,'2023-04-01',112,89,21,3),(260,3,'2023-04-01',112,3,68,1),(261,25,'2023-04-01',111,25,56,3),(262,87,'2023-04-01',111,87,23,10),(263,93,'2023-04-01',111,93,17,2),(264,94,'2023-04-01',111,94,16,1),(265,1,'2023-04-01',122,1,69,3),(266,2,'2023-04-01',122,2,73,1),(267,3,'2023-04-01',122,3,68,5),(268,8,'2023-04-01',122,8,76,10),(269,122,'2023-04-01',122,123,71,5),(270,9,'2023-04-01',122,9,64,1),(271,10,'2023-04-01',122,10,75,15),(272,47,'2023-04-01',122,47,46,2),(273,50,'2023-04-01',122,50,45,1),(274,72,'2023-04-01',122,72,35,38),(275,123,'2023-04-01',122,122,70,13),(276,89,'2023-04-01',122,89,21,17),(277,92,'2023-04-01',122,92,18,7),(278,100,'2023-04-01',122,100,11,1),(279,132,'2023-04-03',125,130,143,1),(280,160,'2023-04-03',130,158,108,15),(281,157,'2023-04-03',130,155,105,10),(282,166,'2023-04-07',139,164,113,4),(283,167,'2023-04-07',139,165,114,4),(284,135,'2023-04-07',139,133,88,5),(285,131,'2023-04-07',139,129,85,1),(286,177,'2023-04-07',139,175,123,1),(287,178,'2023-04-07',139,176,124,1),(288,338,'2023-04-10',145,338,198,1),(289,287,'2023-04-10',145,286,197,2),(290,285,'2023-04-10',145,284,196,6),(291,232,'2023-04-10',145,231,173,1),(292,233,'2023-04-10',145,232,172,2),(293,242,'2023-04-10',145,241,170,10),(294,260,'2023-04-10',145,259,187,4),(295,174,'2023-04-10',148,172,211,5),(296,176,'2023-04-10',148,174,122,1),(297,219,'2023-04-11',149,218,199,2),(298,278,'2023-04-11',150,277,200,5),(299,305,'2023-04-11',150,304,201,5),(300,174,'2023-04-17',151,172,211,27),(301,212,'2023-04-17',156,211,176,1),(302,166,'2023-04-17',157,164,113,3),(303,167,'2023-04-17',157,165,114,5),(304,135,'2023-04-17',157,133,88,3),(305,159,'2023-04-17',157,157,107,5),(306,174,'2023-04-17',157,172,211,2),(307,282,'2023-04-18',146,281,203,1),(308,311,'2023-04-18',146,310,204,10),(309,233,'2023-04-18',158,232,172,5),(310,212,'2023-04-18',158,211,176,2),(311,244,'2023-04-18',158,243,185,1),(312,219,'2023-04-18',158,218,199,2),(313,57,'2023-04-18',110,57,41,1),(314,52,'2023-04-18',110,52,43,1),(315,39,'2023-04-18',113,39,78,3),(316,68,'2023-04-18',113,68,80,2),(317,2,'2023-04-18',113,2,73,1),(318,23,'2023-04-18',123,23,159,2),(319,72,'2023-04-18',123,72,35,12),(320,38,'2023-04-18',126,38,77,2),(321,93,'2023-04-18',126,93,17,3),(322,93,'2023-04-18',126,93,161,2),(323,113,'2023-04-18',124,113,167,7),(324,18,'2023-04-18',124,18,157,1),(325,112,'2023-04-18',124,112,166,1),(326,111,'2023-04-18',124,111,165,1),(327,74,'2023-04-18',123,74,33,6),(328,40,'2023-04-18',121,40,79,4),(329,78,'2023-04-18',121,78,29,3),(330,77,'2023-04-18',121,77,30,3),(331,23,'2023-04-18',127,23,159,2),(332,23,'2023-04-18',128,23,159,5),(333,6,'2023-04-18',128,6,154,1),(334,68,'2023-04-18',128,68,80,2),(335,39,'2023-04-18',128,39,78,5),(336,25,'2023-04-18',128,25,56,2),(337,37,'2023-04-18',128,37,52,1),(338,99,'2023-04-18',128,99,163,1),(339,93,'2023-04-18',128,93,161,5),(340,95,'2023-04-18',128,95,162,5),(341,99,'2023-04-18',129,99,163,2),(342,74,'2023-04-18',129,74,33,6),(343,6,'2023-04-18',129,6,154,1),(344,61,'2023-04-18',131,61,38,2),(345,56,'2023-04-18',131,56,168,5),(346,25,'2023-04-18',131,25,56,1),(347,72,'2023-04-18',131,72,35,1),(348,105,'2023-04-18',132,105,9,8),(349,24,'2023-04-18',132,24,57,6),(350,52,'2023-04-18',132,52,43,1),(351,25,'2023-04-18',132,25,56,1),(352,58,'2023-04-18',132,58,40,2),(353,27,'2023-04-18',133,27,54,3),(354,74,'2023-04-18',133,74,33,6),(355,39,'2023-04-18',133,39,78,1),(356,23,'2023-04-18',133,23,159,1),(357,72,'2023-04-18',133,72,35,5),(358,26,'2023-04-18',133,26,55,1),(359,74,'2023-04-18',134,74,33,10),(360,5,'2023-04-18',135,5,153,2),(361,6,'2023-04-18',136,6,154,1),(362,95,'2023-04-18',136,95,162,5),(363,2,'2023-04-18',135,2,73,1),(364,74,'2023-04-18',136,74,33,6),(365,39,'2023-04-18',136,39,78,4),(366,23,'2023-04-18',137,23,159,3),(367,107,'2023-04-18',137,107,164,8),(368,26,'2023-04-18',138,26,55,3),(369,37,'2023-04-18',138,37,52,4),(370,95,'2023-04-18',138,95,162,1),(371,93,'2023-04-18',138,93,161,1),(372,14,'2023-04-18',138,14,155,2),(373,99,'2023-04-18',155,99,163,1),(374,10,'2023-04-18',154,10,213,5),(375,116,'2023-04-18',154,116,2,3),(376,1,'2023-04-18',154,1,214,1),(377,10,'2023-04-18',153,10,213,10),(378,10,'2023-04-18',152,10,213,5),(379,26,'2023-04-18',152,26,55,1),(380,74,'2023-04-18',144,74,33,6),(381,39,'2023-04-18',144,39,78,1),(382,38,'2023-04-18',143,38,77,1),(383,76,'2023-04-18',143,76,31,8),(384,95,'2023-04-18',142,95,162,5),(385,23,'2023-04-18',142,23,159,1),(386,38,'2023-04-18',142,38,77,1),(387,74,'2023-04-18',142,74,33,6),(388,233,'2023-04-18',160,232,172,2),(389,14,'2023-04-18',141,14,155,2),(390,74,'2023-04-18',141,74,160,6),(391,99,'2023-04-18',141,99,163,3),(392,15,'2023-04-18',141,15,60,1),(393,10,'2023-04-20',159,10,213,10),(394,14,'2023-04-20',159,14,155,5),(395,46,'2023-04-20',159,46,47,1),(396,74,'2023-04-20',159,74,160,8),(397,56,'2023-04-20',159,56,168,2),(398,58,'2023-04-20',159,58,40,12),(399,61,'2023-04-20',159,61,38,3),(400,95,'2023-04-20',161,95,162,10),(401,242,'2023-04-20',174,241,170,2),(402,301,'2023-04-21',179,300,233,5),(403,302,'2023-04-21',179,301,234,5);
/*!40000 ALTER TABLE `tb_inven_cut` ENABLE KEYS */;
UNLOCK TABLES;

--
-- Table structure for table `tb_inven_rcv`
--

DROP TABLE IF EXISTS `tb_inven_rcv`;
/*!40101 SET @saved_cs_client     = @@character_set_client */;
/*!50503 SET character_set_client = utf8mb4 */;
CREATE TABLE `tb_inven_rcv` (
  `id_rcv` int(11) NOT NULL AUTO_INCREMENT,
  `ref_id_offsupp_location` int(11) NOT NULL COMMENT 'อ้างอิงไอดีไซต์งาน',
  `ref_po_no` varchar(30) NOT NULL COMMENT 'อ้างอิง PO(กรอกเอง)',
  `rcv_date` date NOT NULL,
  `rcv_lot` varchar(50) NOT NULL COMMENT 'ลอตที่รับเข้า (กรอกเอง)',
  `rcv_quantity` int(11) NOT NULL COMMENT 'จำนวน',
  `unit_price` double NOT NULL COMMENT 'ราคาต่อหน่วย',
  `rcv_adddate` datetime NOT NULL,
  `ref_id_user_add` int(11) NOT NULL,
  `rev_editdate` datetime DEFAULT NULL,
  `ref_id_user_edit` int(11) DEFAULT NULL,
  PRIMARY KEY (`id_rcv`),
  KEY `ref_id_location` (`ref_id_offsupp_location`)
) ENGINE=InnoDB AUTO_INCREMENT=246 DEFAULT CHARSET=utf8 COLLATE=utf8_unicode_ci COMMENT='ตารางเก็บข้อมูลรับเข้า';
/*!40101 SET character_set_client = @saved_cs_client */;

--
-- Dumping data for table `tb_inven_rcv`
--

LOCK TABLES `tb_inven_rcv` WRITE;
/*!40000 ALTER TABLE `tb_inven_rcv` DISABLE KEYS */;
INSERT INTO `tb_inven_rcv` VALUES (1,121,'-','2023-02-06','-',10,390,'2023-02-06 14:03:13',58,NULL,NULL),(2,116,'-','2023-02-06','-',20,70,'2023-02-06 14:05:09',58,NULL,NULL),(3,115,'-','2023-02-06','-',240,15,'2023-02-06 14:07:22',58,NULL,NULL),(4,113,'-','2023-02-06','-',7,40,'2023-02-06 14:07:59',58,NULL,NULL),(5,111,'-','2023-02-06','-',2,620,'2023-02-06 14:08:35',58,NULL,NULL),(6,110,'-','2023-02-06','-',25,40,'2023-02-06 14:09:15',58,NULL,NULL),(7,109,'-','2023-02-06','-',5,54,'2023-02-06 14:09:52',58,NULL,NULL),(8,108,'-','2023-02-06','-',4,33,'2023-02-06 14:10:19',58,NULL,NULL),(9,105,'-','2023-02-06','-',36,24,'2023-02-06 14:11:00',58,NULL,NULL),(10,103,'-','2023-02-06','-',22,50,'2023-02-06 14:11:34',58,NULL,NULL),(11,100,'-','2023-02-06','-',2,2200,'2023-02-06 14:12:08',58,NULL,NULL),(12,99,'-','2023-02-06','-',16,690,'2023-02-06 14:13:00',58,NULL,NULL),(13,98,'-','2023-02-06','-',2,49,'2023-02-06 14:13:33',58,NULL,NULL),(14,97,'-','2023-02-06','-',372,3,'2023-02-06 14:14:17',58,NULL,NULL),(15,95,'-','2023-02-06','-',20,36,'2023-02-06 14:14:49',58,NULL,NULL),(16,94,'-','2023-02-06','-',48,36,'2023-02-06 14:15:10',58,NULL,NULL),(17,93,'-','2023-02-06','-',15,36,'2023-02-06 14:15:37',58,NULL,NULL),(18,92,'-','2023-02-06','-',11,350,'2023-02-06 14:16:08',58,NULL,NULL),(19,91,'-','2023-02-06','-',2,40,'2023-02-06 14:16:33',58,NULL,NULL),(20,90,'-','2023-02-06','-',4,75,'2023-02-06 14:17:03',58,NULL,NULL),(21,89,'-','2023-02-06','-',32,40,'2023-02-06 14:17:35',58,NULL,NULL),(22,88,'-','2023-02-06','-',5,37,'2023-02-06 14:18:01',58,NULL,NULL),(23,87,'-','2023-02-06','-',150,3,'2023-02-06 14:18:28',58,NULL,NULL),(24,86,'-','2023-02-06','-',8,640,'2023-02-06 14:18:56',58,NULL,NULL),(25,85,'-','2023-02-06','-',1,340,'2023-02-06 14:19:35',58,NULL,NULL),(26,84,'-','2023-02-06','-',1000,6,'2023-02-06 14:20:01',58,NULL,NULL),(27,81,'-','2023-02-06','-',2,1100,'2023-02-06 14:20:44',58,NULL,NULL),(28,80,'-','2023-02-06','-',57,135,'2023-02-06 14:21:23',58,NULL,NULL),(29,78,'-','2023-02-06','-',10,1200,'2023-02-06 14:22:02',58,NULL,NULL),(30,77,'-','2023-02-06','-',10,1200,'2023-02-06 14:22:36',58,NULL,NULL),(31,76,'-','2023-02-06','-',50,95,'2023-02-06 14:23:02',58,NULL,NULL),(32,75,'-','2023-02-06','-',56,450,'2023-02-06 14:23:30',58,NULL,NULL),(33,74,'-','2023-02-06','-',97,170,'2023-02-06 14:23:56',58,NULL,NULL),(34,73,'-','2023-02-06','-',2,0,'2023-02-06 14:24:19',58,NULL,NULL),(35,72,'-','2023-02-06','-',120,16,'2023-02-06 14:24:47',58,NULL,NULL),(36,71,'-','2023-02-06','-',5,179,'2023-02-06 14:25:12',58,NULL,NULL),(37,68,'-','2023-02-06','-',1,500,'2023-02-06 14:25:50',58,NULL,NULL),(38,61,'-','2023-02-06','-',11,6,'2023-02-06 14:26:37',58,NULL,NULL),(39,60,'-','2023-02-06','-',48,17,'2023-02-06 14:27:04',58,NULL,NULL),(40,58,'-','2023-02-06','-',120,2,'2023-02-06 14:27:28',58,NULL,NULL),(41,57,'-','2023-02-06','-',1,20,'2023-02-06 14:27:54',58,NULL,NULL),(42,53,'-','2023-02-06','-',6,6,'2023-02-06 14:29:21',58,NULL,NULL),(43,52,'-','2023-02-06','-',5,60,'2023-02-06 14:29:50',58,NULL,NULL),(44,51,'-','2023-02-06','-',4,40,'2023-02-06 14:31:13',58,NULL,NULL),(45,50,'-','2023-02-06','-',25,0,'2023-02-06 14:31:29',58,NULL,NULL),(46,47,'-','2023-02-06','-',3,195,'2023-02-06 14:32:01',58,NULL,NULL),(47,46,'-','2023-02-06','-',1,28,'2023-02-06 14:32:27',58,NULL,NULL),(48,45,'-','2023-02-06','-',3,55,'2023-02-06 14:32:47',58,NULL,NULL),(49,42,'-','2023-02-06','-',3,600,'2023-02-06 14:33:09',58,NULL,NULL),(50,39,'-','2023-02-06','-',12,70,'2023-02-06 14:33:49',58,NULL,NULL),(51,38,'-','2023-02-06','-',10,450,'2023-02-06 14:34:31',58,NULL,NULL),(52,37,'-','2023-02-06','-',31,6,'2023-02-06 14:34:56',58,NULL,NULL),(53,33,'-','2023-02-06','-',3,16,'2023-02-06 14:35:30',58,NULL,NULL),(54,27,'-','2023-02-06','-',12,8,'2023-02-06 14:36:16',58,NULL,NULL),(55,26,'-','2023-02-06','-',10,8,'2023-02-06 14:36:42',58,NULL,NULL),(56,25,'-','2023-02-06','-',10,9,'2023-02-06 14:37:00',58,NULL,NULL),(57,24,'-','2023-02-06','-',62,37,'2023-02-06 14:37:27',58,NULL,NULL),(58,23,'-','2023-02-06','-',13,975,'2023-02-06 14:37:52',58,NULL,NULL),(59,22,'-','2023-02-06','-',1,760,'2023-02-06 14:38:14',58,NULL,NULL),(60,15,'-','2023-02-06','-',13,165,'2023-02-06 14:38:49',58,NULL,NULL),(61,14,'-','2023-02-06','-',6,165,'2023-02-06 14:39:10',58,NULL,NULL),(62,13,'-','2023-02-06','-',9,155,'2023-02-06 14:39:39',58,NULL,NULL),(63,10,'-','2023-02-06','-',10,76,'2023-02-06 14:40:13',58,NULL,NULL),(64,9,'-','2023-02-06','-',1,175,'2023-02-06 14:40:37',58,NULL,NULL),(65,6,'-','2023-02-06','-',6,580,'2023-02-06 14:41:05',58,NULL,NULL),(66,3,'-','2023-02-06','-',3,380,'2023-02-06 14:41:36',58,NULL,NULL),(67,4,'-','2023-02-06','-',25,28,'2023-02-06 14:42:11',58,NULL,NULL),(68,3,'-','2023-02-06','-',14,180,'2023-02-06 14:42:43',58,NULL,NULL),(69,1,'-','2023-02-06','-',7,450,'2023-02-06 14:43:14',58,NULL,NULL),(70,123,'ทดสอบรับเข้า 2023-02-15','2023-02-15','ลอต 2023-02-15',15,10,'2023-02-15 10:44:59',1,NULL,NULL),(71,122,'ทดสอบรับเข้า 2023-02-15','2023-02-15','ลอตทดสอบ 2023-02-15',10,5,'2023-02-15 10:45:37',1,NULL,NULL),(73,2,'23010068','2023-02-18','64-17-5',10,950,'2023-02-18 06:09:21',59,NULL,NULL),(74,43,'23010066','2023-02-18','61001008',40,290,'2023-02-18 06:23:53',59,NULL,NULL),(75,10,'23020039','2023-02-18','61001013',100,76,'2023-02-18 08:56:11',59,NULL,NULL),(76,8,'PO12456','2023-03-17','2023-03-17/10แกลลอน',10,100,'2023-03-17 07:12:08',1,NULL,NULL),(77,38,'23030090','2023-03-22','22-03-2023-1',22,450,'2023-03-22 01:16:45',59,NULL,NULL),(78,39,'23030090','2023-03-22','22-03-23-2',40,70,'2023-03-22 01:17:30',59,NULL,NULL),(79,40,'23030090','2023-03-22','23-03-23-3',10,170,'2023-03-22 01:18:08',59,NULL,NULL),(80,68,'23030090','2023-03-22','23-03-23-4',11,500,'2023-03-22 01:18:51',59,NULL,NULL),(81,126,'-','2023-03-23','-',30,0,'2023-03-23 07:02:28',28,NULL,NULL),(82,127,'-','2023-03-23','-',5,0,'2023-03-23 07:03:40',28,NULL,NULL),(83,128,'-','2023-03-23','-',5,0,'2023-03-23 07:03:57',28,NULL,NULL),(84,129,'-','2023-03-23','เบอร์เสื้อ  020/017/019',3,0,'2023-03-23 07:10:09',28,NULL,NULL),(85,131,'-','2023-03-23','-',1,0,'2023-03-23 07:12:50',28,NULL,NULL),(86,133,'-','2023-03-23','HR',3,0,'2023-03-23 07:13:15',28,NULL,NULL),(87,134,'-','2023-03-23','HR',3,0,'2023-03-23 07:13:36',28,NULL,NULL),(88,135,'-','2023-03-23','HR',22,0,'2023-03-23 07:13:59',28,NULL,NULL),(89,137,'-','2023-03-23','-',4,0,'2023-03-23 07:21:48',28,NULL,NULL),(90,207,'-','2023-03-23','-',2,0,'2023-03-23 07:22:06',28,NULL,NULL),(91,208,'-','2023-03-23','-',2,0,'2023-03-23 07:22:33',28,NULL,NULL),(92,139,'-','2023-03-23','-',2,0,'2023-03-23 07:22:52',28,NULL,NULL),(93,145,'-','2023-03-23','-',1,0,'2023-03-23 07:24:46',28,NULL,NULL),(94,146,'-','2023-03-23','-',50,0,'2023-03-23 07:25:05',28,NULL,NULL),(95,147,'-','2023-03-23','-',40,0,'2023-03-23 07:25:21',28,NULL,NULL),(96,209,'-','2023-03-23','-',3,0,'2023-03-23 07:25:52',28,NULL,NULL),(97,148,'-','2023-03-23','-',24,0,'2023-03-23 07:26:19',28,NULL,NULL),(98,149,'-','2023-03-23','-',14,0,'2023-03-23 07:26:35',28,NULL,NULL),(99,150,'-','2023-03-23','-',14,0,'2023-03-23 07:26:53',28,NULL,NULL),(100,151,'-','2023-03-23','-',5,0,'2023-03-23 07:27:24',28,NULL,NULL),(101,152,'-','2023-03-23','-',8,0,'2023-03-23 07:28:19',28,NULL,NULL),(102,154,'-','2023-03-23','-',5,0,'2023-03-23 07:28:37',28,NULL,NULL),(103,155,'-','2023-03-23','-',6,0,'2023-03-23 07:30:28',28,NULL,NULL),(104,156,'-','2023-03-23','-',7,0,'2023-03-23 07:30:47',28,NULL,NULL),(105,157,'-','2023-03-23','-',70,0,'2023-03-23 07:31:11',28,NULL,NULL),(106,158,'-','2023-03-23','-',3,0,'2023-03-23 07:32:04',28,NULL,NULL),(107,159,'-','2023-03-23','-',28,0,'2023-03-23 07:32:21',28,NULL,NULL),(108,160,'-','2023-03-23','-',62,0,'2023-03-23 07:32:44',28,NULL,NULL),(109,161,'-','2023-03-23','-',43,0,'2023-03-23 07:33:04',28,NULL,NULL),(110,163,'-','2023-03-23','-',35,0,'2023-03-23 07:33:27',28,NULL,NULL),(111,164,'-','2023-03-23','-',28,0,'2023-03-23 07:33:48',28,NULL,NULL),(112,165,'-','2023-03-23','-',21,0,'2023-03-23 07:34:12',28,NULL,NULL),(113,166,'-','2023-03-23','-',23,0,'2023-03-23 07:34:55',28,NULL,NULL),(114,167,'-','2023-03-23','-',35,0,'2023-03-23 07:35:40',28,NULL,NULL),(115,168,'-','2023-03-23','-',15,0,'2023-03-23 07:35:59',28,NULL,NULL),(116,169,'-','2023-03-23','-',18,0,'2023-03-23 08:03:32',28,NULL,NULL),(117,171,'-','2023-03-23','-',6,0,'2023-03-23 08:04:41',28,NULL,NULL),(118,172,'-','2023-03-23','-',3,0,'2023-03-23 08:05:07',28,NULL,NULL),(119,173,'-','2023-03-23','-',3,0,'2023-03-23 08:05:23',28,NULL,NULL),(120,174,'-','2023-03-23','-',13,0,'2023-03-23 08:05:57',28,NULL,NULL),(121,175,'-','2023-03-23','-',8,0,'2023-03-23 08:06:12',28,NULL,NULL),(122,176,'-','2023-03-23','-',4,0,'2023-03-23 08:06:32',28,NULL,NULL),(123,177,'-','2023-03-23','-',14,0,'2023-03-23 08:06:55',28,NULL,NULL),(124,178,'-','2023-03-23','-',8,0,'2023-03-23 08:07:15',28,NULL,NULL),(125,179,'-','2023-03-23','-',12,0,'2023-03-23 08:07:31',28,NULL,NULL),(126,180,'-','2023-03-23','-',16,0,'2023-03-23 08:07:57',28,NULL,NULL),(127,181,'-','2023-03-23','-',16,0,'2023-03-23 08:08:23',28,NULL,NULL),(128,182,'-','2023-03-23','-',12,0,'2023-03-23 08:08:38',28,NULL,NULL),(129,183,'-','2023-03-23','-',10,0,'2023-03-23 08:08:53',28,NULL,NULL),(130,184,'-','2023-03-23','-',24,0,'2023-03-23 08:10:22',28,NULL,NULL),(131,185,'-','2023-03-23','-',15,0,'2023-03-23 08:10:51',28,NULL,NULL),(132,189,'-','2023-03-23','No.109',6,0,'2023-03-23 08:11:24',28,NULL,NULL),(133,190,'-','2023-03-23','-',8,0,'2023-03-23 08:11:36',28,NULL,NULL),(134,194,'-','2023-03-23','-',17,0,'2023-03-23 08:12:21',28,NULL,NULL),(135,195,'-','2023-03-23','-',13,0,'2023-03-23 08:12:34',28,NULL,NULL),(136,196,'-','2023-03-23','-',15,0,'2023-03-23 08:13:00',28,NULL,NULL),(137,198,'-','2023-03-23','-',5,0,'2023-03-23 08:16:00',28,NULL,NULL),(138,199,'-','2023-03-23','-',8,0,'2023-03-23 08:16:44',28,NULL,NULL),(139,200,'-','2023-03-23','-',36,0,'2023-03-23 08:17:17',28,NULL,NULL),(140,201,'-','2023-03-23','-',30,0,'2023-03-23 08:18:06',28,NULL,NULL),(141,202,'-','2023-03-23','-',39,0,'2023-03-23 08:18:29',28,NULL,NULL),(142,196,'-','2023-03-23','ยอดยกมา',1,0,'2023-03-23 08:42:14',28,NULL,NULL),(143,132,'-','2023-03-23','-',13,0,'2023-03-24 07:47:58',28,NULL,NULL),(144,143,'-','2023-03-24','-',7,0,'2023-03-24 07:48:59',28,NULL,NULL),(145,144,'-','2023-03-24','-',7,0,'2023-03-24 07:49:49',28,NULL,NULL),(146,193,'-','2023-03-24','-',5,0,'2023-03-24 08:19:30',28,NULL,NULL),(147,131,'23030008','2023-03-27','-',3,110,'2023-03-27 04:31:02',28,NULL,NULL),(148,159,'23030008','2023-03-27','-',25,36,'2023-03-27 04:31:38',28,NULL,NULL),(149,164,'23030008','2023-03-27','-',25,36,'2023-03-27 04:32:01',28,NULL,NULL),(150,136,'23030008','2023-03-27','-',4,80,'2023-03-27 04:33:00',28,NULL,NULL),(151,138,'-','2023-03-30','PUMPKIN12\"',4,0,'2023-03-30 02:44:06',28,NULL,NULL),(152,170,'-','2023-03-31','-',10,0,'2023-03-31 06:44:43',28,NULL,NULL),(153,5,'-','2023-04-01','-',2,450,'2023-04-01 09:32:14',59,NULL,NULL),(154,6,'-','2023-04-01','-',5,570,'2023-04-01 09:32:47',59,NULL,NULL),(155,14,'-','2023-04-01','-',14,135,'2023-04-01 09:33:40',59,NULL,NULL),(156,15,'-','2023-04-01','-',12,135,'2023-04-01 09:34:03',59,NULL,NULL),(157,18,'-','2023-04-01','-',5,135,'2023-04-01 09:34:19',59,NULL,NULL),(158,22,'-','2023-04-01','-',3,650,'2023-04-01 09:34:44',59,NULL,NULL),(159,23,'-','2023-04-01','-',40,975,'2023-04-01 09:35:10',59,NULL,NULL),(160,74,'-','2023-04-01','-',154,180,'2023-04-01 09:36:38',59,NULL,NULL),(161,93,'-','2023-04-01','-',18,36,'2023-04-01 09:46:23',59,NULL,NULL),(162,95,'-','2023-04-01','-',58,36,'2023-04-01 09:46:52',59,NULL,NULL),(163,99,'-','2023-04-01','-',21,600,'2023-04-01 09:47:27',59,NULL,NULL),(164,107,'-','2023-04-01','-',16,24,'2023-04-01 09:47:45',59,NULL,NULL),(165,111,'-','2023-04-01','-',1,650,'2023-04-01 09:48:09',59,NULL,NULL),(166,112,'-','2023-04-01','-',1,625,'2023-04-01 09:48:22',59,NULL,NULL),(167,113,'-','2023-04-01','-',7,36,'2023-04-01 09:48:52',59,NULL,NULL),(168,56,'-','2023-04-05','-',10,2,'2023-04-05 01:18:41',59,NULL,NULL),(169,243,'Stock','2023-04-08','Stock',49,10,'2023-04-08 02:40:00',65,NULL,NULL),(170,242,'stock','2023-04-08','stock',44,10,'2023-04-08 02:44:14',65,NULL,NULL),(171,239,'stock','2023-04-08','stock',4,15,'2023-04-08 02:48:30',65,NULL,NULL),(172,233,'stock','2023-04-08','stock',12,10,'2023-04-08 02:49:30',65,NULL,NULL),(173,232,'stock','2023-04-08','stock',1,10,'2023-04-08 02:50:37',65,NULL,NULL),(174,218,'stock','2023-04-08','stock',1,259,'2023-04-08 02:53:12',65,NULL,NULL),(175,214,'stock','2023-04-08','stock',1,799,'2023-04-08 02:56:06',65,NULL,NULL),(176,212,'PR23030174','2023-04-08','280323',6,600,'2023-04-08 03:01:39',65,NULL,NULL),(177,211,'stock','2023-04-08','stock',3,864,'2023-04-08 03:07:40',65,NULL,NULL),(178,210,'stock','2023-04-08','stock',2,875,'2023-04-08 03:10:28',65,NULL,NULL),(179,312,'stock','2023-04-08','stock',3,209,'2023-04-08 03:13:31',65,NULL,NULL),(180,319,'stock','2023-04-08','stock',6,39,'2023-04-08 03:15:10',65,NULL,NULL),(181,316,'stock','2023-04-08','stock',1,140,'2023-04-08 03:24:13',65,NULL,NULL),(182,317,'stock','2023-04-08','stock',1,149,'2023-04-08 03:25:41',65,NULL,NULL),(183,318,'stock','2023-04-08','stcok',10,30,'2023-04-08 03:34:32',65,NULL,NULL),(184,337,'stock','2023-04-08','stock',1,430,'2023-04-08 03:40:09',65,NULL,NULL),(185,244,'stock','2023-04-08','stock',2,155,'2023-04-08 03:43:25',65,NULL,NULL),(186,258,'stock','2023-04-08','stock',3,8,'2023-04-08 03:48:10',65,NULL,NULL),(187,260,'stock','2023-04-08','stock',12,5,'2023-04-08 03:48:54',65,NULL,NULL),(188,261,'stock','2023-04-08','stock',8,5,'2023-04-08 03:50:04',65,NULL,NULL),(189,274,'stock','2023-04-08','stock',200,2,'2023-04-08 03:56:10',65,NULL,NULL),(190,292,'stock','2023-04-08','stock',2,20,'2023-04-08 04:21:29',65,NULL,NULL),(191,296,'stock','2023-04-08','stock',8,35,'2023-04-08 04:25:06',65,NULL,NULL),(192,294,'stock','2023-04-08','stock',6,12,'2023-04-08 04:34:46',65,NULL,NULL),(193,293,'stock','2023-04-08','stock',8,12,'2023-04-08 04:36:02',65,NULL,NULL),(194,309,'stock','2023-04-08','stock',1,69,'2023-04-08 04:38:57',65,NULL,NULL),(195,313,'stock','2023-04-08','stock',2,175,'2023-04-08 04:40:58',65,NULL,NULL),(196,285,'JPAC','2023-04-08','JPAC',10,30,'2023-04-10 02:29:10',65,NULL,NULL),(197,287,'stock','2023-04-08','stock',2,20,'2023-04-10 02:30:59',65,NULL,NULL),(198,338,'PR23030076','2023-03-31','PR23030076',2,850,'2023-04-10 03:52:01',65,NULL,NULL),(199,219,'SI2304020780','2023-04-10','SI2304020780',30,76,'2023-04-10 05:00:28',65,NULL,NULL),(200,278,'SI2304022376','2023-04-10','SI2304022376',5,63,'2023-04-10 05:01:43',65,NULL,NULL),(201,305,'SI2304022376','2023-04-10','SI2304022376',5,148,'2023-04-10 05:04:57',65,NULL,NULL),(202,326,'SI2304022376','2023-04-10','SI2304022376',2,303,'2023-04-10 05:05:47',65,NULL,NULL),(203,282,'SI2304022376','2023-04-10','SI2304022376',50,37,'2023-04-10 05:08:13',65,NULL,NULL),(204,311,'SI2304022376','2023-04-10','SI2304022376',100,37,'2023-04-10 06:27:37',65,NULL,NULL),(205,327,'SI2304022376','2023-04-10','SI2304022376',1,280,'2023-04-10 06:30:17',65,NULL,NULL),(206,328,'SI2304022376','2023-04-10','SI2304022376',1,852,'2023-04-10 06:30:50',65,NULL,NULL),(207,247,'SI2304022376','2023-04-10','SI2304022376',1,100,'2023-04-10 06:31:56',65,NULL,NULL),(208,314,'stock','2023-04-10','stock',34,10,'2023-04-10 06:35:14',65,NULL,NULL),(209,259,'SI2304022376','2023-04-10','SI2304022376',1,20,'2023-04-10 06:37:16',65,NULL,NULL),(210,280,'SI2304022376','2023-04-10','SI2304022376',3,74,'2023-04-10 06:38:44',65,NULL,NULL),(211,174,'23040003','2023-04-10','064106042023',50,0,'2023-04-10 07:09:52',28,NULL,NULL),(212,176,'23040003','2023-04-10','064106042023',5,0,'2023-04-10 07:10:32',28,NULL,NULL),(213,10,'23040042','2023-04-17','-',100,76,'2023-04-17 01:03:23',59,NULL,NULL),(214,1,'23040041','2023-04-17','032521022023',5,450,'2023-04-17 01:04:58',59,NULL,NULL),(215,96,'-','2023-04-17','-',30,36,'2023-04-17 01:26:40',59,NULL,NULL),(216,1,'23040041','2023-04-19','067611042023',5,450,'2023-04-19 01:27:37',59,NULL,NULL),(217,4,'23040041','2023-04-19','055831032023',100,28,'2023-04-19 01:28:50',59,NULL,NULL),(218,5,'23040041','2023-04-19','055727032023',15,380,'2023-04-19 01:29:39',59,NULL,NULL),(219,6,'23040041','2023-04-19','067511042023',15,580,'2023-04-19 01:30:16',59,NULL,NULL),(220,100,'23040040','2023-04-19','-',5,2200,'2023-04-19 01:57:56',59,NULL,NULL),(221,135,'II23040112/23040005','2023-04-19','-',72,0,'2023-04-19 04:43:29',28,NULL,NULL),(222,162,'II23040112/23040005','2023-04-19','',24,38,'2023-04-19 04:44:29',28,NULL,NULL),(223,205,'23040004','2023-04-19','-',2,40,'2023-04-19 04:45:22',28,NULL,NULL),(224,204,'23040004','2023-04-19','-',12,0,'2023-04-19 04:45:40',28,NULL,NULL),(225,203,'23040004','2023-04-19','-',5,0,'2023-04-19 04:46:02',28,NULL,NULL),(226,197,'23040004','2023-04-19','-',3,0,'2023-04-19 04:46:44',28,NULL,NULL),(227,193,'23040004','2023-04-19','',24,0,'2023-04-19 04:47:01',28,NULL,NULL),(228,188,'23040004','2023-04-19','',2,0,'2023-04-19 04:47:41',28,NULL,NULL),(229,187,'23040004','2023-04-19','',5,0,'2023-04-19 04:47:56',28,NULL,NULL),(230,169,'23040004','2023-04-19','',24,0,'2023-04-19 04:48:27',28,NULL,NULL),(231,214,'PR23030174','2023-04-20','055727032023',2,650,'2023-04-20 06:09:50',65,NULL,NULL),(232,285,'D.23040008','2023-04-20','D.23040008',10,20,'2023-04-20 06:14:13',65,NULL,NULL),(233,301,'PR23020130','2023-04-20','PR23020130',12,680,'2023-04-20 06:18:35',65,NULL,NULL),(234,302,'PR23020130','2023-04-20','PR23020130',10,70,'2023-04-20 06:19:22',65,NULL,NULL),(235,215,'23030076','2023-04-20','23030076',2,650,'2023-04-20 06:21:11',65,NULL,NULL),(236,213,'PR23020045','2023-04-20','PR23020045',10,20,'2023-04-20 06:22:25',65,NULL,NULL),(237,210,'PR23020045','2023-04-20','NO.032521022023',2,650,'2023-04-20 06:24:20',65,NULL,NULL),(238,211,'D2304008','2023-04-20','AIXD221002SA',1,750,'2023-04-20 06:27:18',65,NULL,NULL),(239,330,'PR23030076','2023-04-20','PR23030076',6,0,'2023-04-20 06:45:02',65,NULL,NULL),(240,330,'PR23030133','2023-04-20','PR23030133',6,0,'2023-04-20 06:46:37',65,NULL,NULL),(241,330,'PR23040043','2023-04-20','PR23040043',8,0,'2023-04-20 06:48:47',65,NULL,NULL),(242,315,'PR23030076','2023-04-20','PR23030076',20,250,'2023-04-20 06:51:03',65,NULL,NULL),(243,318,'stock','2023-04-20','stock',20,0,'2023-04-20 07:09:45',65,NULL,NULL),(244,289,'stock','2023-04-21','stock',400,0,'2023-04-21 09:07:15',65,NULL,NULL),(245,288,'stock','2023-04-21','stock',65,0,'2023-04-21 09:08:36',65,NULL,NULL);
/*!40000 ALTER TABLE `tb_inven_rcv` ENABLE KEYS */;
UNLOCK TABLES;

--
-- Table structure for table `tb_inven_rtn`
--

DROP TABLE IF EXISTS `tb_inven_rtn`;
/*!40101 SET @saved_cs_client     = @@character_set_client */;
/*!50503 SET character_set_client = utf8mb4 */;
CREATE TABLE `tb_inven_rtn` (
  `id_rtn` int(11) NOT NULL AUTO_INCREMENT,
  `ref_id_offsupp_location` int(11) NOT NULL COMMENT 'อ้างอิงไอดีไซต์งาน',
  `rtn_date` date NOT NULL COMMENT 'วันที่รับคืน',
  `ref_id_req` int(11) NOT NULL COMMENT 'อ้างอิงไอดีใบเบิก (tb_requisition)',
  `ref_id_rcv` int(11) NOT NULL COMMENT 'อ้างอิงไอดีใบรับ(tb_rcv) เพื่อดึงข้อมูล LOT',
  `rtn_quantity` int(11) NOT NULL COMMENT 'จำนวนที่รับคืน',
  `rtn_remark` varchar(100) NOT NULL,
  `rtn_adddate` datetime NOT NULL,
  `ref_id_user_add` int(11) NOT NULL,
  `rtn_editdate` datetime DEFAULT NULL,
  `ref_id_user_edit` int(11) DEFAULT NULL,
  PRIMARY KEY (`id_rtn`),
  KEY `idx_ref_id_req` (`ref_id_req`)
) ENGINE=InnoDB DEFAULT CHARSET=utf8 COLLATE=utf8_unicode_ci COMMENT='ตารางเก็บข้อมูลรับคืน';
/*!40101 SET character_set_client = @saved_cs_client */;

--
-- Dumping data for table `tb_inven_rtn`
--

LOCK TABLES `tb_inven_rtn` WRITE;
/*!40000 ALTER TABLE `tb_inven_rtn` DISABLE KEYS */;
/*!40000 ALTER TABLE `tb_inven_rtn` ENABLE KEYS */;
UNLOCK TABLES;

--
-- Table structure for table `tb_location`
--

DROP TABLE IF EXISTS `tb_location`;
/*!40101 SET @saved_cs_client     = @@character_set_client */;
/*!50503 SET character_set_client = utf8mb4 */;
CREATE TABLE `tb_location` (
  `id_location` int(11) NOT NULL AUTO_INCREMENT,
  `location_short` varchar(10) NOT NULL,
  `location_name` varchar(100) NOT NULL,
  `location_remark` varchar(100) NOT NULL,
  `status_location` int(11) NOT NULL COMMENT '1-ใช้งานได้/2-ระบงับใช้งาน',
  PRIMARY KEY (`id_location`)
) ENGINE=InnoDB AUTO_INCREMENT=9 DEFAULT CHARSET=utf8 COLLATE=utf8_unicode_ci;
/*!40101 SET character_set_client = @saved_cs_client */;

--
-- Dumping data for table `tb_location`
--

LOCK TABLES `tb_location` WRITE;
/*!40000 ALTER TABLE `tb_location` DISABLE KEYS */;
INSERT INTO `tb_location` VALUES (1,'PCS','บริษัท แปซิฟิค ห้องเย็น จากัด','บริษัท แปซิฟิค ห้องเย็น จากัด',1),(2,'JPAC','บริษัท เจดับเบิ้ลยูดี แปซิฟิค จากัด','บริษัท เจดับเบิ้ลยูดี แปซิฟิค จากัด',1),(3,'PACT','บริษัท แปซิฟิค ทียูเอ็ม โคลด์ สโตเรจ จำกัด','บริษัท แปซิฟิค ทียูเอ็ม โคลด์ สโตเรจ จำกัด',1),(4,'PACM','บริษัท แปซิฟิค เอ็ม โคลด์ สโตเรจ จากัด','บริษัท แปซิฟิค เอ็ม โคลด์ สโตเรจ จากัด',1),(5,'JPK','บริษัท เจพีเค โคลด์ สโตเรจ จากัด','บริษัท เจพีเค โคลด์ สโตเรจ จากัด',1),(6,'PACA','PACA','PACA',1),(7,'PLP','บริษัท แปซิฟิค โลจิสติกส์ โปร จำกัด','บริษัท แปซิฟิค โลจิสติกส์ โปร จำกัด',1),(8,'PACS','PACS','PACS',1);
/*!40000 ALTER TABLE `tb_location` ENABLE KEYS */;
UNLOCK TABLES;

--
-- Table structure for table `tb_office_supplies`
--

DROP TABLE IF EXISTS `tb_office_supplies`;
/*!40101 SET @saved_cs_client     = @@character_set_client */;
/*!50503 SET character_set_client = utf8mb4 */;
CREATE TABLE `tb_office_supplies` (
  `id_offsupp` int(11) NOT NULL AUTO_INCREMENT,
  `ref_id_location` int(2) NOT NULL COMMENT 'REF.ไอดีไซต์งาน',
  `ref_id_menu` int(11) NOT NULL COMMENT 'ไอดีหมวดหลัก',
  `ref_id_menu_sub` int(11) DEFAULT NULL COMMENT 'ไอดีหมวดย่อย',
  `offsupp_code` varchar(15) NOT NULL COMMENT 'รหัสวัสดุ',
  `offsupp_name` varchar(100) NOT NULL,
  `ref_id_unit` int(11) NOT NULL COMMENT 'หน่วยนับ',
  `offsupp_detail` longtext DEFAULT NULL,
  `offsupp_status` int(11) NOT NULL COMMENT '1-ใช้งาน/2-ยกเลิก',
  `moq` int(11) DEFAULT NULL COMMENT 'สั่งซื้อขั้นต่ำ',
  `min_stock` int(11) DEFAULT NULL COMMENT 'คงเหลือขั้นต่ำ',
  `max_req` int(11) DEFAULT NULL COMMENT 'เบิกได้ครั้งละไม่เกิน',
  `leadtime` int(11) DEFAULT NULL,
  `ref_iduser_add` int(11) NOT NULL,
  `offsupp_adddate` datetime NOT NULL,
  `ref_iduser_edit` int(11) DEFAULT NULL,
  `offsupp_editdate` datetime DEFAULT NULL,
  PRIMARY KEY (`id_offsupp`),
  KEY `idx_offsupp_code` (`offsupp_code`)
) ENGINE=InnoDB AUTO_INCREMENT=340 DEFAULT CHARSET=utf8 COLLATE=utf8_unicode_ci COMMENT='ตารางวัสดุอุปกรณ์สำนักงาน';
/*!40101 SET character_set_client = @saved_cs_client */;

--
-- Dumping data for table `tb_office_supplies`
--

LOCK TABLES `tb_office_supplies` WRITE;
/*!40000 ALTER TABLE `tb_office_supplies` DISABLE KEYS */;
INSERT INTO `tb_office_supplies` VALUES (1,0,1,NULL,'ST-01-0001','สบู่เหลวล้างมือแบบไม่มีกลิ่น ขนาด 20ลิตร (แนบCOAพร้อมส่งสินค้า)',18,'',1,10,2,2,7,1,'2023-02-01 09:09:09',NULL,NULL),(2,0,1,NULL,'ST-01-0002','แอลกอฮอล์70% ขนาด 20ลิตร (แนบCOAพร้อมส่งสินค้า)',18,'',1,15,2,2,7,1,'2023-02-01 09:09:09',NULL,NULL),(3,0,1,NULL,'ST-01-0003','คลอรีนน้ำ10% ขนาด 20ลิตร (แนบCOAพร้อมส่งสินค้า)',18,'',1,10,2,2,7,1,'2023-02-01 09:09:09',NULL,NULL),(4,0,1,NULL,'ST-01-0004','ผงซักฟอก ถุงละ 1กิโลกรัม (แนบCOAพร้อมส่งสินค้า)',8,'',1,100,13,5,7,1,'2023-02-01 09:09:09',NULL,NULL),(5,0,1,NULL,'ST-01-0005','น้ำยาล้างภาชนะขนาด 20ลิตร (แนบCOAพร้อมส่งสินค้า)',18,'',1,10,2,2,7,1,'2023-02-01 09:09:09',NULL,NULL),(6,0,1,NULL,'ST-01-0006','น้ำยาล้างห้องน้ำ ขนาด 20ลิตร (แนบCOAพร้อมส่งสินค้า)',18,'',1,10,2,2,7,1,'2023-02-01 09:09:09',NULL,NULL),(7,0,1,NULL,'ST-01-0007','เกลือเม็ด',8,'',1,180,7,2,7,1,'2023-02-01 09:09:09',NULL,NULL),(8,0,1,NULL,'ST-01-0008','น้ำยาขัดพื้น',18,'',1,12,1,2,7,1,'2023-02-01 09:09:09',NULL,NULL),(9,0,2,NULL,'ST-02-0001','กระดาษ A3 สีขาว',2,'',1,3,1,1,7,1,'2023-02-01 09:09:09',NULL,NULL),(10,0,2,NULL,'ST-02-0002','กระดาษ A4 สีขาว 70แกรม',2,'',1,100,27,5,7,1,'2023-02-01 09:09:09',NULL,NULL),(11,0,2,NULL,'ST-02-0003','กระดาษ A4 สีเขียวน้ำทะเล',2,'',1,5,1,5,7,1,'2023-02-01 09:09:09',NULL,NULL),(12,0,2,NULL,'ST-02-0004','กระดาษ A4 สีเขียวตอง',2,'',1,5,1,1,7,1,'2023-02-01 09:09:09',NULL,NULL),(13,0,2,NULL,'ST-02-0005','กระดาษ A4 สีเหลือง',2,'',1,10,1,5,7,1,'2023-02-01 09:09:09',NULL,NULL),(14,0,2,NULL,'ST-02-0006','กระดาษ A4 สีชมพู 80แกรม',2,'',1,30,4,5,7,1,'2023-02-01 09:09:09',NULL,NULL),(15,0,2,NULL,'ST-02-0007','กระดาษ A4 สีฟ้า 80แกรม',2,'',1,30,2,2,7,1,'2023-02-01 09:09:09',NULL,NULL),(16,0,2,NULL,'ST-02-0008','กระดาษ A4 สีส้ม สะท้อนแสง',2,'',1,5,1,2,7,1,'2023-02-01 09:09:09',NULL,NULL),(17,0,2,NULL,'ST-02-0009','กระดาษ A4 สีเขียว 150แกรม',2,'',1,5,1,2,7,1,'2023-02-01 09:09:09',NULL,NULL),(18,0,2,NULL,'ST-02-0010','กระดาษ F14 สีขาว',2,'',1,10,1,2,7,1,'2023-02-01 09:09:09',NULL,NULL),(19,0,2,NULL,'ST-02-0011','กระดาษต่อเนื่องเคมี (2ชั้น) ขนาด 9.5\"x11\" (1,000ชุด/กล่อง)',11,'',1,5,1,2,7,1,'2023-02-01 09:09:09',NULL,NULL),(20,0,2,NULL,'ST-02-0012','กระดาษต่อเนื่องเคมี (4ชั้น) ขนาด 9.5\"x11\" (500ชุด/กล่อง)',11,'',1,10,1,2,7,1,'2023-02-01 09:09:09',NULL,NULL),(21,0,2,NULL,'ST-02-0013','กระดาษต่อเนื่อง (4ชั้น) ขนาด 9.5\"x11\" (500ชุด/กล่อง)',11,'',1,5,1,2,7,1,'2023-02-01 09:09:09',NULL,NULL),(22,0,2,NULL,'ST-02-0014','กระดาษต่อเนื่องเคมี (2ชั้น) ขนาด 9\"x 5.5\"',11,'',1,5,1,2,7,1,'2023-02-01 09:09:09',NULL,NULL),(23,0,2,NULL,'ST-02-0015','กระดาษต่อเนื่องเคมี(โอจิ) (4ชั้น) ขนาด 9.5\"x11\" (500ชุด/กล่อง)',11,'',1,40,16,2,20,1,'2023-02-01 09:09:09',NULL,NULL),(24,0,2,NULL,'ST-02-0016','กระดาษเทอร์มอล 80*80 มม.',14,'',1,100,3,5,7,1,'2023-02-01 09:09:09',NULL,NULL),(25,0,2,NULL,'ST-02-0017','ปากกาMarker สีน้ำเงิน',5,'',1,36,5,3,7,1,'2023-02-01 09:09:09',NULL,NULL),(26,0,2,NULL,'ST-02-0018','ปากกาMarker สีดำ',5,'',1,36,2,3,7,1,'2023-02-01 09:09:09',NULL,NULL),(27,0,2,NULL,'ST-02-0019','ปากกาMarker สีแดง',5,'',1,36,1,3,7,1,'2023-02-01 09:09:09',NULL,NULL),(28,0,2,NULL,'ST-02-0020','ปากกาเน้นข้อความ สีเหลือง',5,'',1,5,1,1,7,1,'2023-02-01 09:09:09',NULL,NULL),(29,0,2,NULL,'ST-02-0021','ปากกาเน้นข้อความ สีชมพู',5,'',1,5,1,1,7,1,'2023-02-01 09:09:09',NULL,NULL),(30,0,2,NULL,'ST-02-0022','ปากกาเน้นข้อความ สีฟ้า',5,'',1,5,1,1,7,1,'2023-02-01 09:09:09',NULL,NULL),(31,0,2,NULL,'ST-02-0023','ปากกาเน้นข้อความ สีส้ม',5,'',1,5,1,1,7,1,'2023-02-01 09:09:09',NULL,NULL),(32,0,2,NULL,'ST-02-0024','ปากกาเน้นข้อความ สีเขียว',5,'',1,5,1,1,7,1,'2023-02-01 09:09:09',NULL,NULL),(33,0,2,NULL,'ST-02-0025','ปากกาไวท์บอร์ด สีน้ำเงิน',5,'',1,12,1,2,7,1,'2023-02-01 09:09:09',NULL,NULL),(34,0,2,NULL,'ST-02-0026','ปากกาไวท์บอร์ด สีดำ',5,'',1,12,1,2,7,1,'2023-02-01 09:09:09',NULL,NULL),(35,0,2,NULL,'ST-02-0027','ปากกาไวท์บอร์ด สีแดง',5,'',1,12,1,2,7,1,'2023-02-01 09:09:09',NULL,NULL),(36,0,2,NULL,'ST-02-0028','ปากกาลูกลื่นสีน้ำเงิน (แบบหมุน)',5,'',1,100,14,5,7,1,'2023-02-01 09:09:09',NULL,NULL),(37,0,2,NULL,'ST-02-0029','ปากกาลูกลื่นสีแดง (แบบหมุน)',5,'',1,50,2,5,7,1,'2023-02-01 09:09:09',NULL,NULL),(38,0,2,NULL,'ST-02-0030','ตลับหมึก HP รุ่น LJ M12/M26 เทียบเท่า HP 279A',20,'',1,10,2,1,7,1,'2023-02-01 09:09:09',NULL,NULL),(39,0,2,NULL,'ST-02-0031','ตลับหมึก EPSON รุ่น LQ-310',20,'',1,30,5,1,7,1,'2023-02-01 09:09:09',NULL,NULL),(40,0,2,NULL,'ST-02-0032','ตลับหมึก EPSON รุ่น LQ2090',20,'',1,10,1,1,7,1,'2023-02-01 09:09:09',NULL,NULL),(41,0,2,NULL,'ST-02-0033','ตลับหมึก HP Laser Jet รุ่น CE 285 A T1102',20,'',1,5,1,1,7,1,'2023-02-01 09:09:09',NULL,NULL),(42,0,2,NULL,'ST-02-0034','ตลับหมึก SAMSUNG รุ่น ML - 1660',20,'',1,5,1,1,7,1,'2023-02-01 09:09:09',NULL,NULL),(43,0,2,NULL,'ST-02-0035','Ribbon ขนาด 89*360 ml. F/I',14,'',1,30,5,2,7,1,'2023-02-01 09:09:09',NULL,NULL),(44,0,2,NULL,'ST-02-0036','แฟ้มซองพลาสติก A4',35,'',1,10,1,1,7,1,'2023-02-01 09:09:09',NULL,NULL),(45,0,2,NULL,'ST-02-0037','ลิ้นแฟ้ม',11,'',1,5,1,1,7,1,'2023-02-01 09:09:09',NULL,NULL),(46,0,2,NULL,'ST-02-0038','เทปกาว2หน้า แบบบาง',14,'',1,10,1,1,7,1,'2023-02-01 09:09:09',NULL,NULL),(47,0,2,NULL,'ST-02-0039','เทปกาว2หน้า แบบหนา',14,'',1,5,1,1,7,1,'2023-02-01 09:09:09',NULL,NULL),(48,0,2,NULL,'ST-02-0040','เทปใส ขนาด 18mm x36 หลา',14,'',1,18,2,2,7,1,'2023-02-01 09:09:09',NULL,NULL),(49,0,2,NULL,'ST-02-0041','เทปใส ขนาด 2\" x45 หลา',14,'',1,50,10,6,7,1,'2023-02-01 09:09:09',NULL,NULL),(50,0,2,NULL,'ST-02-0042','เทปใส ขนาด 2\"x1000 หลา',14,'',1,50,10,5,7,1,'2023-02-01 09:09:09',NULL,NULL),(51,0,2,NULL,'ST-02-0043','กาวแท่ง',1,'',1,10,1,1,7,1,'2023-02-01 09:09:09',NULL,NULL),(52,0,2,NULL,'ST-02-0044','สมุดปกแข็ง เล่มใหญ่',36,'',1,6,1,2,7,1,'2023-02-01 09:09:09',NULL,NULL),(53,0,2,NULL,'ST-02-0045','สมุดปกอ่อน เล่มเล็ก',36,'',1,6,1,2,7,1,'2023-02-01 09:09:09',NULL,NULL),(54,0,2,NULL,'ST-02-0046','คลิปดำ ขนาด 25 mm.',11,'',1,5,1,1,7,1,'2023-02-01 09:09:09',NULL,NULL),(55,0,2,NULL,'ST-02-0047','คลิปดำ ขนาด 32 mm.',11,'',1,5,1,1,7,1,'2023-02-01 09:09:09',NULL,NULL),(56,0,2,NULL,'ST-02-0048','ลวดเสียบ',11,'',1,20,1,5,7,1,'2023-02-01 09:09:09',NULL,NULL),(57,0,2,NULL,'ST-02-0049','ซองอเนกประสงค์ 11 รู',35,'',1,20,2,2,7,1,'2023-02-01 09:09:09',NULL,NULL),(58,0,2,NULL,'ST-02-0050','ดินสอ',1,'',1,120,4,10,7,1,'2023-02-01 09:09:09',NULL,NULL),(59,0,2,NULL,'ST-02-0051','ยางลบ',13,'',1,10,1,5,7,1,'2023-02-01 09:09:09',NULL,NULL),(60,0,2,NULL,'ST-02-0052','ลูกแม๊ก No.3-1M',11,'',1,48,4,5,7,1,'2023-02-01 09:09:09',NULL,NULL),(61,0,2,NULL,'ST-02-0053','ลูกแม๊ก No.10-1M',11,'',1,48,3,5,7,1,'2023-02-01 09:09:09',NULL,NULL),(62,0,2,NULL,'ST-02-0054','หมึก HP Laser Jet M102A (CF217A)',20,'',1,5,1,1,7,1,'2023-02-01 09:09:09',NULL,NULL),(63,0,2,NULL,'ST-02-0055','หมึก HP Color Pro M251 CF210A BK',20,'',1,5,1,1,7,1,'2023-02-01 09:09:09',NULL,NULL),(64,0,2,NULL,'ST-02-0056','หมึก HP Color Pro M251 CF211A C',20,'',1,5,1,1,7,1,'2023-02-01 09:09:09',NULL,NULL),(65,0,2,NULL,'ST-02-0057','หมึก HP Color Pro M251 CF212A Y',20,'',1,5,1,1,7,1,'2023-02-01 09:09:09',NULL,NULL),(66,0,2,NULL,'ST-02-0058','หมึก HP Color Pro M251 CF213A M',20,'',1,5,1,1,7,1,'2023-02-01 09:09:09',NULL,NULL),(67,0,2,NULL,'ST-02-0059','สติ๊กเกอร์ ติด TAG ขนาด A-7',38,'',1,50,10,5,7,1,'2023-02-01 09:09:09',NULL,NULL),(68,0,2,NULL,'ST-02-0060','ตลับหมึก HP LJ Pro M15 เทียบเท่า CF248A',20,'',1,10,1,1,7,1,'2023-02-01 09:09:09',NULL,NULL),(69,0,2,NULL,'ST-02-0061','ตลับหมึก HP LJ Pro M402n เทียบเท่า CF266A',20,'',1,10,1,1,7,1,'2023-02-01 09:09:09',NULL,NULL),(70,0,2,NULL,'ST-02-0062','ตลับดรั้ม HP LJ Pro M102A เทียบเท่า',20,'',1,10,1,1,7,1,'2023-02-01 09:09:09',NULL,NULL),(71,0,2,NULL,'ST-02-0063','กระดาษ A4 สีม่วงอ่อน',2,'',1,5,1,1,7,1,'2023-02-01 09:09:09',NULL,NULL),(72,0,2,NULL,'ST-02-0064','เทปใส 48 * 100 หลา',14,'',1,216,7,5,7,1,'2023-02-01 09:09:09',NULL,NULL),(73,0,3,NULL,'ST-03-0001','TAG MANUAL (1,500ใบ/กล่อง)',11,'',1,5,2,1,20,1,'2023-02-01 09:09:09',NULL,NULL),(74,0,3,NULL,'ST-03-0002','TAG BARCODE ม้วนเล็ก (สีขาว) ขนาด 7x16cm (250ดวง/ม้วน)',14,'',1,180,26,5,20,1,'2023-02-01 09:09:09',NULL,NULL),(75,0,3,NULL,'ST-03-0003','TAG BARCODE (สีส้ม) ขนาด 7x16cm (500ดวง/ม้วน)',14,'',1,50,9,5,20,1,'2023-02-01 09:09:09',NULL,NULL),(76,0,3,NULL,'ST-03-0004','ใบแจ้งฟรีส FM-WH-20/01',36,'',1,50,2,1,20,1,'2023-02-01 09:09:09',NULL,NULL),(77,0,3,NULL,'ST-03-0005','ใบเบิกสินค้า(เคมี 2ชั้น) ขนาด 9.5\"x11\"  (1,000ชุด/กล่อง)',11,'',1,10,3,1,20,1,'2023-02-01 09:09:09',NULL,NULL),(78,0,3,NULL,'ST-03-0006','ใบรับฝากสินค้า(เคมี 2ชั้น) ขนาด 9.5\"x11\" (1,000ชุด/กล่อง)',11,'',1,10,2,1,20,1,'2023-02-01 09:09:09',NULL,NULL),(79,0,3,NULL,'ST-03-0007','ใบวางบิล/ใบแจ้งหนี้',11,'',1,10,1,1,20,1,'2023-02-01 09:09:09',NULL,NULL),(80,0,3,NULL,'ST-03-0008','แบบฟอร์มรายงานประจำวัน(Daily Report)',36,'',1,10,2,1,20,1,'2023-02-01 09:09:09',NULL,NULL),(81,0,3,NULL,'ST-03-0009','สลิปเงินเดือนคาร์บอน',11,'',1,5,2,1,20,1,'2023-02-01 09:09:09',NULL,NULL),(82,0,3,NULL,'ST-03-0010','กระดาษหัวจดหมาย A 4(ขนาด 80 แกรม) พิมพ์โลโก้',2,'',1,0,0,0,0,1,'2023-02-01 09:09:09',NULL,NULL),(83,0,3,NULL,'ST-03-0011','ซองจดหมาย#9(สีขาว) ขนาด 108x235mm.(100 แกรม) พิมพ์โลโก้',37,'',1,2500,500,20,20,1,'2023-02-01 09:09:09',NULL,NULL),(84,0,3,NULL,'ST-03-0012','ซองเอกสาร(สีขาว) ขนาด 355.6x254mm.(100 แกรม) พิมพ์โลโก้',37,'',1,2000,18,10,7,1,'2023-02-01 09:09:09',NULL,NULL),(85,0,3,NULL,'ST-03-0013','TAG BARCODE ม้วนใหญ่ (สีขาว) ขนาด 7x16cm (500ดวง/ม้วน)',14,'',1,100,23,2,20,1,'2023-02-01 09:09:09',NULL,NULL),(86,0,3,NULL,'ST-03-0014','TAG BARCODE(สีเขียว)ขนาด7x16cm(500ดวง/ม้วน)',14,'',1,20,2,2,20,1,'2023-02-01 09:09:09',NULL,NULL),(87,0,4,NULL,'ST-04-0001','ผ้าวน(คละสี) ขนาด 10\"x10\"',17,'',1,2,30,5,7,1,'2023-02-01 09:09:09',NULL,NULL),(88,0,4,NULL,'ST-04-0002','ไม้กวาดดอกหญ้า',6,'',1,10,1,2,7,1,'2023-02-01 09:09:09',NULL,NULL),(89,0,4,NULL,'ST-04-0003','ไม้กวาดทางมะพร้าว',6,'',1,24,4,2,7,1,'2023-02-01 09:09:09',NULL,NULL),(90,0,4,NULL,'ST-04-0004','ไม้ถูพื้น ขนาด 10\"',6,'',1,10,1,2,7,1,'2023-02-01 09:09:09',NULL,NULL),(91,0,4,NULL,'ST-04-0005','ผ้าถูพื้น ขนาด 10\"',17,'',1,10,1,2,7,1,'2023-02-01 09:09:09',NULL,NULL),(92,0,4,NULL,'ST-04-0006','ไม้รีดน้ำ ขนาด 24 \" ยาว1.2 ม',6,'',1,24,4,2,7,1,'2023-02-01 09:09:09',NULL,NULL),(93,0,4,NULL,'ST-04-0007','ถุงขยะ(สีดำ) ขนาด 18\"x20\"',35,'',1,100,2,5,7,1,'2023-02-01 09:09:09',NULL,NULL),(94,0,4,NULL,'ST-04-0008','ถุงขยะ(สีดำ) ขนาด 22\"x30\"',35,'',1,100,5,5,7,1,'2023-02-01 09:09:09',NULL,NULL),(95,0,4,NULL,'ST-04-0009','ถุงขยะ(สีดำ) ขนาด 28\"x36\"',35,'',1,100,14,5,7,1,'2023-02-01 09:09:09',NULL,NULL),(96,0,4,NULL,'ST-04-0010','เอี๊ยมพลาสติก(สีฟ้า)',17,'',1,50,7,5,7,1,'2023-02-01 09:09:09',NULL,NULL),(97,0,4,NULL,'ST-04-0011','ถุงมือผ้าสีขาว',34,'',1,50,95,24,7,1,'2023-02-01 09:09:09',NULL,NULL),(98,0,4,NULL,'ST-04-0012','ถุงมือยางสีส้ม',34,'',1,96,19,10,7,1,'2023-02-01 09:09:09',NULL,NULL),(99,0,4,NULL,'ST-04-0013','ฟิล์มยืด 15 ไมครอน (6 ม้วน/ลัง)',33,'',1,50,10,5,7,1,'2023-02-01 09:09:09',NULL,NULL),(100,0,4,NULL,'ST-04-0014','ซีลล็อคตู้ สีฟ้า โลโก้ JWD Cold Chain',11,'',1,5,2,1,30,1,'2023-02-01 09:09:09',NULL,NULL),(101,0,4,NULL,'ST-04-0015','เครื่องพ่นแอลกอฮอล์',7,'',1,2,1,1,7,1,'2023-02-01 09:09:09',NULL,NULL),(102,0,4,NULL,'ST-04-0016','เครื่องจ่ายสบู่เหลว',7,'',1,2,1,1,7,1,'2023-02-01 09:09:09',NULL,NULL),(103,0,4,NULL,'ST-04-0017','ที่โกยขยะ',6,'',1,10,1,2,7,1,'2023-02-01 09:09:09',NULL,NULL),(104,0,4,NULL,'ST-04-0018','ถ่าน ขนาด AA (แพค4ก้อน)',13,'',1,30,3,2,7,1,'2023-02-01 09:09:09',NULL,NULL),(105,0,4,NULL,'ST-04-0019','ถ่าน ขนาด AAA (แพค4ก้อน)',13,'',1,30,3,2,7,1,'2023-02-01 09:09:09',NULL,NULL),(106,0,4,NULL,'ST-04-0020','ถ่าน ขนาด D',13,'',1,30,3,2,7,1,'2023-02-01 09:09:09',NULL,NULL),(107,0,4,NULL,'ST-04-0021','ถ่าน ขนาด 1.5V - C',13,'',1,40,5,2,7,1,'2023-02-01 09:09:09',NULL,NULL),(108,0,4,NULL,'ST-04-0022','ถ่าน ขนาด 9V',13,'',1,10,1,2,7,1,'2023-02-01 09:09:09',NULL,NULL),(109,0,4,NULL,'ST-04-0023','ถ่านกระดุมลิเธี่ยม CR-2032',13,'',1,20,1,2,7,1,'2023-02-01 09:09:09',NULL,NULL),(110,0,4,NULL,'ST-04-0024','เชือกขาวแดง',14,'',1,50,5,10,7,1,'2023-02-01 09:09:09',NULL,NULL),(111,0,4,NULL,'ST-04-0025','กระดาษทิชชู่ (ม้วนเล็ก)',11,'',1,5,1,1,7,1,'2023-02-01 09:09:09',NULL,NULL),(112,0,4,NULL,'ST-04-0026','กระดาษทิชชู่ (ม้วนใหญ่)',11,'',1,10,2,1,7,1,'2023-02-01 09:09:09',NULL,NULL),(113,0,4,NULL,'ST-04-0027','กระดาษทิชชู่แบบดึง',35,'',1,48,8,5,7,1,'2023-02-01 09:09:09',NULL,NULL),(114,0,4,NULL,'ST-04-0028','ทิชชู่ม้วน CELLOX 3ชั้น',14,'',1,24,6,5,7,1,'2023-02-01 09:09:09',NULL,NULL),(115,0,4,NULL,'ST-04-0029','กล่องเก็บเอกสาร หนา 3ชั้น ขนาด 320x390x310mm (KA125/CA125/CA125)',12,'',1,500,50,20,20,1,'2023-02-01 09:09:09',NULL,NULL),(116,0,4,NULL,'ST-04-0030','แปรงขัดพื้นด้ามยาว',6,'',1,12,1,2,7,1,'2023-02-01 09:09:09',NULL,NULL),(117,0,4,NULL,'ST-04-0031','ผ้าพันพาเลท',17,'',1,5000,1000,300,30,1,'2023-02-01 09:09:09',NULL,NULL),(118,0,4,NULL,'ST-04-0032','กุญแจคอยาว 32mm',7,'',1,10,3,1,7,1,'2023-02-01 09:09:09',NULL,NULL),(119,0,4,NULL,'ST-04-0033','สายรัดสินค้า ขนาด 1\" X 6 เมตร PP  สีเทา ทำห่วง 1 ด้าน',16,'',1,3000,200,100,30,1,'2023-02-01 09:09:09',NULL,NULL),(120,0,4,NULL,'ST-04-0034','ไม้กวาดพลาสติก',6,'',1,20,1,2,7,1,'2023-02-01 09:09:09',NULL,NULL),(121,0,4,NULL,'ST-05-0001','หลอด UVC T8 18W',39,'',1,10,3,5,7,1,'2023-02-01 09:09:09',NULL,NULL),(122,0,2,NULL,'ST-02-0065','วัสดุทดสอบ (แผนก IT)-1',1,'วัสดุทดสอบ (แผนก IT)-1 จะลบออกหลังอบรมเสร็จ',1,5,5,2,5,1,'2023-02-15 10:40:04',NULL,NULL),(123,0,1,NULL,'ST-01-0009','น้ำยาทดสอบใบเบิก (แผนก IT)-2',4,'น้ำยาทดสอบใบเบิก (แผนก IT)-2 จะลบออกหลังอบรมเสร็จ',1,10,10,5,10,1,'2023-02-15 10:43:14',NULL,NULL),(124,4,9,NULL,'CH-02-0002','โซดาไฟ',31,NULL,1,20,1,NULL,10,1,'2023-03-23 09:09:09',NULL,NULL),(125,4,9,NULL,'FA-04-0001','ชุดหมีกันหนาว(400g)  Size : M  ปักตัวเลขสีเหลืองทองสูง 2 \\\"',7,NULL,1,5,1,NULL,10,1,'2023-03-23 09:09:09',NULL,NULL),(126,4,9,NULL,'FA-04-0002','ชุดหมีกันหนาว(400g)  Size : L ปักตัวเลขสีเหลืองทองสูง 2 \\\"',7,NULL,1,5,1,NULL,10,1,'2023-03-23 09:09:09',NULL,NULL),(127,4,9,NULL,'FA-04-0003','ชุดหมีกันหนาว(400g)  Size : XL ปักตัวเลขสีเหลืองทองสูง 2 \\\"',7,NULL,1,5,1,NULL,10,1,'2023-03-23 09:09:09',NULL,NULL),(128,4,9,NULL,'FA-04-0006','เสื้อกันหนาว รุ่น VISITOR JACKET-I ใย 300g ( สีน้ำเงินแถบสีเหลือง ปักโลโก้ JWD สีเหลือง) Size: L',7,NULL,1,5,1,NULL,10,1,'2023-03-23 09:09:09',NULL,NULL),(129,4,5,NULL,'FA-04-0007','เน็ทคลุมผม (กระดาษ)',31,NULL,1,3,1,NULL,10,1,'2023-03-23 09:09:09',NULL,NULL),(130,4,9,NULL,'FA-05-0001','รองเท้าบูทเซฟตี้ สีขาว',34,NULL,1,5,1,NULL,10,1,'2023-03-23 09:09:09',NULL,NULL),(131,4,9,NULL,'FA-07-0001','เครื่องจ่ายสบู่เหลวอัตโนมัติ',40,NULL,1,5,1,NULL,10,1,'2023-03-23 09:09:09',NULL,NULL),(132,4,9,NULL,'FA-07-0002','เครื่องจ่ายแอลกอฮอลอัตโนมัติ',40,NULL,1,5,1,NULL,10,1,'2023-03-23 09:09:09',NULL,NULL),(133,4,9,NULL,'FA-07-0009','แก้วน้ำกระดาษ',41,NULL,1,48,15,NULL,10,1,'2023-03-23 09:09:09',NULL,NULL),(134,4,9,NULL,'FA-08-0033','กุญแจคอยาว 32 มม.',6,NULL,1,5,1,NULL,10,1,'2023-03-23 09:09:09',NULL,NULL),(135,4,8,NULL,'FA-16-0001','หมึก EPSON L3210 สีดำ',11,NULL,1,6,2,NULL,10,1,'2023-03-23 09:09:09',NULL,NULL),(136,4,9,NULL,'HA-02-0003','กรรไกรเหล็ก',6,NULL,1,5,1,NULL,10,1,'2023-03-23 09:09:09',NULL,NULL),(137,4,5,NULL,'OF-03-0005','มีด คัตเตอร์',6,NULL,1,3,1,NULL,10,1,'2023-03-23 09:09:09',NULL,NULL),(138,4,5,NULL,'OF-03-0010','กรรไกร ขนาด 8 นิ้ว',6,NULL,1,5,1,NULL,10,1,'2023-03-23 09:09:09',NULL,NULL),(139,4,5,NULL,'OF-03-0012','แฟ้มสันกว้าง A4 สัน 3 นิ้ว',6,NULL,1,5,1,NULL,10,1,'2023-03-23 09:09:09',NULL,NULL),(140,4,5,NULL,'OF-03-0015','พลาสติกเคลือบเอกสาร A4',11,NULL,1,1,1,NULL,10,1,'2023-03-23 09:09:09',NULL,NULL),(141,4,6,NULL,'OF-10-0001','ไม้ม็อบถูพื้น',6,NULL,1,5,1,NULL,10,1,'2023-03-23 09:09:09',NULL,NULL),(142,4,6,NULL,'OF-10-0003','ไม้ม็อบเพดานพร้อมผ้า 12\\\" ด้ามยืด 1.10-2.20 เมตร',6,NULL,1,5,2,NULL,10,1,'2023-03-23 09:09:09',NULL,NULL),(143,4,5,NULL,'RF-02-0001','เทอร์โมมิเตอร์ TESTO',6,NULL,1,3,1,NULL,10,1,'2023-03-23 09:09:09',NULL,NULL),(144,4,5,NULL,'ST-01-0001','TAG BARCODE (สีขาว) ขนาด 7x16cm (250ดวง/ม้วน)',14,NULL,1,50,30,NULL,10,1,'2023-03-23 09:09:09',NULL,NULL),(145,4,5,NULL,'ST-01-0002','TAG BARCODE (สีส้ม) ขนาด 7x16cm (250ดวง/ม้วน)',14,NULL,1,50,30,NULL,10,1,'2023-03-23 09:09:09',NULL,NULL),(146,4,5,NULL,'ST-01-0003','Ribbon ขนาด 89mmx360m',14,NULL,1,30,6,NULL,10,1,'2023-03-23 09:09:09',NULL,NULL),(147,4,6,NULL,'ST-02-0001','ไม้กวาดทางมะพร้าว',6,NULL,1,5,6,NULL,10,1,'2023-03-23 09:09:09',NULL,NULL),(148,4,6,NULL,'ST-02-0002','ไม้รีดน้ำ',6,NULL,1,5,4,NULL,10,1,'2023-03-23 09:09:09',NULL,NULL),(149,4,6,NULL,'ST-02-0003','ไม้ถูพื้น',6,NULL,1,5,1,NULL,10,1,'2023-03-23 09:09:09',NULL,NULL),(150,4,6,NULL,'ST-02-0004','ผ้าถูพื้น 10นิ้ว',6,NULL,1,5,1,NULL,10,1,'2023-03-23 09:09:09',NULL,NULL),(151,4,6,NULL,'ST-02-0005','ไม้กวาดดอกหญ้า',6,NULL,1,5,1,NULL,10,1,'2023-03-23 09:09:09',NULL,NULL),(152,4,6,NULL,'ST-02-0006','ไม้กวาดพลาสติก',6,NULL,1,5,2,NULL,10,1,'2023-03-23 09:09:09',NULL,NULL),(153,4,6,NULL,'ST-02-0007','ที่โกยผง',6,NULL,1,5,2,NULL,10,1,'2023-03-23 09:09:09',NULL,NULL),(154,4,6,NULL,'ST-02-0009','แปรงขัดพื้นด้ามยาว',6,NULL,1,10,2,NULL,10,1,'2023-03-23 09:09:09',NULL,NULL),(155,4,6,NULL,'ST-02-0010','ผ้าวน 10นิ้ว',17,NULL,1,100,1,NULL,10,1,'2023-03-23 09:09:09',NULL,NULL),(156,4,6,NULL,'ST-02-0011','ไม้กวาดหยักไย่',6,NULL,1,5,1,NULL,10,1,'2023-03-23 09:09:09',NULL,NULL),(157,4,9,NULL,'ST-02-0012','ถุงขยะ 28\\\"x36\\\"',8,NULL,1,50,15,NULL,10,1,'2023-03-23 09:09:09',NULL,NULL),(158,4,9,NULL,'ST-02-0013','ถุงมือผ้าสีขาว',34,NULL,1,96,24,NULL,10,1,'2023-03-23 09:09:09',NULL,NULL),(159,4,9,NULL,'ST-02-0014','ถุงมือยางสีส้ม',34,NULL,1,96,13,NULL,10,1,'2023-03-23 09:09:09',NULL,NULL),(160,4,9,NULL,'ST-02-0015','เอี๊ยม',17,NULL,1,20,1,NULL,10,1,'2023-03-23 09:09:09',NULL,NULL),(161,4,9,NULL,'ST-02-0016','ถุงขยะ(สีดำ) ขนาด 18\\\"x20\\\"',8,NULL,1,50,10,NULL,10,1,'2023-03-23 09:09:09',NULL,NULL),(162,4,9,NULL,'ST-02-0017','ถุงขยะ(สีดำ) ขนาด 22\\\"x30\\\"',8,NULL,1,50,30,NULL,10,1,'2023-03-23 09:09:09',NULL,NULL),(163,4,9,NULL,'ST-02-0018','ถ่าน ขนาด 1.5V - C',13,NULL,1,48,1,NULL,10,1,'2023-03-23 09:09:09',NULL,NULL),(164,4,9,NULL,'ST-02-0020','กระดาษทิชชู่ (ม้วนใหญ่)',14,NULL,1,48,18,NULL,10,1,'2023-03-23 09:09:09',NULL,NULL),(165,4,9,NULL,'ST-02-0021','กระดาษทิชชู่แบบดึง',35,NULL,1,48,18,NULL,10,1,'2023-03-23 09:09:09',NULL,NULL),(166,4,5,NULL,'ST-02-0022','ถ่านกระดุมลิเธี่ยม CR-2032 (แพ็ค 1 ก้อน)',13,NULL,1,24,1,NULL,10,1,'2023-03-23 09:09:09',NULL,NULL),(167,4,5,NULL,'ST-02-0023','ถ่าน AAA (แพ็ค 4 ก้อน)',13,NULL,1,24,1,NULL,10,1,'2023-03-23 09:09:09',NULL,NULL),(168,4,6,NULL,'ST-02-0024','อะไหล่ผ้าม็อบดันฝุ่น 30 นิ้ว',17,NULL,1,10,1,NULL,10,1,'2023-03-23 09:09:09',NULL,NULL),(169,4,7,NULL,'ST-03-0001','สบู่เหลวล้างมือแบบไม่มีกลิ่น ขนาด 20ลิตร (แนบCOAพร้อมส่งสินค้า)',18,NULL,1,5,1,NULL,10,1,'2023-03-23 09:09:09',NULL,NULL),(170,4,7,NULL,'ST-03-0002','แอลกอฮอล์70% ขนาด 18ลิตร (แนบCOAพร้อมส่งสินค้า)',18,NULL,1,3,1,NULL,10,1,'2023-03-23 09:09:09',NULL,NULL),(171,4,7,NULL,'ST-03-0003','คลอรีนน้ำ10% ขนาด 20ลิตร (แนบCOAพร้อมส่งสินค้า)',18,NULL,1,5,3,NULL,10,1,'2023-03-23 09:09:09',NULL,NULL),(172,4,7,NULL,'ST-03-0004','ผงซักฟอก ถุงละ 1กก. (แนบCOAพร้อมส่งสินค้า)',31,NULL,1,25,23,NULL,10,1,'2023-03-23 09:09:09',NULL,NULL),(173,4,7,NULL,'ST-03-0005','น้ำยาล้างภาชนะ ขนาด 20ลิตร (แนบCOAพร้อมส่งสินค้า)',18,NULL,1,5,4,NULL,10,1,'2023-03-23 09:09:09',NULL,NULL),(174,4,7,NULL,'ST-03-0006','น้ำยาล้างห้องน้ำ ขนาด 20ลิตร (แนบCOAพร้อมส่งสินค้า)',18,NULL,1,5,2,NULL,10,1,'2023-03-23 09:09:09',NULL,NULL),(175,4,5,NULL,'ST-04-0001','กระดาษ A4 สีขาว 70แกรม',2,NULL,1,15,7,NULL,10,1,'2023-03-23 09:09:09',NULL,NULL),(176,4,5,NULL,'ST-04-0002','กระดาษ A4 สีชมพู 80แกรม',2,NULL,1,15,2,NULL,10,1,'2023-03-23 09:09:09',NULL,NULL),(177,4,5,NULL,'ST-04-0003','กระดาษ A4 สีฟ้า 80แกรม',2,NULL,1,15,2,NULL,10,1,'2023-03-23 09:09:09',NULL,NULL),(178,4,5,NULL,'ST-04-0004','กระดาษต่อเนื่องเคมี (2ชั้น) ขนาด 9\\\"x 5.5\\\"',11,NULL,1,15,2,NULL,10,1,'2023-03-23 09:09:09',NULL,NULL),(179,4,5,NULL,'ST-04-0006','ปากกาMarker สีน้ำเงิน',1,NULL,1,12,1,NULL,10,1,'2023-03-23 09:09:09',NULL,NULL),(180,4,5,NULL,'ST-04-0007','ปากกาMarker สีดำ',1,NULL,1,12,1,NULL,10,1,'2023-03-23 09:09:09',NULL,NULL),(181,4,5,NULL,'ST-04-0008','ปากกาMarker สีแดง',1,NULL,1,12,1,NULL,10,1,'2023-03-23 09:09:09',NULL,NULL),(182,4,5,NULL,'ST-04-0009','ปากกาลูกลื่นสีน้ำเงิน (แบบหมุน)',1,NULL,1,48,13,NULL,10,1,'2023-03-23 09:09:09',NULL,NULL),(183,4,5,NULL,'ST-04-0010','ตลับหมึก EPSON รุ่น LQ-310',11,NULL,1,10,9,NULL,10,1,'2023-03-23 09:09:09',NULL,NULL),(184,4,5,NULL,'ST-04-0011','แฟ้มซองพลาสติก A4',6,NULL,1,5,1,NULL,10,1,'2023-03-23 09:09:09',NULL,NULL),(185,4,5,NULL,'ST-04-0012','สมุดปกแข็ง เล่มใหญ่',36,NULL,1,5,1,NULL,10,1,'2023-03-23 09:09:09',NULL,NULL),(186,4,5,NULL,'ST-04-0013','สมุดปกอ่อน เล่มเล็ก',36,NULL,1,5,1,NULL,10,1,'2023-03-23 09:09:09',NULL,NULL),(187,4,5,NULL,'ST-04-0014','คลิปดำ ขนาด 25 mm.',11,NULL,1,24,1,NULL,10,1,'2023-03-23 09:09:09',NULL,NULL),(188,4,5,NULL,'ST-04-0015','คลิปดำ ขนาด 41 mm.',11,NULL,1,24,1,NULL,10,1,'2023-03-23 09:09:09',NULL,NULL),(189,4,5,NULL,'ST-04-0016','ลวดเสียบ',11,NULL,1,5,1,NULL,10,1,'2023-03-23 09:09:09',NULL,NULL),(190,4,5,NULL,'ST-04-0017','ซองอเนกประสงค์ 11 รู',35,NULL,1,5,1,NULL,10,1,'2023-03-23 09:09:09',NULL,NULL),(191,4,5,NULL,'ST-04-0018','ดินสอ',1,NULL,1,24,1,NULL,10,1,'2023-03-23 09:09:09',NULL,NULL),(192,4,5,NULL,'ST-04-0019','ลูกแม๊ก No.3-1M',11,NULL,1,24,1,NULL,10,1,'2023-03-23 09:09:09',NULL,NULL),(193,4,5,NULL,'ST-04-0020','ลูกแม๊ก No.10-1M',11,NULL,1,24,1,NULL,10,1,'2023-03-23 09:09:09',NULL,NULL),(194,4,5,NULL,'ST-04-0021','กระดาษต่อเนื่องเคมี(โอจิ) (2ชั้น ขาว-เหลือง) ขนาด 9.5\"x11\" (1000ชุด/กล่อง)',11,NULL,1,15,3,NULL,10,1,'2023-03-23 09:09:09',NULL,NULL),(195,4,5,NULL,'ST-04-0022','เทปกาว2หน้า แบบหนา',14,NULL,1,5,1,NULL,10,1,'2023-03-23 09:09:09',NULL,NULL),(196,4,5,NULL,'ST-04-0023','เทปใส 18mm',14,NULL,1,5,1,NULL,10,1,'2023-03-23 09:09:09',NULL,NULL),(197,4,5,NULL,'ST-04-0024','กระดาษต่อเนื่องเคมี(โอจิ) (3 ชั้นขาว-ฟ้า-เหลือง) ขนาด 9 \"x11\" (1000ชุด/กล่อง)',11,NULL,1,15,3,NULL,10,1,'2023-03-23 09:09:09',NULL,NULL),(198,4,5,NULL,'ST-04-0025','กระดาษเทอร์มอล 80*80 มม.',14,NULL,1,100,1,NULL,10,1,'2023-03-23 09:09:09',NULL,NULL),(199,4,9,NULL,'ST-04-0026','ฟิล์มยืด 15 ไมครอน (6 ม้วน/ลัง)',14,NULL,1,12,1,NULL,10,1,'2023-03-23 09:09:09',NULL,NULL),(200,4,5,NULL,'ST-04-0027','เทปใส 48x100 หลา (72ม้วน/ลัง)',14,NULL,1,5,1,NULL,10,1,'2023-03-23 09:09:09',NULL,NULL),(201,4,5,NULL,'ST-04-0028','เทปกาว2หน้า แบบบาง',14,NULL,1,10,1,NULL,10,1,'2023-03-23 09:09:09',NULL,NULL),(202,4,5,NULL,'ST-04-0029','ยางลบ',13,NULL,1,10,1,NULL,10,1,'2023-03-23 09:09:09',NULL,NULL),(203,4,9,NULL,'ST-04-0030','เชือกขาวแดง',14,NULL,1,5,1,NULL,10,1,'2023-03-23 09:09:09',NULL,NULL),(204,4,9,NULL,'ST-04-0031','เทปเหลือง/ดำ',14,NULL,1,3,1,NULL,10,1,'2023-03-23 09:09:09',NULL,NULL),(205,4,5,NULL,'FA-16-0002','หมึก EPSON L3210 สีเหลือง',11,NULL,1,2,1,NULL,10,1,'2023-03-23 09:09:09',NULL,NULL),(206,4,5,NULL,'FA-16-0003','หมึก EPSON L3210 สีชมพู',11,NULL,1,2,1,NULL,10,1,'2023-03-23 09:09:09',NULL,NULL),(207,4,5,NULL,'FA-16-0004','หมึก EPSON L3210 สีฟ้า',11,NULL,1,2,1,NULL,10,1,'2023-03-23 09:09:09',NULL,NULL),(208,4,9,NULL,'OF-04-0003','กล่องใส่กระดาษทิชชู่แบบดึง',11,NULL,1,2,1,NULL,10,1,'2023-03-23 09:09:09',NULL,NULL),(209,8,10,NULL,'ST-01-0001','สบู่เหลวล้างมือแบบไม่มีกลิ่น ขนาด 20ลิตร (แนบCOAพร้อมส่งสินค้า)',18,NULL,1,3,2,1,7,1,'2023-04-06 12:12:12',NULL,NULL),(210,8,10,NULL,'ST-01-0002','แอลกอฮอล์70% ขนาด 20ลิตร (แนบCOAพร้อมส่งสินค้า)',18,NULL,1,3,2,1,7,1,'2023-04-06 12:12:12',NULL,NULL),(211,8,10,NULL,'ST-01-0003','คลอรีนน้ำ10% ขนาด 20ลิตร (แนบCOAพร้อมส่งสินค้า)',18,NULL,1,7,2,1,7,1,'2023-04-06 12:12:12',NULL,NULL),(212,8,10,NULL,'ST-01-0004','ผงซักฟอก ถุงละ 1กก. (แนบCOAพร้อมส่งสินค้า)',8,NULL,1,30,13,1,7,1,'2023-04-06 12:12:12',NULL,NULL),(213,8,10,NULL,'ST-01-0005','น้ำยาล้างภาชนะขนาด 20ลิตร (แนบCOAพร้อมส่งสินค้า)',18,NULL,1,3,2,1,7,1,'2023-04-06 12:12:12',NULL,NULL),(214,8,10,NULL,'ST-01-0006','น้ำยาล้างห้องน้ำ ขนาด 20ลิตร (แนบCOAพร้อมส่งสินค้า)',18,NULL,1,3,2,1,7,1,'2023-04-06 12:12:12',NULL,NULL),(215,8,11,NULL,'ST-01-0007','เกลือเม็ด',8,NULL,1,0,7,2,7,1,'2023-04-06 12:12:12',NULL,NULL),(216,8,10,NULL,'ST-01-0008','น้ำยาขัดพื้น',18,NULL,1,0,1,2,7,1,'2023-04-06 12:12:12',NULL,NULL),(217,8,12,NULL,'ST-02-0001','กระดาษ A3 สีขาว',2,NULL,1,2,1,1,7,1,'2023-04-06 12:12:12',NULL,NULL),(218,8,12,NULL,'ST-02-0002','กระดาษ A4 สีขาว 70แกรม',2,NULL,1,30,5,5,7,1,'2023-04-06 12:12:12',NULL,NULL),(219,8,12,NULL,'ST-02-0003','กระดาษ A4 สีเขียวน้ำทะเล',2,NULL,1,5,1,1,7,1,'2023-04-06 12:12:12',NULL,NULL),(220,8,12,NULL,'ST-02-0004','กระดาษ A4 สีเขียวตอง',2,NULL,1,5,1,1,7,1,'2023-04-06 12:12:12',NULL,NULL),(221,8,12,NULL,'ST-02-0005','กระดาษ A4 สีเหลือง',2,NULL,1,5,2,1,7,1,'2023-04-06 12:12:12',NULL,NULL),(222,8,12,NULL,'ST-02-0006','กระดาษ A4 สีชมพู 80แกรม',2,NULL,1,5,2,1,7,1,'2023-04-06 12:12:12',NULL,NULL),(223,8,12,NULL,'ST-02-0007','กระดาษ A4 สีฟ้า 80แกรม',2,NULL,1,5,2,1,7,1,'2023-04-06 12:12:12',NULL,NULL),(224,8,12,NULL,'ST-02-0009','กระดาษ A4 สีเขียว 150แกรม',2,NULL,1,5,1,1,7,1,'2023-04-06 12:12:12',NULL,NULL),(225,8,12,NULL,'ST-02-0011','กระดาษต่อเนื่องเคมี (2ชั้น) ขนาด 9.5\"x11\" (1,000ชุด/กล่อง)',11,NULL,1,5,1,1,7,1,'2023-04-06 12:12:12',NULL,NULL),(226,8,12,NULL,'ST-02-0012','กระดาษต่อเนื่องเคมี (4ชั้น) ขนาด 9.5\"x11\" (500ชุด/กล่อง)',11,NULL,1,5,1,1,7,1,'2023-04-06 12:12:12',NULL,NULL),(227,8,12,NULL,'ST-02-0013','กระดาษต่อเนื่อง (4ชั้น) ขนาด 9.5\"x11\" (500ชุด/กล่อง)',11,NULL,1,5,1,1,7,1,'2023-04-06 12:12:12',NULL,NULL),(228,8,12,NULL,'ST-02-0014','กระดาษต่อเนื่องเคมี (2ชั้น) ขนาด 9\"x 5.5\"',11,NULL,1,5,1,1,7,1,'2023-04-06 12:12:12',NULL,NULL),(229,8,12,NULL,'ST-02-0015','กระดาษต่อเนื่องเคมี(โอจิ) (4ชั้น) ขนาด 9.5\"x11\" (500ชุด/กล่อง)',11,NULL,1,5,1,1,20,1,'2023-04-06 12:12:12',NULL,NULL),(230,8,12,NULL,'ST-02-0016','กระดาษเทอร์มอล 80*80 มม.',14,NULL,1,15,3,3,7,1,'2023-04-06 12:12:12',NULL,NULL),(231,8,13,NULL,'ST-02-0017','ปากกาMarker สีน้ำเงิน',5,NULL,1,36,5,3,7,1,'2023-04-06 12:12:12',NULL,NULL),(232,8,13,NULL,'ST-02-0019','ปากกาMarker สีแดง',5,NULL,1,12,5,3,7,1,'2023-04-06 12:12:12',NULL,NULL),(233,8,13,NULL,'ST-02-0020','ปากกาเน้นข้อความ สีเหลือง',5,NULL,1,5,1,1,7,1,'2023-04-06 12:12:12',NULL,NULL),(234,8,13,NULL,'ST-02-0021','ปากกาเน้นข้อความ สีชมพู',5,NULL,1,5,1,1,7,1,'2023-04-06 12:12:12',NULL,NULL),(235,8,13,NULL,'ST-02-0022','ปากกาเน้นข้อความ สีฟ้า',5,NULL,1,5,1,1,7,1,'2023-04-06 12:12:12',NULL,NULL),(236,8,13,NULL,'ST-02-0023','ปากกาเน้นข้อความ สีส้ม',5,NULL,1,5,1,1,7,1,'2023-04-06 12:12:12',NULL,NULL),(237,8,13,NULL,'ST-02-0024','ปากกาเน้นข้อความ สีเขียว',5,NULL,1,5,1,1,7,1,'2023-04-06 12:12:12',NULL,NULL),(238,8,13,NULL,'ST-02-0025','ปากกาไวท์บอร์ด สีน้ำเงิน',5,NULL,1,12,1,2,7,1,'2023-04-06 12:12:12',NULL,NULL),(239,8,13,NULL,'ST-02-0026','ปากกาไวท์บอร์ด สีดำ',5,NULL,1,12,1,2,7,1,'2023-04-06 12:12:12',NULL,NULL),(240,8,13,NULL,'ST-02-0027','ปากกาไวท์บอร์ด สีแดง',5,NULL,1,12,1,2,7,1,'2023-04-06 12:12:12',NULL,NULL),(241,8,13,NULL,'ST-02-0028','ปากกาลูกลื่นสีน้ำเงิน (แบบหมุน)',5,NULL,1,50,10,5,7,1,'2023-04-06 12:12:12',NULL,NULL),(242,8,13,NULL,'ST-02-0029','ปากกาลูกลื่นสีแดง (แบบหมุน)',5,NULL,1,50,10,5,7,1,'2023-04-06 12:12:12',NULL,NULL),(243,8,14,NULL,'ST-02-0031','ตลับหมึก EPSON รุ่น LQ-310',20,NULL,1,5,2,1,7,1,'2023-04-06 12:12:12',NULL,NULL),(244,8,14,NULL,'ST-02-0035','Ribbon ขนาด 89*360 ml. F/I',14,NULL,1,10,3,2,7,1,'2023-04-06 12:12:12',NULL,NULL),(245,8,15,NULL,'ST-02-0036','แฟ้มเอกสารพลาสติก A4',35,NULL,1,24,3,1,7,1,'2023-04-06 12:12:12',NULL,NULL),(246,8,15,NULL,'ST-02-0037','ลิ้นแฟ้ม',11,NULL,1,2,1,1,7,1,'2023-04-06 12:12:12',NULL,NULL),(247,8,16,NULL,'ST-02-0038','เทปกาว2หน้า แบบบาง',14,NULL,1,5,2,1,7,1,'2023-04-06 12:12:12',NULL,NULL),(248,8,16,NULL,'ST-02-0039','เทปกาว2หน้า แบบหนา',14,NULL,1,5,2,1,7,1,'2023-04-06 12:12:12',NULL,NULL),(249,8,16,NULL,'ST-02-0040','เทปใส ขนาด 18mm x36 หลา',14,NULL,1,5,2,2,7,1,'2023-04-06 12:12:12',NULL,NULL),(250,8,16,NULL,'ST-02-0041','เทปใส ขนาด 2\" x45 หลา',14,NULL,1,5,2,1,7,1,'2023-04-06 12:12:12',NULL,NULL),(251,8,16,NULL,'ST-02-0042','เทปใส ขนาด 2\"x1000 หลา',14,NULL,1,5,2,1,7,1,'2023-04-06 12:12:12',NULL,NULL),(252,8,16,NULL,'ST-02-0043','กาวแท่ง',1,NULL,1,5,2,1,7,1,'2023-04-06 12:12:12',NULL,NULL),(253,8,15,NULL,'ST-02-0044','สมุดปกแข็ง เล่มใหญ่',36,NULL,1,3,1,1,7,1,'2023-04-06 12:12:12',NULL,NULL),(254,8,15,NULL,'ST-02-0045','สมุดปกอ่อน เล่มเล็ก',36,NULL,1,3,1,1,7,1,'2023-04-06 12:12:12',NULL,NULL),(255,8,15,NULL,'ST-02-0046','คลิปดำ ขนาด 25 mm.',11,NULL,1,3,1,1,7,1,'2023-04-06 12:12:12',NULL,NULL),(256,8,15,NULL,'ST-02-0047','คลิปดำ ขนาด 32 mm.',11,NULL,1,3,1,1,7,1,'2023-04-06 12:12:12',NULL,NULL),(257,8,15,NULL,'ST-02-0048','ลวดเสียบ',11,NULL,1,5,2,1,7,1,'2023-04-06 12:12:12',NULL,NULL),(258,8,15,NULL,'ST-02-0049','37อเนกประสงค์ 11 รู',35,NULL,1,40,10,5,7,1,'2023-04-06 12:12:12',NULL,NULL),(259,8,15,NULL,'ST-02-0050','ดินสอ',1,NULL,1,12,3,2,7,1,'2023-04-06 12:12:12',NULL,NULL),(260,8,15,NULL,'ST-02-0051','ยางลบ',13,NULL,1,10,3,2,7,1,'2023-04-06 12:12:12',NULL,NULL),(261,8,15,NULL,'ST-02-0052','ลูกแม๊ก No.3-1M',11,NULL,1,24,5,2,7,1,'2023-04-06 12:12:12',NULL,NULL),(262,8,15,NULL,'ST-02-0053','ลูกแม๊ก No.10-1M',11,NULL,1,24,5,2,7,1,'2023-04-06 12:12:12',NULL,NULL),(263,8,15,NULL,'ST-02-0059','สติ๊กเกอร์ ติด TAG ขนาด A-7',38,NULL,1,0,0,0,0,1,'2023-04-06 12:12:12',NULL,NULL),(264,8,15,NULL,'ST-02-0064','เทปใส 48 * 100 หลา',14,NULL,1,0,0,0,7,1,'2023-04-06 12:12:12',NULL,NULL),(265,8,15,NULL,'ST-03-0004','ใบแจ้งฟรีส FM-WH-20/01',36,NULL,1,20,5,2,20,1,'2023-04-06 12:12:12',NULL,NULL),(266,8,15,NULL,'ST-03-0005','ใบเบิกสินค้า(เคมี 2ชั้น) ขนาด 9.5\"x11\"  (1,000ชุด/กล่อง)',11,NULL,1,0,0,0,20,1,'2023-04-06 12:12:12',NULL,NULL),(267,8,15,NULL,'ST-03-0006','ใบรับฝากสินค้า(เคมี 2ชั้น) ขนาด 9.5\"x11\" (1,000ชุด/กล่อง)',11,NULL,1,0,0,0,20,1,'2023-04-06 12:12:12',NULL,NULL),(268,8,15,NULL,'ST-03-0007','ใบวางบิล/ใบแจ้งหนี้',11,NULL,1,0,0,0,20,1,'2023-04-06 12:12:12',NULL,NULL),(269,8,15,NULL,'ST-03-0008','แบบฟอร์มรายงานประจำวัน(Daily Report)',36,NULL,1,0,0,0,20,1,'2023-04-06 12:12:12',NULL,NULL),(270,8,15,NULL,'ST-03-0009','สลิปเงินเดือนคาร์บอน',11,NULL,1,0,0,0,20,1,'2023-04-06 12:12:12',NULL,NULL),(271,8,15,NULL,'ST-03-0010','กระดาษหัวจดหมาย A 4(ขนาด 80 แกรม) พิมพ์โลโก้',2,NULL,1,0,0,0,0,1,'2023-04-06 12:12:12',NULL,NULL),(272,8,15,NULL,'ST-03-0011','37จดหมาย#9(สีขาว) ขนาด 108x235mm.(100 แกรม) พิมพ์โลโก้',37,NULL,1,100,20,10,20,1,'2023-04-06 12:12:12',NULL,NULL),(273,8,15,NULL,'ST-03-0012','37เอกสาร(สีขาว) ขนาด 355.6x254mm.(100 แกรม) พิมพ์โลโก้',37,NULL,1,100,20,10,7,1,'2023-04-06 12:12:12',NULL,NULL),(274,8,15,NULL,'ST-03-0013','TAG BARCODE ม้วนใหญ่ (สีขาว) ขนาด 7x16cm (500ดวง/ม้วน)',14,NULL,1,100,20,2,20,1,'2023-04-06 12:12:12',NULL,NULL),(275,8,11,NULL,'ST-04-0001','ผ้าวน(คละสี) ขนาด 10\"x10\"',17,NULL,1,30,10,5,7,1,'2023-04-06 12:12:12',NULL,NULL),(276,8,11,NULL,'ST-04-0002','ไม้กวาดดอกหญ้า',6,NULL,1,5,1,2,7,1,'2023-04-06 12:12:12',NULL,NULL),(277,8,11,NULL,'ST-04-0003','ไม้กวาดทางมะพร้าว',6,NULL,1,5,2,2,7,1,'2023-04-06 12:12:12',NULL,NULL),(278,8,11,NULL,'ST-04-0004','ไม้ถูพื้น ขนาด 10\"',6,NULL,1,10,1,1,7,1,'2023-04-06 12:12:12',NULL,NULL),(279,8,11,NULL,'ST-04-0005','ผ้าถูพื้น ขนาด 10\"',17,NULL,1,5,1,1,7,1,'2023-04-06 12:12:12',NULL,NULL),(280,8,11,NULL,'ST-04-0006','ไม้รีดน้ำ ขนาด 24 \" ยาว1.2 ม',6,NULL,1,0,4,2,7,1,'2023-04-06 12:12:12',NULL,NULL),(281,8,11,NULL,'ST-04-0007','ถุงขยะ(สีดำ) ขนาด 18\"x20\"',35,NULL,1,0,2,5,7,1,'2023-04-06 12:12:12',NULL,NULL),(282,8,11,NULL,'ST-04-0008','ถุงขยะ(สีดำ) ขนาด 22\"x30\"',35,NULL,1,0,5,5,7,1,'2023-04-06 12:12:12',NULL,NULL),(283,8,11,NULL,'ST-04-0009','ถุงขยะ(สีดำ) ขนาด 28\"x36\"',35,NULL,1,0,14,5,7,1,'2023-04-06 12:12:12',NULL,NULL),(284,8,11,NULL,'ST-04-0010','เอี๊ยมพลาสติก(สีฟ้า)',17,NULL,1,40,5,5,7,1,'2023-04-06 12:12:12',NULL,NULL),(285,8,11,NULL,'ST-04-0011','ถุงมือผ้าสีขาว',34,NULL,1,60,5,5,7,1,'2023-04-06 12:12:12',NULL,NULL),(286,8,11,NULL,'ST-04-0012','ถุงมือยางสีส้ม',34,NULL,1,24,5,5,7,1,'2023-04-06 12:12:12',NULL,NULL),(287,8,11,NULL,'ST-04-0013','ฟิล์มยืด 15 ไมครอน (6 ม้วน/ลัง)',33,NULL,1,0,0,0,7,1,'2023-04-06 12:12:12',NULL,NULL),(288,8,11,NULL,'ST-04-0014','ซีลล็อคตู้ สีฟ้า โลโก้ JWD Cold Chain',11,NULL,1,0,0,0,0,1,'2023-04-06 12:12:12',NULL,NULL),(289,8,11,NULL,'ST-04-0015','เครื่องพ่นแอลกอฮอล์',7,NULL,1,0,0,0,0,1,'2023-04-06 12:12:12',NULL,NULL),(290,8,11,NULL,'ST-04-0016','เครื่องจ่ายสบู่เหลว',7,NULL,1,0,0,0,0,1,'2023-04-06 12:12:12',NULL,NULL),(291,8,11,NULL,'ST-04-0017','ที่โกยขยะ',6,NULL,1,5,1,1,7,1,'2023-04-06 12:12:12',NULL,NULL),(292,8,11,NULL,'ST-04-0018','ถ่าน ขนาด AA (แพค4ก้อน)',13,NULL,1,0,0,0,0,1,'2023-04-06 12:12:12',NULL,NULL),(293,8,11,NULL,'ST-04-0019','ถ่าน ขนาด AAA (แพค4ก้อน)',13,NULL,1,0,0,0,0,1,'2023-04-06 12:12:12',NULL,NULL),(294,8,11,NULL,'ST-04-0020','ถ่าน ขนาด D',13,NULL,1,0,0,0,0,1,'2023-04-06 12:12:12',NULL,NULL),(295,8,11,NULL,'ST-04-0021','ถ่าน ขนาด 1.5V - C',13,NULL,1,20,4,4,7,1,'2023-04-06 12:12:12',NULL,NULL),(296,8,11,NULL,'ST-04-0022','ถ่าน ขนาด 9V',13,NULL,1,0,0,0,0,1,'2023-04-06 12:12:12',NULL,NULL),(297,8,11,NULL,'ST-04-0023','ถ่านกระดุมลิเธี่ยม CR-2032',13,NULL,1,0,0,0,0,1,'2023-04-06 12:12:12',NULL,NULL),(298,8,11,NULL,'ST-04-0024','เชือกขาวแดง',14,NULL,1,5,1,1,7,1,'2023-04-06 12:12:12',NULL,NULL),(299,8,11,NULL,'ST-04-0025','กระดาษทิชชู่ (ม้วนเล็ก)',11,NULL,1,0,0,0,0,1,'2023-04-06 12:12:12',NULL,NULL),(300,8,11,NULL,'ST-04-0026','กระดาษทิชชู่ (ม้วนใหญ่)',11,NULL,1,24,3,2,7,1,'2023-04-06 12:12:12',NULL,NULL),(301,8,11,NULL,'ST-04-0027','กระดาษทิชชู่แบบดึง',35,NULL,1,24,3,2,7,1,'2023-04-06 12:12:12',NULL,NULL),(302,8,11,NULL,'ST-04-0028','ทิชชู่ม้วน CELLOX 3ชั้น',14,NULL,1,0,0,0,0,1,'2023-04-06 12:12:12',NULL,NULL),(303,8,11,NULL,'ST-04-0029','กล่องเก็บเอกสาร หนา 3ชั้น ขนาด 320x390x310mm (KA125/CA125/CA125)',12,NULL,1,0,0,0,0,1,'2023-04-06 12:12:12',NULL,NULL),(304,8,11,NULL,'ST-04-0030','แปรงขัดพื้นด้ามยาว',6,NULL,1,6,2,2,7,1,'2023-04-06 12:12:12',NULL,NULL),(305,8,11,NULL,'ST-04-0031','ผ้าพันพาเลท',17,NULL,1,0,0,0,0,1,'2023-04-06 12:12:12',NULL,NULL),(306,8,11,NULL,'ST-04-0032','กุญแจคอยาว 32mm',7,NULL,1,0,0,0,0,1,'2023-04-06 12:12:12',NULL,NULL),(307,8,11,NULL,'ST-04-0033','สายรัดสินค้า ขนาด 1\" X 6 เมตร PP  สีเทา ทำห่วง 1 ด้าน',16,NULL,1,500,200,100,30,1,'2023-04-06 12:12:12',NULL,NULL),(308,8,11,NULL,'ST-04-0034','ไม้กวาดพลาสติก',6,NULL,1,10,2,2,7,1,'2023-04-06 12:12:12',NULL,NULL),(309,8,11,NULL,'ST-05-0001','หลอด UVC T8 18W',39,NULL,1,0,0,0,0,1,'2023-04-06 12:12:12',NULL,NULL),(310,8,11,NULL,'ST-04-0036','ถุงขยะ(สีดำ) ขนาด 40\"x60\"',35,NULL,1,100,25,5,0,1,'2023-04-06 12:12:12',NULL,NULL),(311,8,11,NULL,'FA-52-0008','จอบขุนดิน',6,NULL,1,3,1,2,0,1,'2023-04-06 12:12:12',NULL,NULL),(312,8,11,NULL,'CS-08-0004','ไม้ม็อบดันฝุ่น 18\"',6,NULL,1,5,2,1,0,1,'2023-04-06 12:12:12',NULL,NULL),(313,8,11,NULL,'OF-09-0001','ไม้แขวนเสื้อ',6,NULL,1,24,6,6,0,1,'2023-04-06 12:12:12',NULL,NULL),(314,8,11,NULL,'FA-13-0004','เสื้อกราวแขนยาว (สีฟ้า)',7,NULL,1,20,5,5,0,1,'2023-04-06 12:12:12',NULL,NULL),(315,8,11,NULL,'FA-27-0006','ถังขยะสี่เหลี่ยม (แบบเหยียบ)',12,NULL,1,3,1,1,0,1,'2023-04-06 12:12:12',NULL,NULL),(316,8,11,NULL,'FA-27-0006','ถังขยะกลม (แบบเหยียบ)',12,NULL,1,3,1,1,0,1,'2023-04-06 12:12:12',NULL,NULL),(317,8,11,NULL,'FA-32-0011','หมวกผ้า (รับสด)',12,NULL,1,20,5,5,0,1,'2023-04-06 12:12:12',NULL,NULL),(318,8,11,NULL,'FA-71-0005','ผ้าเช็ดรถ (ชามัว)',17,NULL,1,10,2,2,0,1,'2023-04-06 12:12:12',NULL,NULL),(319,8,11,NULL,'FA-73-0005','รองเท้าบูท  (สีขาว)  #10.5',34,NULL,1,0,0,0,0,1,'2023-04-06 12:12:12',NULL,NULL),(320,8,11,NULL,'FA-73-0008','รองเท้าบูท  (สีขาว)  #9',34,NULL,1,0,0,0,0,1,'2023-04-06 12:12:12',NULL,NULL),(321,8,11,NULL,'FA-73-0006','รองเท้าบูท  (สีขาว)  #11.5',34,NULL,1,0,0,0,0,1,'2023-04-06 12:12:12',NULL,NULL),(322,8,11,NULL,'CS-03-0001','เน็ตคลุมผมแบบกระดาษ (สีขาว)',35,NULL,1,3,1,1,0,1,'2023-04-06 12:12:12',NULL,NULL),(323,8,11,NULL,'OF-01-0041','กระดาษเทอร์มอล 80*80 มม.',14,NULL,1,9,3,1,0,1,'2023-04-06 12:12:12',NULL,NULL),(324,8,11,NULL,'OF-24-0001','คัตเตอร์',5,NULL,1,5,2,1,0,1,'2023-04-06 12:12:12',NULL,NULL),(325,8,11,NULL,'CH-06-0009','น้ำยาดันฝุ่น',18,NULL,1,5,2,1,0,1,'2023-04-06 12:12:12',NULL,NULL),(326,8,11,NULL,'OF-27-0004','พลาสสติกเคลือบ A4',11,NULL,1,2,1,1,0,1,'2023-04-06 12:12:12',NULL,NULL),(327,8,11,NULL,'OF-35-0002','เครื่องเจาะกระดาษ-ตัวใหญ่',6,NULL,1,0,0,0,0,1,'2023-04-06 12:12:12',NULL,NULL),(328,8,11,NULL,'OF-35-0001','เครื่องเจาะกระดาษ-ตัวเล็ก',6,NULL,1,0,0,0,0,1,'2023-04-06 12:12:12',NULL,NULL),(329,8,11,NULL,'OF-08-0003','แฟ้มสันกว้าง 3\" สีดำ',35,NULL,1,12,3,3,0,1,'2023-04-06 12:12:12',NULL,NULL),(330,8,11,NULL,'FA-31-0003','อวนตาข่ายสีเขียว',8,NULL,1,0,0,0,0,1,'2023-04-06 12:12:12',NULL,NULL),(331,8,11,NULL,'OF-17-0001','แท่นตัดเทปใส ขนาด 18mm x36 หลา',6,NULL,1,2,1,1,0,1,'2023-04-06 12:12:12',NULL,NULL),(332,8,11,NULL,'FA-13-0021','แก้วกรวยกระดาษ',35,NULL,1,25,5,3,0,1,'2023-04-06 12:12:12',NULL,NULL),(333,8,12,NULL,'ST-02-0003','กระดาษ A4 สีเขียวหยก',2,NULL,1,5,2,1,0,1,'2023-04-06 12:12:12',NULL,NULL),(334,8,11,NULL,'EL-06-0017','หลอดไฟดักแมลง 15 วัตต์ Silverlight',39,NULL,1,10,2,2,0,1,'2023-04-06 12:12:12',NULL,NULL),(335,8,11,NULL,'OF-31-0004','เครื่องแม็กซ์ #10',6,NULL,1,2,1,1,0,1,'2023-04-06 12:12:12',NULL,NULL),(336,8,11,NULL,'OF-31-0003','เครื่องแม็กซ์ #HD 50',6,NULL,1,2,1,1,0,1,'2023-04-06 12:12:12',NULL,NULL),(337,1,9,NULL,'ST-HA-0001','ทดสอบ (เสื้อเชิ้ตพนักงาน)',7,'ทดสอบเพิ่มข้อมูล (เสื้อเชิ้ตพนักงาน)',1,50,20,3,15,1,'2023-04-07 09:13:19',NULL,NULL),(338,8,1,NULL,'CH-06-0032',' น้ำยาซักผ้า (แนบ COA พร้อมส่งสินค้า)',18,' น้ำยาซักผ้า (แนบ COA พร้อมส่งสินค้า)',1,5,5,5,5,1,'2023-04-10 03:46:08',NULL,NULL),(339,1,9,NULL,'ST-HA-0002','เสื้อโปโล ชาย  Size M',7,NULL,1,50,25,50,45,59,'2023-04-20 09:21:22',NULL,NULL);
/*!40000 ALTER TABLE `tb_office_supplies` ENABLE KEYS */;
UNLOCK TABLES;

--
-- Table structure for table `tb_office_supplies_photo`
--

DROP TABLE IF EXISTS `tb_office_supplies_photo`;
/*!40101 SET @saved_cs_client     = @@character_set_client */;
/*!50503 SET character_set_client = utf8mb4 */;
CREATE TABLE `tb_office_supplies_photo` (
  `id_photo` int(11) NOT NULL AUTO_INCREMENT,
  `sort_photo` int(11) DEFAULT NULL COMMENT 'ลำดับรูป',
  `ref_id_offsupp` int(11) NOT NULL,
  `photo_name` varchar(80) NOT NULL,
  PRIMARY KEY (`id_photo`),
  KEY `ref_id_offsupp_master` (`ref_id_offsupp`)
) ENGINE=InnoDB AUTO_INCREMENT=12 DEFAULT CHARSET=utf8 COLLATE=utf8_unicode_ci COMMENT='ตารางเก็บรูปภาพวัสดุอุปกรณ์';
/*!40101 SET character_set_client = @saved_cs_client */;

--
-- Dumping data for table `tb_office_supplies_photo`
--

LOCK TABLES `tb_office_supplies_photo` WRITE;
/*!40000 ALTER TABLE `tb_office_supplies_photo` DISABLE KEYS */;
INSERT INTO `tb_office_supplies_photo` VALUES (1,0,121,'ST-05-0001.jpg'),(2,0,120,'ST-04-0034.jpeg'),(3,0,118,'ST-04-0032.jpeg'),(4,0,116,'ST-04-0030.jpg'),(5,0,109,'ST-04-0023.jpg'),(6,0,108,'ST-04-0022.jpg'),(7,0,103,'ST-04-0017.jfif'),(8,0,99,'ST-04-0013.jpg'),(9,0,1,'ST-01-0001.jpg'),(10,NULL,122,'98cd799f0bf56dab8d3f897a3afe17d8.png'),(11,NULL,123,'57bdb69ab9e2f488784a053e5210fee1.png');
/*!40000 ALTER TABLE `tb_office_supplies_photo` ENABLE KEYS */;
UNLOCK TABLES;

--
-- Table structure for table `tb_offsupp_location`
--

DROP TABLE IF EXISTS `tb_offsupp_location`;
/*!40101 SET @saved_cs_client     = @@character_set_client */;
/*!50503 SET character_set_client = utf8mb4 */;
CREATE TABLE `tb_offsupp_location` (
  `id_offsupp_location` int(11) NOT NULL AUTO_INCREMENT,
  `ref_id_offsupp` int(11) NOT NULL COMMENT 'อ้างอิงไอดี id_offsupp_master',
  `ref_id_location` int(11) NOT NULL COMMENT 'อ้างอิงไอดีไซต์งาน',
  `total_balance` int(11) NOT NULL,
  `status_use_offsupp` int(11) NOT NULL COMMENT '1-ใช้งาน/2-ยกเลิก',
  `ref_id_user_add` int(11) NOT NULL,
  `ref_adddate` datetime NOT NULL,
  PRIMARY KEY (`id_offsupp_location`),
  KEY `idx_id_offsupp_master` (`ref_id_offsupp`)
) ENGINE=InnoDB AUTO_INCREMENT=339 DEFAULT CHARSET=utf8 COLLATE=utf8_unicode_ci COMMENT='ตารางวัสดุอุปกรณ์ของแต่ละไซต์งาน';
/*!40101 SET character_set_client = @saved_cs_client */;

--
-- Dumping data for table `tb_offsupp_location`
--

LOCK TABLES `tb_offsupp_location` WRITE;
/*!40000 ALTER TABLE `tb_offsupp_location` DISABLE KEYS */;
INSERT INTO `tb_offsupp_location` VALUES (1,1,1,9,1,1,'2023-02-01 10:10:10'),(2,2,1,4,1,1,'2023-02-01 10:10:10'),(3,3,1,0,1,1,'2023-02-01 10:10:10'),(4,4,1,100,1,1,'2023-02-01 10:10:10'),(5,5,1,15,1,1,'2023-02-01 10:10:10'),(6,6,1,17,1,1,'2023-02-01 10:10:10'),(7,7,1,0,1,1,'2023-02-01 10:10:10'),(8,8,1,0,1,1,'2023-02-01 10:10:10'),(9,9,1,0,1,1,'2023-02-01 10:10:10'),(10,10,1,70,1,1,'2023-02-01 10:10:10'),(11,11,1,0,1,1,'2023-02-01 10:10:10'),(12,12,1,0,1,1,'2023-02-01 10:10:10'),(13,13,1,7,1,1,'2023-02-01 10:10:10'),(14,14,1,5,1,1,'2023-02-01 10:10:10'),(15,15,1,19,1,1,'2023-02-01 10:10:10'),(16,16,1,0,1,1,'2023-02-01 10:10:10'),(17,17,1,0,1,1,'2023-02-01 10:10:10'),(18,18,1,4,1,1,'2023-02-01 10:10:10'),(19,19,1,0,1,1,'2023-02-01 10:10:10'),(20,20,1,0,1,1,'2023-02-01 10:10:10'),(21,21,1,0,1,1,'2023-02-01 10:10:10'),(22,22,1,3,1,1,'2023-02-01 10:10:10'),(23,23,1,26,1,1,'2023-02-01 10:10:10'),(24,24,1,33,1,1,'2023-02-01 10:10:10'),(25,25,1,0,1,1,'2023-02-01 10:10:10'),(26,26,1,5,1,1,'2023-02-01 10:10:10'),(27,27,1,0,1,1,'2023-02-01 10:10:10'),(28,28,1,0,1,1,'2023-02-01 10:10:10'),(29,29,1,0,1,1,'2023-02-01 10:10:10'),(30,30,1,0,1,1,'2023-02-01 10:10:10'),(31,31,1,0,1,1,'2023-02-01 10:10:10'),(32,32,1,0,1,1,'2023-02-01 10:10:10'),(33,33,1,1,1,1,'2023-02-01 10:10:10'),(34,34,1,0,1,1,'2023-02-01 10:10:10'),(35,35,1,0,1,1,'2023-02-01 10:10:10'),(36,36,1,0,1,1,'2023-02-01 10:10:10'),(37,37,1,20,1,1,'2023-02-01 10:10:10'),(38,38,1,9,1,1,'2023-02-01 10:10:10'),(39,39,1,19,1,1,'2023-02-01 10:10:10'),(40,40,1,6,1,1,'2023-02-01 10:10:10'),(41,41,1,0,1,1,'2023-02-01 10:10:10'),(42,42,1,3,1,1,'2023-02-01 10:10:10'),(43,43,1,0,1,1,'2023-02-01 10:10:10'),(44,44,1,0,1,1,'2023-02-01 10:10:10'),(45,45,1,0,1,1,'2023-02-01 10:10:10'),(46,46,1,0,1,1,'2023-02-01 10:10:10'),(47,47,1,0,1,1,'2023-02-01 10:10:10'),(48,48,1,0,1,1,'2023-02-01 10:10:10'),(49,49,1,0,1,1,'2023-02-01 10:10:10'),(50,50,1,18,1,1,'2023-02-01 10:10:10'),(51,51,1,4,1,1,'2023-02-01 10:10:10'),(52,52,1,3,1,1,'2023-02-01 10:10:10'),(53,53,1,6,1,1,'2023-02-01 10:10:10'),(54,54,1,0,1,1,'2023-02-01 10:10:10'),(55,55,1,0,1,1,'2023-02-01 10:10:10'),(56,56,1,3,1,1,'2023-02-01 10:10:10'),(57,57,1,0,1,1,'2023-02-01 10:10:10'),(58,58,1,106,1,1,'2023-02-01 10:10:10'),(59,59,1,0,1,1,'2023-02-01 10:10:10'),(60,60,1,12,1,1,'2023-02-01 10:10:10'),(61,61,1,0,1,1,'2023-02-01 10:10:10'),(62,62,1,0,1,1,'2023-02-01 10:10:10'),(63,63,1,0,1,1,'2023-02-01 10:10:10'),(64,64,1,0,1,1,'2023-02-01 10:10:10'),(65,65,1,0,1,1,'2023-02-01 10:10:10'),(66,66,1,0,1,1,'2023-02-01 10:10:10'),(67,67,1,0,1,1,'2023-02-01 10:10:10'),(68,68,1,3,1,1,'2023-02-01 10:10:10'),(69,69,1,0,1,1,'2023-02-01 10:10:10'),(70,70,1,0,1,1,'2023-02-01 10:10:10'),(71,71,1,5,1,1,'2023-02-01 10:10:10'),(72,72,1,0,1,1,'2023-02-01 10:10:10'),(73,73,1,2,1,1,'2023-02-01 10:10:10'),(74,74,1,140,1,1,'2023-02-01 10:10:10'),(75,75,1,56,1,1,'2023-02-01 10:10:10'),(76,76,1,42,1,1,'2023-02-01 10:10:10'),(77,77,1,2,1,1,'2023-02-01 10:10:10'),(78,78,1,5,1,1,'2023-02-01 10:10:10'),(79,79,1,0,1,1,'2023-02-01 10:10:10'),(80,80,1,57,1,1,'2023-02-01 10:10:10'),(81,81,1,2,1,1,'2023-02-01 10:10:10'),(82,82,1,0,1,1,'2023-02-01 10:10:10'),(83,83,1,0,1,1,'2023-02-01 10:10:10'),(84,84,1,1000,1,1,'2023-02-01 10:10:10'),(85,85,1,0,1,1,'2023-02-01 10:10:10'),(86,86,1,8,1,1,'2023-02-01 10:10:10'),(87,87,1,0,1,1,'2023-02-01 10:10:10'),(88,88,1,5,1,1,'2023-02-01 10:10:10'),(89,89,1,0,1,1,'2023-02-01 10:10:10'),(90,90,1,2,1,1,'2023-02-01 10:10:10'),(91,91,1,0,1,1,'2023-02-01 10:10:10'),(92,92,1,0,1,1,'2023-02-01 10:10:10'),(93,93,1,10,1,1,'2023-02-01 10:10:10'),(94,94,1,22,1,1,'2023-02-01 10:10:10'),(95,95,1,32,1,1,'2023-02-01 10:10:10'),(96,96,1,30,1,1,'2023-02-01 10:10:10'),(97,97,1,0,1,1,'2023-02-01 10:10:10'),(98,98,1,0,1,1,'2023-02-01 10:10:10'),(99,99,1,14,1,1,'2023-02-01 10:10:10'),(100,100,1,5,1,1,'2023-02-01 10:10:10'),(101,101,1,0,1,1,'2023-02-01 10:10:10'),(102,102,1,0,1,1,'2023-02-01 10:10:10'),(103,103,1,17,1,1,'2023-02-01 10:10:10'),(104,104,1,0,1,1,'2023-02-01 10:10:10'),(105,105,1,28,1,1,'2023-02-01 10:10:10'),(106,106,1,0,1,1,'2023-02-01 10:10:10'),(107,107,1,8,1,1,'2023-02-01 10:10:10'),(108,108,1,3,1,1,'2023-02-01 10:10:10'),(109,109,1,5,1,1,'2023-02-01 10:10:10'),(110,110,1,25,1,1,'2023-02-01 10:10:10'),(111,111,1,0,1,1,'2023-02-01 10:10:10'),(112,112,1,0,1,1,'2023-02-01 10:10:10'),(113,113,1,0,1,1,'2023-02-01 10:10:10'),(114,114,1,0,1,1,'2023-02-01 10:10:10'),(115,115,1,240,1,1,'2023-02-01 10:10:10'),(116,116,1,17,1,1,'2023-02-01 10:10:10'),(117,117,1,0,1,1,'2023-02-01 10:10:10'),(118,118,1,0,1,1,'2023-02-01 10:10:10'),(119,119,1,0,1,1,'2023-02-01 10:10:10'),(120,120,1,0,1,1,'2023-02-01 10:10:10'),(121,121,1,8,1,1,'2023-02-01 10:10:10'),(122,123,1,0,1,1,'2023-02-15 10:44:03'),(123,122,1,0,1,1,'2023-02-15 10:44:15'),(124,122,4,0,1,1,'2023-03-23 10:10:10'),(125,123,4,0,1,1,'2023-03-23 10:10:10'),(126,124,4,21,1,1,'2023-03-23 10:10:10'),(127,125,4,2,1,1,'2023-03-23 10:10:10'),(128,126,4,0,1,1,'2023-03-23 10:10:10'),(129,127,4,3,1,1,'2023-03-23 10:10:10'),(130,128,4,0,1,1,'2023-03-23 10:10:10'),(131,129,4,3,1,1,'2023-03-23 10:10:10'),(132,130,4,12,1,1,'2023-03-23 10:10:10'),(133,131,4,3,1,1,'2023-03-23 10:10:10'),(134,132,4,3,1,1,'2023-03-23 10:10:10'),(135,133,4,72,1,1,'2023-03-23 10:10:10'),(136,134,4,4,1,1,'2023-03-23 10:10:10'),(137,135,4,4,1,1,'2023-03-23 10:10:10'),(138,136,4,2,1,1,'2023-03-23 10:10:10'),(139,137,4,2,1,1,'2023-03-23 10:10:10'),(140,138,4,0,1,1,'2023-03-23 10:10:10'),(141,139,4,0,1,1,'2023-03-23 10:10:10'),(142,140,4,0,1,1,'2023-03-23 10:10:10'),(143,141,4,0,1,1,'2023-03-23 10:10:10'),(144,142,4,7,1,1,'2023-03-23 10:10:10'),(145,143,4,1,1,1,'2023-03-23 10:10:10'),(146,144,4,46,1,1,'2023-03-23 10:10:10'),(147,145,4,36,1,1,'2023-03-23 10:10:10'),(148,146,4,22,1,1,'2023-03-23 10:10:10'),(149,147,4,14,1,1,'2023-03-23 10:10:10'),(150,148,4,14,1,1,'2023-03-23 10:10:10'),(151,149,4,5,1,1,'2023-03-23 10:10:10'),(152,150,4,6,1,1,'2023-03-23 10:10:10'),(153,151,4,0,1,1,'2023-03-23 10:10:10'),(154,152,4,5,1,1,'2023-03-23 10:10:10'),(155,153,4,6,1,1,'2023-03-23 10:10:10'),(156,154,4,6,1,1,'2023-03-23 10:10:10'),(157,155,4,30,1,1,'2023-03-23 10:10:10'),(158,156,4,3,1,1,'2023-03-23 10:10:10'),(159,157,4,48,1,1,'2023-03-23 10:10:10'),(160,158,4,35,1,1,'2023-03-23 10:10:10'),(161,159,4,43,1,1,'2023-03-23 10:10:10'),(162,160,4,24,1,1,'2023-03-23 10:10:10'),(163,161,4,35,1,1,'2023-03-23 10:10:10'),(164,162,4,48,1,1,'2023-03-23 10:10:10'),(165,163,4,21,1,1,'2023-03-23 10:10:10'),(166,164,4,8,1,1,'2023-03-23 10:10:10'),(167,165,4,17,1,1,'2023-03-23 10:10:10'),(168,166,4,15,1,1,'2023-03-23 10:10:10'),(169,167,4,42,1,1,'2023-03-23 10:10:10'),(170,168,4,8,1,1,'2023-03-23 10:10:10'),(171,169,4,5,1,1,'2023-03-23 10:10:10'),(172,170,4,3,1,1,'2023-03-23 10:10:10'),(173,171,4,3,1,1,'2023-03-23 10:10:10'),(174,172,4,16,1,1,'2023-03-23 10:10:10'),(175,173,4,5,1,1,'2023-03-23 10:10:10'),(176,174,4,6,1,1,'2023-03-23 10:10:10'),(177,175,4,8,1,1,'2023-03-23 10:10:10'),(178,176,4,6,1,1,'2023-03-23 10:10:10'),(179,177,4,12,1,1,'2023-03-23 10:10:10'),(180,178,4,8,1,1,'2023-03-23 10:10:10'),(181,179,4,14,1,1,'2023-03-23 10:10:10'),(182,180,4,12,1,1,'2023-03-23 10:10:10'),(183,181,4,10,1,1,'2023-03-23 10:10:10'),(184,182,4,22,1,1,'2023-03-23 10:10:10'),(185,183,4,11,1,1,'2023-03-23 10:10:10'),(186,184,4,0,1,1,'2023-03-23 10:10:10'),(187,185,4,5,1,1,'2023-03-23 10:10:10'),(188,186,4,2,1,1,'2023-03-23 10:10:10'),(189,187,4,6,1,1,'2023-03-23 10:10:10'),(190,188,4,8,1,1,'2023-03-23 10:10:10'),(191,189,4,0,1,1,'2023-03-23 10:10:10'),(192,190,4,0,1,1,'2023-03-23 10:10:10'),(193,191,4,29,1,1,'2023-03-23 10:10:10'),(194,192,4,17,1,1,'2023-03-23 10:10:10'),(195,193,4,10,1,1,'2023-03-23 10:10:10'),(196,194,4,13,1,1,'2023-03-23 10:10:10'),(197,195,4,3,1,1,'2023-03-23 10:10:10'),(198,196,4,4,1,1,'2023-03-23 10:10:10'),(199,197,4,8,1,1,'2023-03-23 10:10:10'),(200,198,4,36,1,1,'2023-03-23 10:10:10'),(201,199,4,30,1,1,'2023-03-23 10:10:10'),(202,200,4,39,1,1,'2023-03-23 10:10:10'),(203,201,4,5,1,1,'2023-03-23 10:10:10'),(204,202,4,12,1,1,'2023-03-23 10:10:10'),(205,203,4,2,1,1,'2023-03-23 10:10:10'),(206,204,4,0,1,1,'2023-03-23 10:10:10'),(207,205,4,2,1,1,'2023-03-23 10:10:10'),(208,206,4,2,1,1,'2023-03-23 10:10:10'),(209,2,4,3,1,28,'2023-03-23 07:24:06'),(210,209,8,4,1,1,'2023-04-07 14:14:14'),(211,210,8,4,1,1,'2023-04-07 14:14:14'),(212,211,8,3,1,1,'2023-04-07 14:14:14'),(213,212,8,10,1,1,'2023-04-07 14:14:14'),(214,213,8,3,1,1,'2023-04-07 14:14:14'),(215,214,8,2,1,1,'2023-04-07 14:14:14'),(216,215,8,0,1,1,'2023-04-07 14:14:14'),(217,216,8,0,1,1,'2023-04-07 14:14:14'),(218,217,8,1,1,1,'2023-04-07 14:14:14'),(219,218,8,26,1,1,'2023-04-07 14:14:14'),(220,219,8,0,1,1,'2023-04-07 14:14:14'),(221,220,8,0,1,1,'2023-04-07 14:14:14'),(222,221,8,0,1,1,'2023-04-07 14:14:14'),(223,222,8,0,1,1,'2023-04-07 14:14:14'),(224,223,8,0,1,1,'2023-04-07 14:14:14'),(225,224,8,0,1,1,'2023-04-07 14:14:14'),(226,225,8,0,1,1,'2023-04-07 14:14:14'),(227,226,8,0,1,1,'2023-04-07 14:14:14'),(228,227,8,0,1,1,'2023-04-07 14:14:14'),(229,228,8,0,1,1,'2023-04-07 14:14:14'),(230,229,8,0,1,1,'2023-04-07 14:14:14'),(231,230,8,0,1,1,'2023-04-07 14:14:14'),(232,231,8,0,1,1,'2023-04-07 14:14:14'),(233,232,8,3,1,1,'2023-04-07 14:14:14'),(234,233,8,0,1,1,'2023-04-07 14:14:14'),(235,234,8,0,1,1,'2023-04-07 14:14:14'),(236,235,8,0,1,1,'2023-04-07 14:14:14'),(237,236,8,0,1,1,'2023-04-07 14:14:14'),(238,237,8,0,1,1,'2023-04-07 14:14:14'),(239,238,8,4,1,1,'2023-04-07 14:14:14'),(240,239,8,0,1,1,'2023-04-07 14:14:14'),(241,240,8,0,1,1,'2023-04-07 14:14:14'),(242,241,8,32,1,1,'2023-04-07 14:14:14'),(243,242,8,49,1,1,'2023-04-07 14:14:14'),(244,243,8,1,1,1,'2023-04-07 14:14:14'),(245,244,8,0,1,1,'2023-04-07 14:14:14'),(246,245,8,0,1,1,'2023-04-07 14:14:14'),(247,246,8,1,1,1,'2023-04-07 14:14:14'),(248,247,8,0,1,1,'2023-04-07 14:14:14'),(249,248,8,0,1,1,'2023-04-07 14:14:14'),(250,249,8,0,1,1,'2023-04-07 14:14:14'),(251,250,8,0,1,1,'2023-04-07 14:14:14'),(252,251,8,0,1,1,'2023-04-07 14:14:14'),(253,252,8,0,1,1,'2023-04-07 14:14:14'),(254,253,8,0,1,1,'2023-04-07 14:14:14'),(255,254,8,0,1,1,'2023-04-07 14:14:14'),(256,255,8,0,1,1,'2023-04-07 14:14:14'),(257,256,8,0,1,1,'2023-04-07 14:14:14'),(258,257,8,3,1,1,'2023-04-07 14:14:14'),(259,258,8,1,1,1,'2023-04-07 14:14:14'),(260,259,8,8,1,1,'2023-04-07 14:14:14'),(261,260,8,8,1,1,'2023-04-07 14:14:14'),(262,261,8,0,1,1,'2023-04-07 14:14:14'),(263,262,8,0,1,1,'2023-04-07 14:14:14'),(264,263,8,0,1,1,'2023-04-07 14:14:14'),(265,264,8,0,1,1,'2023-04-07 14:14:14'),(266,265,8,0,1,1,'2023-04-07 14:14:14'),(267,266,8,0,1,1,'2023-04-07 14:14:14'),(268,267,8,0,1,1,'2023-04-07 14:14:14'),(269,268,8,0,1,1,'2023-04-07 14:14:14'),(270,269,8,0,1,1,'2023-04-07 14:14:14'),(271,270,8,0,1,1,'2023-04-07 14:14:14'),(272,271,8,0,1,1,'2023-04-07 14:14:14'),(273,272,8,0,1,1,'2023-04-07 14:14:14'),(274,273,8,200,1,1,'2023-04-07 14:14:14'),(275,274,8,0,1,1,'2023-04-07 14:14:14'),(276,275,8,0,1,1,'2023-04-07 14:14:14'),(277,276,8,0,1,1,'2023-04-07 14:14:14'),(278,277,8,0,1,1,'2023-04-07 14:14:14'),(279,278,8,0,1,1,'2023-04-07 14:14:14'),(280,279,8,3,1,1,'2023-04-07 14:14:14'),(281,280,8,0,1,1,'2023-04-07 14:14:14'),(282,281,8,49,1,1,'2023-04-07 14:14:14'),(283,282,8,0,1,1,'2023-04-07 14:14:14'),(284,283,8,0,1,1,'2023-04-07 14:14:14'),(285,284,8,14,1,1,'2023-04-07 14:14:14'),(286,285,8,0,1,1,'2023-04-07 14:14:14'),(287,286,8,0,1,1,'2023-04-07 14:14:14'),(288,287,8,65,1,1,'2023-04-07 14:14:14'),(289,288,8,400,1,1,'2023-04-07 14:14:14'),(290,289,8,0,1,1,'2023-04-07 14:14:14'),(291,290,8,0,1,1,'2023-04-07 14:14:14'),(292,291,8,2,1,1,'2023-04-07 14:14:14'),(293,292,8,8,1,1,'2023-04-07 14:14:14'),(294,293,8,6,1,1,'2023-04-07 14:14:14'),(295,294,8,0,1,1,'2023-04-07 14:14:14'),(296,295,8,8,1,1,'2023-04-07 14:14:14'),(297,296,8,0,1,1,'2023-04-07 14:14:14'),(298,297,8,0,1,1,'2023-04-07 14:14:14'),(299,298,8,0,1,1,'2023-04-07 14:14:14'),(300,299,8,0,1,1,'2023-04-07 14:14:14'),(301,300,8,7,1,1,'2023-04-07 14:14:14'),(302,301,8,5,1,1,'2023-04-07 14:14:14'),(303,302,8,0,1,1,'2023-04-07 14:14:14'),(304,303,8,0,1,1,'2023-04-07 14:14:14'),(305,304,8,0,1,1,'2023-04-07 14:14:14'),(306,305,8,0,1,1,'2023-04-07 14:14:14'),(307,306,8,0,1,1,'2023-04-07 14:14:14'),(308,307,8,0,1,1,'2023-04-07 14:14:14'),(309,308,8,1,1,1,'2023-04-07 14:14:14'),(310,309,8,0,1,1,'2023-04-07 14:14:14'),(311,310,8,90,1,1,'2023-04-07 14:14:14'),(312,311,8,3,1,1,'2023-04-07 14:14:14'),(313,312,8,2,1,1,'2023-04-07 14:14:14'),(314,313,8,34,1,1,'2023-04-07 14:14:14'),(315,314,8,20,1,1,'2023-04-07 14:14:14'),(316,315,8,1,1,1,'2023-04-07 14:14:14'),(317,316,8,1,1,1,'2023-04-07 14:14:14'),(318,317,8,30,1,1,'2023-04-07 14:14:14'),(319,318,8,6,1,1,'2023-04-07 14:14:14'),(320,319,8,0,1,1,'2023-04-07 14:14:14'),(321,320,8,0,1,1,'2023-04-07 14:14:14'),(322,321,8,0,1,1,'2023-04-07 14:14:14'),(323,322,8,0,1,1,'2023-04-07 14:14:14'),(324,323,8,0,1,1,'2023-04-07 14:14:14'),(325,324,8,0,1,1,'2023-04-07 14:14:14'),(326,325,8,2,1,1,'2023-04-07 14:14:14'),(327,326,8,1,1,1,'2023-04-07 14:14:14'),(328,327,8,1,1,1,'2023-04-07 14:14:14'),(329,328,8,0,1,1,'2023-04-07 14:14:14'),(330,329,8,20,1,1,'2023-04-07 14:14:14'),(331,330,8,0,1,1,'2023-04-07 14:14:14'),(332,331,8,0,1,1,'2023-04-07 14:14:14'),(333,332,8,0,1,1,'2023-04-07 14:14:14'),(334,333,8,0,1,1,'2023-04-07 14:14:14'),(335,334,8,0,1,1,'2023-04-07 14:14:14'),(336,335,8,0,1,1,'2023-04-07 14:14:14'),(337,336,8,1,1,1,'2023-04-07 14:14:14'),(338,338,8,1,1,1,'2023-04-10 03:48:35');
/*!40000 ALTER TABLE `tb_offsupp_location` ENABLE KEYS */;
UNLOCK TABLES;

--
-- Table structure for table `tb_permission`
--

DROP TABLE IF EXISTS `tb_permission`;
/*!40101 SET @saved_cs_client     = @@character_set_client */;
/*!50503 SET character_set_client = utf8mb4 */;
CREATE TABLE `tb_permission` (
  `id_permission` int(11) NOT NULL AUTO_INCREMENT,
  `ref_id_user` int(11) NOT NULL,
  `category` varchar(30) NOT NULL,
  `chk_active` int(11) NOT NULL COMMENT '0-No/1-Yes',
  `chk_add` int(11) NOT NULL,
  `chk_edit` int(11) NOT NULL,
  `chk_delete` int(11) NOT NULL,
  `chk_search` int(11) NOT NULL,
  `chk_view` int(11) NOT NULL,
  `chk_hold` int(11) NOT NULL,
  `chk_print` int(11) NOT NULL,
  PRIMARY KEY (`id_permission`)
) ENGINE=InnoDB DEFAULT CHARSET=utf8 COLLATE=utf8_unicode_ci COMMENT='ตารางกำหนดสิทธิ์พนักงาน';
/*!40101 SET character_set_client = @saved_cs_client */;

--
-- Dumping data for table `tb_permission`
--

LOCK TABLES `tb_permission` WRITE;
/*!40000 ALTER TABLE `tb_permission` DISABLE KEYS */;
/*!40000 ALTER TABLE `tb_permission` ENABLE KEYS */;
UNLOCK TABLES;

--
-- Table structure for table `tb_requisition`
--

DROP TABLE IF EXISTS `tb_requisition`;
/*!40101 SET @saved_cs_client     = @@character_set_client */;
/*!50503 SET character_set_client = utf8mb4 */;
CREATE TABLE `tb_requisition` (
  `id_req` int(11) NOT NULL AUTO_INCREMENT,
  `ref_id_location` int(11) NOT NULL,
  `ref_id_dept` int(2) NOT NULL COMMENT 'REF.ไอดีแผนก',
  `req_no` varchar(15) NOT NULL COMMENT 'เลขที่ใบเบิก Ex.2211-0001 (ปีเดือน-ลำดับ)',
  `req_datetime` datetime NOT NULL COMMENT 'วันที่เบิก',
  `req_date_approve` datetime DEFAULT NULL COMMENT 'วันที่อนุมัติ',
  `req_date_paid` datetime DEFAULT NULL COMMENT 'วันที่จ่าย',
  `ref_id_user` int(11) NOT NULL COMMENT 'ไอดีผู้เบิก',
  `ref_id_approver` int(11) NOT NULL COMMENT 'ไอดีผู้อนุมัติ',
  `ref_id_payer` int(11) NOT NULL COMMENT 'ไอดีผู้จ่าย',
  `req_remark` varchar(100) DEFAULT NULL,
  `disburse_remark` varchar(100) DEFAULT NULL,
  `req_paid` int(11) NOT NULL COMMENT '1-รออนุมัติ/2-ไม่อนุมัติ/3-อนุมัติ(รอจ่าย)/4-จ่ายแล้ว',
  `cause_disapproval` longtext DEFAULT NULL COMMENT 'สาเหตุที่ไม่อนุมัติ',
  `req_status` int(11) NOT NULL COMMENT 'สถานะ 1-ใช้งาน, 2-ยกเลิก',
  PRIMARY KEY (`id_req`),
  KEY `ref_id_location` (`ref_id_location`)
) ENGINE=InnoDB AUTO_INCREMENT=183 DEFAULT CHARSET=utf8 COLLATE=utf8_unicode_ci COMMENT='ตารางใบเบิกวัสดุอุปกรณ์';
/*!40101 SET character_set_client = @saved_cs_client */;

--
-- Dumping data for table `tb_requisition`
--

LOCK TABLES `tb_requisition` WRITE;
/*!40000 ALTER TABLE `tb_requisition` DISABLE KEYS */;
INSERT INTO `tb_requisition` VALUES (1,1,0,'2302-0001','2023-02-09 16:08:05','2023-02-14 10:49:44',NULL,1,1,0,'แผนก IT ทดสอบเบิกวัสดุ **ไม่ต้องอนุมัติเบิกนะครับ** + ไม่ต้องตัดจ่าย / โสภณ',NULL,2,'ทดสอบเบิก',1),(2,1,0,'2302-0002','2023-02-14 11:28:26','2023-02-14 11:30:54',NULL,60,60,0,'อาคาร1',NULL,2,'เบิกซ้ำ',1),(3,1,0,'2302-0003','2023-02-14 11:35:07','2023-02-14 11:35:15','2023-02-14 11:44:11',60,60,60,'อาคาร1',NULL,4,NULL,1),(4,1,0,'2302-0004','2023-02-14 12:08:47','2023-02-14 12:08:56','2023-02-14 12:09:14',60,60,60,'ออฟฟิศหน้า',NULL,4,NULL,1),(5,1,13,'2302-0005','2023-02-16 16:38:00','2023-02-16 16:38:53','2023-02-18 13:08:40',6,1,59,'ใช้สำหรับป้อมยาม (ทดสอบ)',NULL,4,NULL,1),(6,1,18,'2302-0006','2023-02-18 13:30:47','2023-02-18 13:31:11','2023-02-20 15:38:33',59,59,61,'ใช้งานอาคาร 1,5',NULL,4,NULL,1),(7,1,18,'2302-0007','2023-02-18 13:40:29','2023-02-18 16:02:19','2023-02-18 16:04:21',59,59,59,'ใช้สำหรับอาคาร 1,5',NULL,4,NULL,1),(8,1,18,'2302-0008','2023-02-18 13:42:16','2023-02-18 16:02:24','2023-02-18 16:04:37',59,59,59,'ใช้สำหรับอาคาร 1,5',NULL,4,NULL,1),(9,1,18,'2302-0009','2023-02-18 15:51:04','2023-02-18 16:02:28','2023-02-18 16:05:15',59,59,59,'CS',NULL,4,NULL,1),(10,1,18,'2302-0010','2023-02-18 15:54:28','2023-02-18 16:02:31','2023-02-18 16:05:37',59,59,59,'CS',NULL,4,NULL,1),(11,1,18,'2302-0011','2023-02-18 15:55:25','2023-02-18 16:02:35','2023-02-18 16:06:09',59,59,59,'CS',NULL,4,NULL,1),(12,1,18,'2302-0012','2023-02-18 15:56:52','2023-02-18 16:02:39','2023-02-18 16:05:56',59,59,59,'QA',NULL,4,NULL,1),(13,1,18,'2302-0013','2023-02-18 16:00:21','2023-02-18 16:02:42','2023-02-18 16:06:38',59,59,59,'WH อาคาร6',NULL,4,NULL,1),(14,1,18,'2302-0014','2023-02-18 16:01:58','2023-02-18 16:02:45','2023-02-18 16:07:05',59,59,59,'WH อาคาร 6',NULL,4,'',1),(15,1,18,'2302-0015','2023-02-18 16:01:59','2023-02-18 16:02:47','2023-02-18 16:07:29',59,59,59,'ใช้งานฝ่าย CS',NULL,4,NULL,1),(16,1,18,'2302-0016','2023-02-18 16:04:04','2023-02-18 16:04:12','2023-02-18 16:08:00',59,59,59,'ใช้งานฝ่าย CS',NULL,4,NULL,1),(17,1,18,'2302-0017','2023-02-18 16:08:52','2023-02-20 14:47:15','2023-02-20 15:37:11',59,61,61,'WH อาคาร6',NULL,4,NULL,1),(18,1,18,'2302-0018','2023-02-18 16:09:53','2023-02-20 14:47:11','2023-02-20 15:36:52',59,61,61,'แม่บ้าน HR',NULL,4,NULL,1),(19,1,18,'2302-0019','2023-02-18 16:19:44','2023-02-20 14:47:07','2023-02-20 15:36:36',59,61,61,'AC',NULL,4,NULL,1),(20,1,18,'2302-0020','2023-02-18 16:20:11','2023-02-20 14:47:04','2023-02-20 15:35:50',59,61,61,'AC',NULL,4,NULL,1),(21,1,18,'2302-0021','2023-02-18 16:20:43','2023-02-20 14:46:59','2023-02-20 15:35:19',59,61,61,'AC',NULL,4,NULL,1),(22,1,18,'2302-0022','2023-02-18 16:27:32','2023-02-20 14:46:56','2023-02-20 15:34:51',59,61,61,'CS',NULL,4,NULL,1),(23,1,18,'2302-0023','2023-02-18 16:28:54','2023-02-20 14:46:52','2023-02-20 15:34:20',59,61,61,'CS',NULL,4,NULL,1),(24,1,18,'2302-0024','2023-02-18 16:30:17','2023-02-20 14:46:49','2023-02-20 15:26:42',59,61,61,'CS',NULL,4,NULL,1),(25,1,18,'2302-0025','2023-02-18 16:30:54','2023-02-20 14:46:46','2023-02-20 15:26:25',59,61,61,'CS',NULL,4,NULL,1),(26,1,18,'2302-0026','2023-02-18 16:31:23','2023-02-20 14:46:42','2023-02-20 15:26:16',59,61,61,'CS',NULL,4,NULL,1),(27,1,18,'2302-0027','2023-02-18 16:32:44','2023-02-20 14:45:26','2023-02-20 15:24:46',59,61,61,'WH อาคาร8',NULL,4,NULL,1),(28,1,18,'2302-0028','2023-02-18 16:34:28','2023-02-20 14:45:22','2023-02-20 15:24:26',59,61,61,'WH อาคาร2,3,9',NULL,4,NULL,1),(29,1,18,'2302-0029','2023-02-18 16:35:19','2023-02-20 14:45:17','2023-02-20 15:23:49',59,61,61,'WH อาคาร 2,3,9',NULL,4,NULL,1),(30,1,13,'2302-0030','2023-02-20 08:39:42','2023-02-20 08:51:11','2023-02-20 15:23:36',6,5,61,'ใช้สำหรับป้อมยาม',NULL,4,NULL,1),(31,1,15,'2302-0031','2023-02-20 13:13:10','2023-02-20 14:45:13','2023-02-20 15:23:25',61,61,61,'WH อาคาร 7',NULL,4,NULL,1),(32,1,15,'2302-0032','2023-02-20 13:16:45','2023-02-20 14:45:10','2023-02-20 15:22:39',61,61,61,'WH อาคาร 1,5',NULL,4,NULL,1),(33,1,15,'2302-0033','2023-02-20 13:19:13','2023-02-20 14:44:57','2023-02-20 15:25:22',61,61,61,'WH อาคาร 4',NULL,4,NULL,1),(34,1,15,'2302-0034','2023-02-20 13:20:18','2023-02-20 14:44:52','2023-02-20 15:22:02',61,61,61,'WH อาคาร 6',NULL,4,NULL,1),(35,1,15,'2302-0035','2023-02-20 13:21:27','2023-02-20 14:44:49','2023-02-20 15:21:51',61,61,61,'WH อาคาร 8',NULL,4,NULL,1),(36,1,15,'2302-0036','2023-02-20 13:22:37','2023-02-20 14:44:46','2023-02-20 15:21:40',61,61,61,'PC สำนักงานอาคาร8',NULL,4,NULL,1),(37,1,15,'2302-0037','2023-02-20 13:23:53','2023-02-20 14:44:37','2023-02-20 15:20:27',61,61,61,'HR แม่บ้านอี๊ด',NULL,4,NULL,1),(38,1,15,'2302-0038','2023-02-20 13:25:21','2023-02-20 14:44:32','2023-02-20 15:20:16',61,61,61,'WH อาคาร8',NULL,4,NULL,1),(39,1,15,'2302-0039','2023-02-20 13:29:38','2023-02-20 14:44:28','2023-02-20 15:19:42',61,61,61,'WH อาคาร 6',NULL,4,NULL,1),(40,1,15,'2302-0040','2023-02-20 13:30:42','2023-02-20 14:44:24','2023-02-20 15:19:16',61,61,61,'WH อาคาร2,3,9',NULL,4,NULL,1),(41,1,15,'2302-0041','2023-02-20 13:34:59','2023-02-20 14:44:12','2023-02-20 15:19:02',61,61,61,'WH อาคาร8',NULL,4,NULL,1),(42,1,15,'2302-0042','2023-02-20 13:35:59','2023-02-20 14:44:07','2023-02-20 15:18:30',61,61,61,'WH อาคาร1,5',NULL,4,NULL,1),(43,1,15,'2302-0043','2023-02-20 13:38:23','2023-02-20 14:44:01','2023-02-20 15:18:08',61,61,61,'WH อาคาร 1,5',NULL,4,NULL,1),(44,1,15,'2302-0044','2023-02-20 13:39:42','2023-02-20 14:43:56','2023-02-20 15:17:51',61,61,61,'IT ป้อม รปภ',NULL,4,NULL,1),(45,1,15,'2302-0045','2023-02-20 13:41:55','2023-02-20 14:43:51','2023-02-20 15:17:37',61,61,61,'WH อาคาร4',NULL,4,NULL,1),(46,1,15,'2302-0046','2023-02-20 13:50:18','2023-02-20 14:43:48','2023-02-20 15:17:12',61,61,61,'WH อาคาร8',NULL,4,NULL,1),(47,1,15,'2302-0047','2023-02-20 13:51:33','2023-02-20 14:43:37','2023-02-20 15:16:32',61,61,61,'IT-รปภ.',NULL,4,NULL,1),(48,1,15,'2302-0048','2023-02-20 13:52:14','2023-02-20 14:43:41','2023-02-20 15:16:21',61,61,61,'WH อาคาร6',NULL,4,NULL,1),(49,1,15,'2302-0049','2023-02-20 13:53:43','2023-02-20 14:43:32','2023-02-20 15:16:09',61,61,61,'IT',NULL,4,NULL,1),(50,1,15,'2302-0050','2023-02-20 13:54:26','2023-02-20 14:43:28','2023-02-20 15:15:56',61,61,61,'WH อาคาร 2,3,9',NULL,4,NULL,1),(51,1,15,'2302-0051','2023-02-20 14:03:02','2023-02-20 14:43:24','2023-02-20 15:15:44',61,61,61,'HR-แม่บ้าน',NULL,4,NULL,1),(52,1,15,'2302-0052','2023-02-20 14:04:45','2023-02-20 14:43:20','2023-02-20 15:15:23',61,61,61,'HR-พ่อบ้าน',NULL,4,NULL,1),(53,1,15,'2302-0053','2023-02-20 14:12:04','2023-02-20 14:43:15','2023-02-20 15:15:04',61,61,61,'WH อาคาร1,5',NULL,4,NULL,1),(54,1,15,'2302-0054','2023-02-20 14:14:21','2023-02-20 14:43:11','2023-02-20 15:13:16',61,61,61,'WH อาคาร 1,5',NULL,4,NULL,1),(55,1,15,'2302-0055','2023-02-20 14:23:04','2023-02-20 14:43:07','2023-02-20 15:12:07',61,61,61,'WH อาคาร8',NULL,4,NULL,1),(56,1,15,'2302-0056','2023-02-20 14:24:34','2023-02-20 14:43:04','2023-02-20 15:10:42',61,61,61,'EN ',NULL,4,NULL,1),(57,1,15,'2302-0057','2023-02-20 14:26:36','2023-02-20 14:42:57','2023-02-20 15:10:14',61,61,61,'WH อาคาร 2,3,9',NULL,4,NULL,1),(58,1,15,'2302-0058','2023-02-20 14:27:49','2023-02-20 14:42:53','2023-02-20 15:09:39',61,61,61,'WH อาคาร2,3,9',NULL,4,NULL,1),(59,1,15,'2302-0059','2023-02-20 14:29:44','2023-02-20 14:42:49','2023-02-20 15:09:13',61,61,61,'WH อาคาร 2,3,9',NULL,4,NULL,1),(60,1,15,'2302-0060','2023-02-20 14:31:36','2023-02-20 14:42:46','2023-02-20 15:08:28',61,61,61,'WH อาคาร 4',NULL,4,NULL,1),(61,1,15,'2302-0061','2023-02-20 14:32:36','2023-02-20 14:42:41','2023-02-20 15:07:52',61,61,61,'WH อาคาร 6',NULL,4,NULL,1),(62,1,15,'2302-0062','2023-02-20 14:36:19','2023-02-20 14:42:36','2023-02-20 15:07:16',61,61,61,'WH อาคาร8',NULL,4,NULL,1),(63,1,15,'2302-0063','2023-02-20 14:37:02','2023-02-20 14:42:32','2023-02-20 15:06:14',61,61,61,'WH อาคาร8',NULL,4,NULL,1),(64,1,15,'2302-0064','2023-02-20 14:38:54','2023-02-20 14:42:27','2023-02-20 15:05:31',61,61,61,'CS',NULL,4,NULL,1),(65,1,15,'2302-0065','2023-02-20 14:40:11','2023-02-20 14:42:20','2023-02-20 14:50:10',61,61,61,'CS',NULL,4,NULL,1),(66,1,15,'2302-0066','2023-02-20 14:40:47','2023-02-20 14:42:15','2023-02-20 14:49:42',61,61,61,'QA',NULL,4,NULL,1),(67,1,13,'2303-0001','2023-03-17 13:26:27','2023-03-21 15:39:51',NULL,6,1,0,NULL,NULL,2,'ใบเบิกตัวอย่างตอนอบรมใช้โปรแกรม',1),(68,1,13,'2303-0002','2023-03-17 13:31:02','2023-03-21 15:39:46',NULL,6,1,0,NULL,NULL,2,'ใบเบิกตัวอย่างตอนอบรมใช้โปรแกรม',1),(69,1,13,'2303-0003','2023-03-17 14:02:37','2023-03-17 14:07:39','2023-03-17 14:09:16',6,1,1,NULL,NULL,4,NULL,1),(70,1,17,'2303-0004','2023-03-18 14:46:21','2023-03-29 08:50:26','2023-03-29 08:52:05',40,59,59,NULL,NULL,4,NULL,1),(71,1,6,'2303-0005','2023-03-20 08:21:19','2023-03-29 08:50:22','2023-03-29 08:51:18',62,59,59,NULL,NULL,4,NULL,1),(72,1,6,'2303-0006','2023-03-20 08:24:52','2023-03-29 08:50:19','2023-03-29 08:51:04',62,59,59,NULL,NULL,4,NULL,1),(73,1,13,'2303-0007','2023-03-20 09:13:41','2023-03-21 15:39:34',NULL,6,1,0,'ใช้สำหรับป้อมยาม และ CS',NULL,2,'ใบเบิกตัวอย่างตอนอบรมใช้โปรแกรม',1),(74,1,5,'2303-0008','2023-03-20 09:31:22','2023-03-29 08:48:51','2023-03-29 08:50:07',63,59,59,'ใช้งานอาคาร 2,3,9 ',NULL,4,NULL,1),(75,1,10,'2303-0009','2023-03-21 15:48:05','2023-03-23 10:51:02','2023-03-29 08:48:38',75,59,59,'แม่บ้านอี๊ด Hr',NULL,4,NULL,1),(76,1,10,'2303-0010','2023-03-21 15:53:42','2023-03-23 10:50:59','2023-03-29 08:50:55',75,59,59,'แม่บ้านเนตร + แม่บ้านดวง HR',NULL,4,NULL,1),(77,1,10,'2303-0011','2023-03-21 15:55:09','2023-03-23 10:50:55','2023-03-29 08:48:18',75,59,59,'พ่อบ้าน HR',NULL,4,NULL,1),(78,1,3,'2303-0012','2023-03-22 08:36:49','2023-03-23 10:50:51','2023-03-29 08:48:06',64,59,59,'ใช้สำหรับคลังสินค้าอาคาร 1,5',NULL,4,NULL,1),(79,1,3,'2303-0013','2023-03-22 08:40:23','2023-03-23 10:50:47','2023-03-29 08:47:58',64,59,59,'ใช้สำหรับฝ่ายวิศวกรรม',NULL,4,NULL,1),(80,1,3,'2303-0014','2023-03-22 08:42:30','2023-03-23 10:50:43','2023-03-29 08:47:39',64,59,59,'ใช้สำหรับคลังสินค้า อาคาร 4',NULL,4,NULL,1),(81,1,5,'2303-0015','2023-03-22 09:09:57','2023-03-23 10:50:33','2023-03-29 08:47:10',76,59,59,NULL,NULL,4,NULL,1),(82,1,4,'2303-0016','2023-03-22 09:11:00','2023-03-23 10:50:28','2023-03-29 08:46:55',29,59,59,NULL,NULL,4,NULL,1),(83,1,5,'2303-0017','2023-03-22 09:18:06','2023-03-23 10:50:19','2023-03-29 08:46:02',71,59,59,NULL,NULL,4,NULL,1),(84,1,5,'2303-0018','2023-03-22 09:36:59','2023-03-23 10:50:15','2023-03-23 10:51:48',63,59,59,'ใช้งานอาคาร 2,3,9 ',NULL,4,NULL,1),(85,4,10,'2303-0001','2023-03-23 13:54:38','2023-03-23 13:55:06','2023-03-23 13:55:12',110,28,28,'ทดสอบใบเบิก',NULL,4,NULL,1),(86,4,2,'2303-0002','2023-03-23 14:11:44','2023-03-23 14:11:51','2023-03-23 14:12:11',28,28,28,'ทดลองเบิก   ชุดหมีอยู่ที่ PACT',NULL,4,NULL,1),(87,4,2,'2303-0003','2023-03-23 15:14:50','2023-03-23 15:14:57','2023-03-23 15:15:06',28,28,28,'ตัดสต๊อกเนื่องจากบันทึกผิด',NULL,4,NULL,1),(88,4,3,'2303-0004','2023-03-23 15:43:50','2023-03-23 15:44:14','2023-03-23 15:45:37',74,28,28,NULL,NULL,4,NULL,1),(89,1,5,'2303-0019','2023-03-23 18:42:50','2023-03-29 08:43:34','2023-03-29 08:44:20',63,59,59,'ใช้งาน Shop ซ่อมบำรุง ',NULL,4,NULL,1),(90,1,13,'2303-0020','2023-03-24 08:38:32','2023-03-29 08:43:31','2023-03-29 08:44:00',6,59,59,'ใช้สำหรับป้อมรปภด้านหน้าและcarparck',NULL,4,NULL,1),(91,1,5,'2303-0021','2023-03-24 08:44:14','2023-03-29 08:13:58','2023-03-29 08:43:48',76,59,59,NULL,NULL,4,NULL,1),(92,1,5,'2303-0022','2023-03-24 09:18:29','2023-03-29 08:14:03','2023-03-29 08:17:14',71,59,59,NULL,NULL,4,NULL,1),(93,1,3,'2303-0023','2023-03-24 09:21:18','2023-03-29 08:14:07','2023-03-29 08:17:52',64,59,59,'ใช้สำหรับคลังสินค้าอาคาร 4',NULL,4,NULL,1),(94,1,5,'2303-0024','2023-03-24 09:41:11','2023-03-29 08:14:43','2023-03-29 08:18:33',63,59,59,NULL,NULL,4,NULL,1),(95,4,3,'2303-0005','2023-03-24 13:58:08','2023-03-24 14:02:45','2023-03-24 14:03:47',74,28,28,NULL,NULL,4,NULL,1),(96,4,2,'2303-0006','2023-03-24 14:50:59','2023-03-24 14:51:40','2023-03-24 14:51:48',28,28,28,'ยกเลิกทำเข้าสต๊อก',NULL,4,NULL,1),(97,4,5,'2303-0007','2023-03-24 15:01:43','2023-03-24 15:10:17','2023-03-24 15:11:06',97,28,28,NULL,NULL,4,NULL,1),(98,4,5,'2303-0008','2023-03-24 16:53:23','2023-03-24 16:53:44','2023-03-24 16:56:15',97,97,28,NULL,NULL,4,NULL,1),(99,1,10,'2303-0025','2023-03-27 08:12:46','2023-03-29 08:14:47','2023-03-29 08:18:50',75,59,59,'แม่บ้านอาคาร 4',NULL,4,NULL,1),(100,1,10,'2303-0026','2023-03-27 08:14:05','2023-03-29 08:14:50','2023-03-29 08:20:33',75,59,59,'แม่บ้านอาคาร 8',NULL,4,NULL,1),(101,1,5,'2303-0027','2023-03-27 09:01:47','2023-03-29 08:14:54','2023-03-29 08:19:52',76,59,59,NULL,NULL,4,NULL,1),(102,1,3,'2303-0028','2023-03-27 09:26:18','2023-03-29 08:14:57','2023-03-29 08:21:01',64,59,59,'ใช้สำหรับ คลังสินค้า อาคาร 1,5',NULL,4,NULL,1),(103,4,5,'2303-0009','2023-03-27 14:26:28','2023-03-27 14:26:52','2023-03-27 14:30:20',97,97,28,NULL,NULL,4,NULL,1),(104,1,20,'2303-0029','2023-03-28 16:17:20','2023-03-29 08:15:01','2023-03-29 08:46:32',41,59,59,NULL,NULL,4,NULL,1),(105,1,5,'2303-0030','2023-03-29 08:06:25','2023-03-29 08:15:04','2023-04-01 16:09:57',76,59,59,NULL,NULL,4,NULL,1),(106,1,17,'2303-0031','2023-03-29 08:16:01','2023-03-29 08:52:41','2023-04-01 16:10:11',40,59,59,NULL,NULL,4,NULL,1),(107,1,6,'2303-0032','2023-03-29 08:25:24','2023-03-29 08:52:33','2023-04-01 16:10:35',62,59,59,NULL,NULL,4,NULL,1),(108,1,5,'2303-0033','2023-03-29 08:46:14','2023-03-29 08:52:29','2023-04-01 16:10:54',71,59,59,'ใช้ในงานอาคาร 6',NULL,4,NULL,1),(109,1,5,'2303-0034','2023-03-29 08:54:06','2023-04-01 16:08:42','2023-04-01 16:11:32',71,59,59,'ใช้ในงานอาคาร 4 ',NULL,4,NULL,1),(110,1,10,'2303-0035','2023-03-29 13:41:51','2023-04-01 16:08:46','2023-04-18 11:51:39',75,59,59,NULL,NULL,4,NULL,1),(111,1,5,'2303-0036','2023-03-31 08:15:21','2023-04-01 16:08:50','2023-04-01 16:13:24',76,59,59,'เพื่อใช้ในกิจการ อาคาร 8',NULL,4,NULL,1),(112,1,3,'2303-0037','2023-03-31 08:26:34','2023-04-01 16:08:58','2023-04-01 16:12:51',64,59,59,NULL,NULL,4,NULL,1),(113,1,5,'2303-0038','2023-03-31 09:17:49','2023-04-01 16:09:03','2023-04-18 11:51:59',71,59,59,'ใช้ในงานอาคาร 6\n- ถุงมือผ้าสีขาว 40 คู่\n- ถุงมือสีส้ม 12 คู่',NULL,4,NULL,1),(114,4,3,'2303-0010','2023-03-31 13:42:31','2023-03-31 13:49:30','2023-03-31 13:50:00',74,28,28,'Mercury เบิกของ',NULL,4,NULL,1),(115,4,5,'2303-0011','2023-03-31 13:46:58','2023-03-31 13:51:49',NULL,98,97,0,NULL,NULL,2,'แจ้งเบิกผิดชนิด',1),(116,4,3,'2303-0012','2023-03-31 13:49:12','2023-03-31 14:01:10','2023-03-31 14:35:18',74,28,28,'แม่บ้าน Pacm เบิกของ',NULL,4,NULL,1),(117,4,5,'2303-0013','2023-03-31 13:58:08','2023-03-31 13:59:46','2023-03-31 14:36:54',98,97,28,NULL,NULL,4,NULL,1),(118,4,8,'2303-0014','2023-03-31 14:03:27','2023-03-31 14:04:18','2023-03-31 14:23:35',77,28,28,NULL,NULL,2,'ยกเลิกใบเบิก',2),(119,4,5,'2303-0015','2023-03-31 14:05:31','2023-03-31 14:10:16','2023-03-31 14:37:11',98,97,28,NULL,NULL,4,NULL,1),(120,4,8,'2303-0016','2023-03-31 14:28:14','2023-03-31 14:35:37','2023-03-31 14:37:39',77,77,28,NULL,NULL,4,NULL,1),(121,1,6,'2304-0001','2023-04-01 13:40:53','2023-04-01 16:13:39','2023-04-18 11:54:02',62,59,59,NULL,NULL,4,NULL,1),(122,1,18,'2304-0002','2023-04-01 16:19:30','2023-04-01 16:19:54','2023-04-01 16:22:58',59,59,59,NULL,NULL,4,NULL,1),(123,1,5,'2304-0003','2023-04-03 08:00:05','2023-04-18 11:50:26','2023-04-18 11:53:29',76,59,59,'เพื่อใ่ช้ในกิจการ อาคาร 8',NULL,4,NULL,1),(124,1,10,'2304-0004','2023-04-03 08:21:13','2023-04-18 11:50:21','2023-04-18 11:53:11',75,59,59,NULL,NULL,4,NULL,1),(125,4,2,'2304-0001','2023-04-03 08:39:00','2023-04-03 08:39:07','2023-04-03 08:39:19',28,28,28,'เบิกให้กับ QA   คุณเปรี้ยว      \nพี่เจี๊ยบจะเบิก HR  คืนให้',NULL,4,NULL,1),(126,1,3,'2304-0005','2023-04-03 08:47:52','2023-04-18 11:50:18','2023-04-18 11:52:45',64,59,59,'ใช้สำหรับคลังสินค้า อาคาร 1,5',NULL,4,NULL,1),(127,1,3,'2304-0006','2023-04-03 08:58:23','2023-04-18 11:50:13','2023-04-18 11:54:17',64,59,59,'ใช้สำหรับคลังสินค้าอาคาร 4',NULL,4,NULL,1),(128,1,5,'2304-0007','2023-04-03 09:00:23','2023-04-18 11:50:07','2023-04-18 11:55:09',71,59,59,'ใช้ในงานอาคาร 6 ',NULL,4,NULL,1),(129,1,5,'2304-0008','2023-04-03 09:19:54','2023-04-18 11:50:10','2023-04-18 11:56:17',63,59,59,NULL,NULL,4,NULL,1),(130,4,5,'2304-0002','2023-04-03 13:22:26','2023-04-03 13:23:41','2023-04-03 13:29:05',98,97,28,NULL,NULL,4,NULL,1),(131,1,20,'2304-0009','2023-04-05 08:21:12','2023-04-18 11:50:03','2023-04-18 11:57:10',41,59,59,'เนื่องจากมีตรวจงานหากปิดสโตร์แล้วไว้ที่หน้าห้องติดป้ายฝ่ายQA ให้ด้วยค่ะ \nขอบคุณค่ะ',NULL,4,NULL,1),(132,1,13,'2304-0010','2023-04-05 08:38:05','2023-04-18 11:49:52','2023-04-18 11:57:39',6,59,59,NULL,NULL,4,NULL,1),(133,1,5,'2304-0011','2023-04-05 08:43:26','2023-04-18 11:49:58','2023-04-18 11:58:21',76,59,59,NULL,NULL,4,NULL,1),(134,1,5,'2304-0012','2023-04-05 08:49:09','2023-04-18 11:49:49','2023-04-18 11:58:39',71,59,59,'เบิกเพิ่มเติมจากรายการ\n- กระดาษ A4 ไม่มีใช้แล้ว เบิก 5 รีม\nใช้ในงานอาคาร 6',NULL,4,NULL,1),(135,1,3,'2304-0013','2023-04-05 08:52:50','2023-04-18 11:49:46','2023-04-18 11:59:14',64,59,59,'ใช้สำหรับ คลังสินค้า อาคาร 1,5',NULL,4,NULL,1),(136,1,3,'2304-0014','2023-04-05 09:05:18','2023-04-18 11:49:43','2023-04-18 11:59:29',64,59,59,'ใช้สำหรับ คลังสินค้า อาคาร 4',NULL,4,NULL,1),(137,1,5,'2304-0015','2023-04-05 09:39:54','2023-04-18 11:49:40','2023-04-18 11:59:47',63,59,59,NULL,NULL,4,NULL,1),(138,1,5,'2304-0016','2023-04-07 09:03:31','2023-04-18 11:49:35','2023-04-18 12:00:21',76,59,59,NULL,NULL,3,NULL,1),(139,4,3,'2304-0003','2023-04-07 13:13:49','2023-04-07 14:23:00','2023-04-07 14:23:52',74,28,28,NULL,NULL,4,NULL,1),(140,1,6,'2304-0017','2023-04-10 08:20:22','2023-04-18 11:49:31',NULL,62,59,0,NULL,NULL,3,NULL,1),(141,1,5,'2304-0018','2023-04-10 08:30:05','2023-04-18 11:49:28','2023-04-18 13:57:31',76,59,59,NULL,NULL,4,NULL,1),(142,1,3,'2304-0019','2023-04-10 08:43:42','2023-04-18 11:49:25','2023-04-18 13:47:38',64,59,59,'ใช้สำหรับคลังสินค้า อาคาร 4',NULL,4,NULL,1),(143,1,3,'2304-0020','2023-04-10 08:46:03','2023-04-18 11:49:21','2023-04-18 13:47:17',64,59,59,'ใช้สำหรับ คลังสินค้า อาคาร 1,5',NULL,4,NULL,1),(144,1,5,'2304-0021','2023-04-10 09:33:00','2023-04-18 11:49:18','2023-04-18 13:06:16',63,59,59,NULL,NULL,4,NULL,1),(145,8,5,'2304-0001','2023-04-10 11:00:07','2023-04-10 13:04:45','2023-04-10 13:06:51',67,65,65,NULL,NULL,4,NULL,1),(146,8,5,'2304-0002','2023-04-10 13:52:51','2023-04-18 09:20:17','2023-04-18 09:20:54',67,65,65,NULL,NULL,4,NULL,1),(147,4,5,'2304-0004','2023-04-10 14:10:58',NULL,NULL,98,0,0,NULL,NULL,2,'ยกเลิกใบเบิก',1),(148,4,5,'2304-0005','2023-04-10 14:25:16','2023-04-10 14:27:09','2023-04-10 14:44:04',98,97,28,NULL,NULL,4,NULL,1),(149,8,10,'2304-0003','2023-04-11 09:34:13','2023-04-11 09:35:30','2023-04-11 09:49:45',69,65,65,NULL,NULL,4,NULL,1),(150,8,10,'2304-0004','2023-04-11 15:34:12','2023-04-11 15:34:28','2023-04-11 15:34:50',69,65,65,NULL,NULL,4,NULL,1),(151,4,2,'2304-0006','2023-04-17 08:18:17','2023-04-17 08:18:23','2023-04-17 08:18:37',28,28,28,'Big Cleaning Day 11-04-66',NULL,4,NULL,1),(152,1,5,'2304-0022','2023-04-17 08:30:50','2023-04-18 11:49:14','2023-04-18 13:06:00',76,59,59,NULL,NULL,4,NULL,1),(153,1,17,'2304-0023','2023-04-17 08:52:15','2023-04-18 11:49:11','2023-04-18 13:05:45',40,59,59,NULL,NULL,4,NULL,1),(154,1,3,'2304-0024','2023-04-17 08:57:19','2023-04-18 11:49:07','2023-04-18 13:05:16',64,59,59,'ใช้สำหรับคลังสินค้า อาคาร 1,5',NULL,4,NULL,1),(155,1,5,'2304-0025','2023-04-17 09:31:46','2023-04-18 11:49:03','2023-04-18 13:04:56',63,59,59,NULL,NULL,4,NULL,1),(156,8,5,'2304-0005','2023-04-17 10:33:57','2023-04-17 10:38:32','2023-04-17 10:38:51',67,65,65,NULL,NULL,4,NULL,1),(157,4,3,'2304-0007','2023-04-17 13:31:21','2023-04-17 14:13:41','2023-04-17 14:14:42',74,28,28,NULL,NULL,4,NULL,1),(158,8,5,'2304-0006','2023-04-18 09:19:48','2023-04-18 09:24:26','2023-04-18 09:24:59',67,65,65,NULL,NULL,4,NULL,1),(159,1,6,'2304-0026','2023-04-18 13:31:31','2023-04-19 08:33:03','2023-04-20 08:29:11',62,59,59,NULL,NULL,4,NULL,1),(160,8,10,'2304-0007','2023-04-18 13:54:37','2023-04-18 13:55:13','2023-04-18 13:55:45',69,65,65,NULL,NULL,4,NULL,1),(161,1,10,'2304-0027','2023-04-18 17:35:34','2023-04-19 08:33:24','2023-04-20 08:29:40',75,59,59,NULL,NULL,4,NULL,1),(162,1,10,'2304-0028','2023-04-18 17:40:53','2023-04-19 08:33:37',NULL,75,59,0,NULL,NULL,3,NULL,1),(163,1,10,'2304-0029','2023-04-18 17:42:58','2023-04-19 08:33:57',NULL,75,59,0,NULL,NULL,3,NULL,1),(164,1,10,'2304-0030','2023-04-18 17:46:05','2023-04-19 08:34:06',NULL,75,59,0,NULL,NULL,3,NULL,1),(165,1,5,'2304-0031','2023-04-19 08:29:13','2023-04-19 08:34:38',NULL,76,59,0,NULL,NULL,3,NULL,1),(166,1,18,'2304-0032','2023-04-19 08:43:08','2023-04-19 08:44:31',NULL,59,59,0,'ใช้สำหรับอาคาร 8',NULL,2,'ข้อมูลไม่ครบ',1),(167,1,18,'2304-0033','2023-04-19 08:56:46','2023-04-20 08:27:47',NULL,59,59,0,'ใช้งานอาคาร 8',NULL,3,NULL,1),(168,1,5,'2304-0034','2023-04-19 08:58:19','2023-04-20 08:27:50',NULL,76,59,0,'เพื่อใช้งาน อาคาร 8',NULL,3,NULL,1),(169,1,3,'2304-0035','2023-04-19 09:09:27','2023-04-20 08:27:54',NULL,64,59,0,'ใช้สำหรับ คลังสินค้า อาคาร 1,5',NULL,3,NULL,1),(170,1,3,'2304-0036','2023-04-19 09:11:26','2023-04-20 08:27:57',NULL,64,59,0,'ใช้สำหรับคลังสินค้า อาคาร 4',NULL,3,NULL,1),(171,1,5,'2304-0037','2023-04-19 09:18:44','2023-04-20 08:28:01',NULL,63,59,0,NULL,NULL,3,NULL,1),(172,1,13,'2304-0038','2023-04-19 09:38:08','2023-04-20 08:28:04',NULL,6,59,0,NULL,NULL,3,NULL,1),(173,1,5,'2304-0039','2023-04-20 08:39:12',NULL,NULL,76,0,0,NULL,NULL,1,NULL,1),(174,8,10,'2304-0008','2023-04-20 16:02:11','2023-04-20 16:02:46','2023-04-20 16:02:55',69,65,65,NULL,NULL,4,NULL,1),(175,1,20,'2304-0040','2023-04-21 08:20:28',NULL,NULL,41,0,0,NULL,NULL,1,NULL,1),(176,1,17,'2304-0041','2023-04-21 08:23:17',NULL,NULL,40,0,0,NULL,NULL,1,NULL,1),(177,1,17,'2304-0042','2023-04-21 08:30:36',NULL,NULL,40,0,0,NULL,NULL,1,NULL,1),(178,1,5,'2304-0043','2023-04-21 08:38:52',NULL,NULL,76,0,0,'เพื่อใช้งาน อาคาร 8',NULL,1,NULL,1),(179,8,10,'2304-0009','2023-04-21 08:40:09','2023-04-21 10:10:46','2023-04-21 10:11:03',69,65,65,NULL,NULL,4,NULL,1),(180,1,3,'2304-0044','2023-04-21 08:52:45',NULL,NULL,64,0,0,'ใช้สำหรับคลังสินค้าอาคาร 4',NULL,1,NULL,1),(181,4,3,'2304-0008','2023-04-21 13:11:45',NULL,NULL,74,0,0,NULL,NULL,1,NULL,1),(182,4,5,'2304-0009','2023-04-21 14:24:55','2023-04-21 14:33:31',NULL,98,97,0,NULL,NULL,3,NULL,1);
/*!40000 ALTER TABLE `tb_requisition` ENABLE KEYS */;
UNLOCK TABLES;

--
-- Table structure for table `tb_requisition_detail`
--

DROP TABLE IF EXISTS `tb_requisition_detail`;
/*!40101 SET @saved_cs_client     = @@character_set_client */;
/*!50503 SET character_set_client = utf8mb4 */;
CREATE TABLE `tb_requisition_detail` (
  `id_req_detail` int(11) NOT NULL AUTO_INCREMENT,
  `ref_id_req` int(11) NOT NULL COMMENT 'อ้างอิงไอดีใบเบิก',
  `id_offsupp_location` int(11) NOT NULL COMMENT 'อ้างอิงไอดีวัสดุของไซต์',
  `quantity` int(11) NOT NULL COMMENT 'จำนวนที่เบิก',
  `quantity_pay` int(11) NOT NULL COMMENT 'จำนวนที่จ่าย',
  `ref_id_unit` int(11) NOT NULL COMMENT 'หน่วยนับ',
  `requisition_result` int(11) NOT NULL COMMENT '1-ยังไม่จ่าย/2-จ่ายครบแล้ว',
  PRIMARY KEY (`id_req_detail`),
  KEY `idx_id_req` (`ref_id_req`),
  KEY `fk_ref_id_offsupp` (`id_offsupp_location`),
  CONSTRAINT `fk_ref_id_offsupp` FOREIGN KEY (`id_offsupp_location`) REFERENCES `tb_office_supplies` (`id_offsupp`),
  CONSTRAINT `fk_ref_id_req` FOREIGN KEY (`ref_id_req`) REFERENCES `tb_requisition` (`id_req`)
) ENGINE=InnoDB AUTO_INCREMENT=499 DEFAULT CHARSET=utf8 COLLATE=utf8_unicode_ci COMMENT='ตารางรายละเอียดของที่เบิก';
/*!40101 SET character_set_client = @saved_cs_client */;

--
-- Dumping data for table `tb_requisition_detail`
--

LOCK TABLES `tb_requisition_detail` WRITE;
/*!40000 ALTER TABLE `tb_requisition_detail` DISABLE KEYS */;
INSERT INTO `tb_requisition_detail` VALUES (1,1,109,2,0,13,2),(2,1,88,1,0,6,2),(3,2,10,5,0,2,2),(4,2,4,3,0,8,2),(5,3,121,1,1,39,2),(6,3,113,1,1,35,2),(7,4,121,1,1,39,2),(12,5,123,2,2,1,2),(13,5,122,5,5,4,2),(14,6,3,1,1,18,2),(15,6,95,5,5,35,2),(16,6,6,1,1,18,2),(17,6,37,2,2,5,2),(18,6,27,2,2,5,2),(19,7,95,5,5,35,2),(20,8,99,2,2,33,2),(21,9,74,5,5,14,2),(22,9,72,5,5,14,2),(23,9,90,2,2,6,2),(24,9,14,5,5,2,2),(25,10,74,5,5,14,2),(26,10,72,5,5,14,2),(27,11,72,2,2,14,2),(28,12,10,5,5,2,2),(29,13,72,5,5,14,2),(30,13,39,1,1,20,2),(31,13,4,2,2,8,2),(32,14,72,5,5,14,2),(33,14,39,1,1,20,2),(34,14,113,1,1,35,2),(35,15,72,5,5,14,2),(36,15,43,2,2,14,2),(37,15,10,5,5,2,2),(38,16,72,5,5,14,2),(39,16,43,1,1,14,2),(40,17,72,2,2,14,2),(41,17,39,1,1,20,2),(42,18,113,5,5,35,2),(43,19,38,1,1,20,2),(44,20,38,1,1,20,2),(45,21,38,1,1,20,2),(46,22,78,1,1,11,2),(47,22,14,1,1,2,2),(48,22,60,5,5,11,2),(49,22,77,1,1,11,2),(50,23,78,1,1,11,2),(51,23,60,5,5,11,2),(52,23,77,1,1,11,2),(53,24,60,5,5,11,2),(54,24,77,1,1,11,2),(55,25,60,5,5,11,2),(56,26,60,4,4,11,2),(57,27,27,3,3,5,2),(58,27,23,1,1,11,2),(59,28,39,1,1,20,2),(60,28,6,1,1,18,2),(61,28,87,5,5,17,2),(62,29,87,5,5,17,2),(63,30,24,5,5,14,2),(64,31,89,2,2,6,2),(65,31,95,3,3,35,2),(66,31,39,2,2,20,2),(67,31,68,1,1,20,2),(68,31,4,3,3,8,2),(69,31,97,20,20,34,2),(70,32,2,1,1,18,2),(71,32,47,1,1,14,2),(72,32,98,2,2,34,2),(73,32,38,1,1,20,2),(74,33,89,3,3,6,2),(75,33,38,1,1,20,2),(76,33,23,2,2,11,2),(77,34,95,1,1,35,2),(78,35,99,3,3,33,2),(79,36,10,10,10,2,2),(80,37,87,10,10,17,2),(81,38,74,10,10,14,2),(82,38,92,2,2,6,2),(83,38,23,3,3,11,2),(84,39,103,2,2,6,2),(85,39,6,1,1,18,2),(86,39,97,2,2,34,2),(87,40,43,6,6,14,2),(88,41,92,2,2,6,2),(89,41,23,4,4,11,2),(90,41,97,60,60,34,2),(91,41,43,6,6,14,2),(92,42,99,2,2,33,2),(93,43,87,20,20,17,2),(94,43,43,3,3,14,2),(95,44,22,1,1,11,2),(96,45,39,4,4,20,2),(97,45,38,2,2,20,2),(98,45,87,15,15,17,2),(99,46,99,2,2,33,2),(100,47,24,6,6,14,2),(101,48,43,2,2,14,2),(102,49,108,1,1,13,2),(103,50,87,10,10,17,2),(104,51,94,10,10,35,2),(105,52,95,6,6,35,2),(106,53,94,5,5,35,2),(107,53,87,20,20,17,2),(108,54,38,1,1,20,2),(109,54,3,1,1,18,2),(110,55,15,5,5,2,2),(111,56,33,2,2,5,2),(112,56,4,10,10,8,2),(113,57,27,2,2,5,2),(114,57,74,6,6,14,2),(115,57,97,37,37,34,2),(116,58,99,1,1,33,2),(117,59,6,1,1,18,2),(118,59,1,1,1,18,2),(119,59,10,5,5,2,2),(120,60,87,10,10,17,2),(121,60,43,3,3,14,2),(122,60,10,5,5,2,2),(123,61,1,1,1,18,2),(124,61,10,5,5,2,2),(125,62,13,2,2,2,2),(126,62,74,10,10,14,2),(127,62,72,12,12,14,2),(128,62,43,3,3,14,2),(129,62,10,5,5,2,2),(130,63,99,2,2,33,2),(131,64,72,12,12,14,2),(132,64,43,3,3,14,2),(133,65,10,10,10,2,2),(134,66,10,5,5,2,2),(135,67,10,5,0,2,2),(136,67,111,1,0,11,2),(137,67,71,2,0,2,2),(138,67,6,1,0,18,2),(139,68,6,1,0,18,2),(140,69,3,5,5,18,2),(141,70,45,3,3,11,2),(142,70,23,2,2,11,2),(143,71,10,10,10,2,2),(144,71,43,4,4,14,2),(145,72,77,2,2,11,2),(146,73,24,17,0,14,2),(147,74,72,6,6,14,2),(148,74,97,21,21,34,2),(149,74,23,1,1,11,2),(150,74,43,2,2,14,2),(151,74,85,1,1,14,2),(152,74,39,1,1,20,2),(153,75,6,1,1,18,2),(154,75,1,1,1,18,2),(155,76,6,1,1,18,2),(156,76,103,1,1,6,2),(157,76,91,2,2,17,2),(158,76,93,5,5,35,2),(159,77,103,2,2,6,2),(160,77,89,2,2,6,2),(161,78,38,2,2,20,2),(162,79,97,94,94,34,2),(163,80,38,1,1,20,2),(164,80,39,3,3,20,2),(165,80,10,5,5,2,2),(166,80,89,5,5,6,2),(167,81,39,3,3,20,2),(168,81,74,6,6,14,2),(169,82,38,2,2,20,2),(170,82,61,4,4,11,2),(171,83,1,1,1,18,2),(172,83,68,2,2,20,2),(173,83,39,2,2,20,2),(174,83,4,1,1,8,2),(175,83,2,1,1,18,2),(176,83,43,2,2,14,2),(177,83,97,20,20,34,2),(178,83,3,1,1,18,2),(179,84,2,1,1,18,2),(180,84,99,2,2,33,2),(181,85,126,10,10,31,2),(182,86,128,2,2,7,2),(183,87,180,8,8,11,2),(184,88,185,1,1,11,2),(185,88,178,1,1,2,2),(186,88,177,1,1,2,2),(187,88,196,1,1,11,2),(188,88,198,1,1,14,2),(189,88,157,5,5,17,2),(190,88,160,3,3,34,2),(191,88,167,1,1,35,2),(192,89,97,14,14,34,2),(193,89,87,10,10,17,2),(194,89,25,2,2,5,2),(195,90,24,12,12,14,2),(196,91,99,2,2,33,2),(197,92,68,2,2,20,2),(198,92,43,2,2,14,2),(199,92,97,30,30,34,2),(200,92,4,1,1,8,2),(201,93,38,2,2,20,2),(202,93,3,1,1,18,2),(203,94,10,5,5,2,2),(204,94,111,1,1,11,2),(205,94,43,1,1,14,2),(206,94,87,10,10,17,2),(207,95,166,4,4,14,2),(208,95,164,5,5,8,2),(209,95,135,7,7,41,2),(210,95,167,4,4,35,2),(211,96,143,7,7,6,2),(212,97,157,10,10,17,2),(213,97,174,5,5,31,2),(214,97,176,1,1,18,2),(215,97,175,1,1,18,2),(216,97,181,2,2,1,2),(217,97,184,1,1,1,2),(218,98,156,1,1,6,2),(219,98,157,15,15,17,2),(220,98,160,3,3,34,2),(221,98,174,3,3,31,2),(222,99,3,1,1,18,2),(223,100,4,8,8,8,2),(224,100,87,10,10,17,2),(225,100,93,5,5,35,2),(226,101,50,6,6,14,2),(227,101,25,1,1,5,2),(228,101,37,4,4,5,2),(229,101,97,60,60,34,2),(230,101,100,1,1,11,2),(231,101,74,6,6,14,2),(232,102,38,2,2,20,2),(233,103,152,2,2,6,2),(234,103,135,1,1,41,2),(235,104,10,5,5,2,2),(236,105,10,5,5,2,2),(237,105,27,2,2,5,2),(238,106,10,10,10,2,2),(239,107,60,12,12,11,2),(240,107,61,2,2,11,2),(241,108,97,14,14,34,2),(242,108,94,10,10,35,2),(243,109,38,2,2,20,2),(244,109,3,1,1,18,2),(245,109,87,15,15,17,2),(246,109,111,1,1,11,2),(247,109,74,3,3,14,2),(248,110,57,1,1,35,2),(249,110,52,1,1,36,2),(250,111,25,3,3,5,2),(251,111,87,10,10,17,2),(252,111,93,2,2,35,2),(253,111,94,1,1,35,2),(254,112,3,1,1,18,2),(255,112,89,3,3,6,2),(256,113,39,3,3,20,2),(257,113,68,2,2,20,2),(258,113,2,1,1,18,2),(259,114,148,2,2,14,2),(260,114,146,4,4,14,2),(261,114,147,4,4,14,2),(262,115,174,5,0,31,2),(263,115,175,2,0,18,2),(264,115,176,1,0,18,2),(265,115,171,1,0,18,2),(266,115,185,3,0,11,2),(267,115,184,1,0,1,2),(268,115,177,2,0,2,2),(269,115,180,2,0,11,2),(270,115,170,2,0,17,2),(271,116,135,6,6,41,2),(272,116,166,4,4,14,2),(273,116,167,4,4,35,2),(274,117,175,2,2,18,2),(275,117,176,1,1,18,2),(276,117,171,1,1,18,2),(277,117,174,5,5,31,2),(278,117,170,2,2,17,2),(279,117,185,3,3,11,2),(280,117,184,1,1,1,2),(281,117,177,2,2,2,2),(282,117,196,2,2,11,2),(283,118,126,3,0,31,2),(284,118,160,5,0,34,2),(285,118,195,1,0,11,2),(286,118,177,1,0,2,2),(287,119,138,2,2,6,2),(288,120,126,3,3,31,2),(289,120,160,2,2,34,2),(290,120,195,1,1,11,2),(291,121,40,4,4,20,2),(292,121,78,3,3,11,2),(293,121,77,3,3,11,2),(294,122,1,3,3,18,2),(295,122,2,1,1,18,2),(296,122,3,5,5,18,2),(297,122,8,10,10,18,2),(298,122,122,5,5,4,2),(299,122,9,1,1,2,2),(300,122,10,15,15,2,2),(301,122,47,2,2,14,2),(302,122,50,1,1,14,2),(303,122,72,38,38,14,2),(304,122,123,13,13,1,2),(305,122,89,17,17,6,2),(306,122,92,7,7,6,2),(307,122,100,1,1,11,2),(308,123,23,2,2,11,2),(309,123,74,6,6,14,2),(310,123,72,12,12,14,2),(311,124,113,7,7,35,2),(312,124,18,1,1,2,2),(313,124,112,1,1,11,2),(314,124,111,1,1,11,2),(315,125,132,1,1,34,2),(316,126,38,2,2,20,2),(317,126,93,5,5,35,2),(318,127,23,2,2,11,2),(319,128,23,5,5,11,2),(320,128,6,1,1,18,2),(321,128,68,2,2,20,2),(322,128,39,5,5,20,2),(323,128,25,2,2,5,2),(324,128,37,1,1,5,2),(325,128,99,1,1,33,2),(326,128,93,5,5,35,2),(327,128,95,5,5,35,2),(328,129,99,2,2,33,2),(329,129,74,6,6,14,2),(330,129,6,1,1,18,2),(331,130,160,15,15,34,2),(332,130,157,10,10,17,2),(333,131,61,2,2,11,2),(334,131,56,5,5,11,2),(335,131,25,1,1,5,2),(336,131,72,1,1,14,2),(337,132,105,8,8,13,2),(338,132,24,6,6,14,2),(339,132,52,1,1,36,2),(340,132,25,1,1,5,2),(341,132,58,2,2,1,2),(342,133,27,3,3,5,2),(343,133,74,6,6,14,2),(344,133,39,1,1,20,2),(345,133,23,1,1,11,2),(346,133,72,5,5,14,2),(347,133,26,1,1,5,2),(348,134,74,10,10,14,2),(349,135,5,2,2,18,2),(350,135,2,1,1,18,2),(351,136,6,1,1,18,2),(352,136,95,5,5,35,2),(353,136,74,6,6,14,2),(354,136,39,4,4,20,2),(355,137,23,3,3,11,2),(356,137,107,8,8,13,2),(357,138,26,3,3,5,2),(358,138,37,4,4,5,2),(359,138,95,1,1,35,2),(360,138,93,1,1,35,2),(361,138,14,2,2,2,2),(362,139,166,4,4,14,2),(363,139,167,4,4,35,2),(364,139,135,5,5,41,2),(365,139,131,1,1,31,2),(366,139,177,1,1,2,2),(367,139,178,1,1,2,2),(368,140,60,12,0,11,1),(369,140,14,4,0,2,1),(370,140,78,1,0,11,1),(371,140,56,3,0,11,1),(372,140,93,2,0,35,1),(373,140,51,4,0,1,1),(374,140,84,200,0,37,1),(375,141,14,2,2,2,2),(376,141,74,6,6,14,2),(377,141,99,3,3,33,2),(378,141,15,1,1,2,2),(379,142,95,5,5,35,2),(380,142,23,1,1,11,2),(381,142,38,1,1,20,2),(382,142,74,6,6,14,2),(383,143,38,1,1,20,2),(384,143,76,8,8,36,2),(385,144,74,6,6,14,2),(386,144,39,1,1,20,2),(387,145,338,1,1,18,2),(388,145,287,2,2,34,2),(389,145,285,6,6,17,2),(390,145,232,1,1,5,2),(391,145,233,2,2,5,2),(392,145,242,10,10,5,2),(393,145,260,4,4,1,2),(394,146,282,1,1,35,2),(395,146,311,10,10,35,2),(396,147,174,5,0,31,1),(397,147,175,1,0,18,1),(398,148,174,5,5,31,2),(399,148,176,1,1,18,2),(400,149,219,2,2,2,2),(401,150,278,5,5,6,2),(402,150,305,5,5,6,2),(403,151,174,27,27,31,2),(404,152,10,5,5,2,2),(405,152,26,1,1,5,2),(406,153,10,10,10,2,2),(407,154,10,5,5,2,2),(408,154,116,3,3,6,2),(409,154,1,1,1,18,2),(410,155,99,1,1,33,2),(411,156,212,1,1,18,2),(412,157,166,3,3,14,2),(413,157,167,5,5,35,2),(414,157,135,3,3,41,2),(415,157,159,5,5,8,2),(416,157,174,2,2,31,2),(417,158,233,5,5,5,2),(418,158,212,2,2,18,2),(419,158,244,1,1,20,2),(420,158,219,2,2,2,2),(421,159,10,10,10,2,2),(422,159,14,5,5,2,2),(423,159,46,1,1,14,2),(424,159,74,8,8,14,2),(425,159,56,2,2,11,2),(426,159,58,12,12,1,2),(427,159,61,3,3,11,2),(428,160,233,2,2,5,2),(429,161,95,10,10,35,2),(430,162,13,1,0,2,1),(431,163,1,1,0,18,1),(432,163,6,1,0,18,1),(433,164,6,1,0,18,1),(434,164,1,1,0,18,1),(435,165,26,1,0,5,1),(436,165,74,6,0,14,1),(437,165,39,4,0,20,1),(438,166,10,10,0,2,2),(439,167,10,10,0,2,1),(440,168,99,2,0,33,1),(441,169,5,1,0,18,1),(442,169,6,1,0,18,1),(443,169,4,10,0,8,1),(444,169,38,1,0,20,1),(445,170,38,2,0,20,1),(446,170,39,5,0,20,1),(447,170,88,5,0,6,1),(448,170,95,5,0,35,1),(456,171,6,1,0,18,1),(457,171,95,2,0,35,1),(458,171,10,5,0,2,1),(459,171,39,1,0,20,1),(467,172,39,2,0,20,1),(468,172,105,8,0,13,1),(469,172,24,12,0,14,1),(470,173,100,1,0,11,1),(471,174,242,2,2,5,2),(472,175,10,5,0,2,1),(473,175,26,1,0,5,1),(474,176,23,4,0,11,1),(475,177,10,5,0,2,1),(476,177,14,1,0,2,1),(477,178,10,3,0,2,1),(478,178,50,18,0,14,1),(479,178,74,6,0,14,1),(480,178,23,2,0,11,1),(481,178,39,1,0,20,1),(482,178,37,4,0,5,1),(483,178,100,1,0,11,1),(484,179,301,5,5,11,2),(485,179,302,5,5,35,2),(486,180,5,1,0,18,1),(487,180,96,13,0,17,1),(488,180,74,3,0,14,1),(489,181,135,3,0,41,1),(490,181,185,1,0,11,1),(491,181,169,4,0,13,1),(492,182,146,15,0,14,1),(493,182,147,15,0,14,1),(494,182,157,5,0,17,1),(495,182,164,10,0,8,1),(496,182,173,1,0,18,1),(497,182,174,5,0,31,1),(498,182,184,2,0,1,1);
/*!40000 ALTER TABLE `tb_requisition_detail` ENABLE KEYS */;
UNLOCK TABLES;

--
-- Table structure for table `tb_unit`
--

DROP TABLE IF EXISTS `tb_unit`;
/*!40101 SET @saved_cs_client     = @@character_set_client */;
/*!50503 SET character_set_client = utf8mb4 */;
CREATE TABLE `tb_unit` (
  `id_unit` int(11) NOT NULL AUTO_INCREMENT,
  `unit_name` varchar(20) NOT NULL,
  `unit_remark` longtext DEFAULT NULL,
  `status_unit` int(11) NOT NULL COMMENT '1-ใช้งานได้/2-ยกเลิก\r\n',
  PRIMARY KEY (`id_unit`)
) ENGINE=InnoDB AUTO_INCREMENT=43 DEFAULT CHARSET=utf8 COLLATE=utf8_unicode_ci;
/*!40101 SET character_set_client = @saved_cs_client */;

--
-- Dumping data for table `tb_unit`
--

LOCK TABLES `tb_unit` WRITE;
/*!40000 ALTER TABLE `tb_unit` DISABLE KEYS */;
INSERT INTO `tb_unit` VALUES (1,'แท่ง',NULL,1),(2,'รีม',NULL,1),(3,'ชิ้น',NULL,1),(4,'ลิตร',NULL,1),(5,'ด้าม',NULL,1),(6,'อัน',NULL,1),(7,'ตัว',NULL,1),(8,'กิโลกรัม',NULL,1),(9,'กรัม',NULL,1),(10,'โหล',NULL,1),(11,'กล่อง',NULL,1),(12,'ใบ',NULL,1),(13,'ก้อน',NULL,1),(14,'ม้วน',NULL,1),(15,'ชุด',NULL,1),(16,'เส้น',NULL,1),(17,'ผืน',NULL,1),(18,'แกลลอน',NULL,1),(19,'ขวด',NULL,1),(20,'ตลับ',NULL,1),(31,'ถุง',NULL,1),(32,'ถัง',NULL,1),(33,'ลัง',NULL,1),(34,'คู่',NULL,1),(35,'แพค',NULL,1),(36,'เล่ม',NULL,1),(37,'ซอง',NULL,1),(38,'แผ่น',NULL,1),(39,'หลอด',NULL,1),(40,'เครื่อง',NULL,1),(41,'แถว',NULL,1),(42,'ม้วน','',1);
/*!40000 ALTER TABLE `tb_unit` ENABLE KEYS */;
UNLOCK TABLES;

--
-- Table structure for table `tb_user`
--

DROP TABLE IF EXISTS `tb_user`;
/*!40101 SET @saved_cs_client     = @@character_set_client */;
/*!50503 SET character_set_client = utf8mb4 */;
CREATE TABLE `tb_user` (
  `id_user` int(11) NOT NULL AUTO_INCREMENT,
  `no_user` varchar(10) NOT NULL COMMENT 'รหัสพนักงาน',
  `password` varchar(50) NOT NULL,
  `email` varchar(60) NOT NULL,
  `line_token` varchar(45) DEFAULT NULL,
  `fullname` varchar(100) DEFAULT NULL,
  `sex` int(11) DEFAULT NULL,
  `phone` varchar(20) DEFAULT NULL,
  `photo` varchar(100) DEFAULT NULL COMMENT 'รูปพนักงาน',
  `class_user` int(11) NOT NULL COMMENT '1-User/2-Manager/3-Super User/4-Administrator',
  `ref_id_location` int(11) NOT NULL COMMENT 'ส่วนงานที่ใช้',
  `ref_dept` int(11) NOT NULL COMMENT 'แผนก',
  `status_user` int(11) NOT NULL COMMENT '1-ใช้งานได้/2-ยกเลิก',
  `create_date` datetime DEFAULT NULL,
  `lass_login` datetime DEFAULT NULL,
  `last_ip` varchar(15) DEFAULT NULL,
  PRIMARY KEY (`id_user`),
  KEY `idx_tb_user_no_user` (`no_user`) COMMENT 'รหัสพนักงาน',
  KEY `idx_tb_user_email` (`email`)
) ENGINE=InnoDB AUTO_INCREMENT=117 DEFAULT CHARSET=utf8 COLLATE=utf8_unicode_ci COMMENT='ตารางผู้ใช้งาน';
/*!40101 SET character_set_client = @saved_cs_client */;

--
-- Dumping data for table `tb_user`
--

LOCK TABLES `tb_user` WRITE;
/*!40000 ALTER TABLE `tb_user` DISABLE KEYS */;
INSERT INTO `tb_user` VALUES (1,'6501278','bfe277ea3e2275a6809a0e8f7b3a3baa601664fa','sopon.g@jwdcoldchain.com','sdfsdfsdfsfds','โสภณ โกมลชลมาศ',0,'0868032806',NULL,4,4,14,1,NULL,NULL,NULL),(3,'1234567','6aef011215813ffad0c7cd46f96a8b5e81a1dee7','somchai@jwdcoldchain.com','','สมชาย ห้องเห็น',0,'0623123456',NULL,1,1,7,1,NULL,NULL,NULL),(5,'','bfe277ea3e2275a6809a0e8f7b3a3baa601664fa','Anucha.u@jwdcoldchain.com','6f809a9ad17f341015dbc5d746d045294789ee82','Anucha Urapen',0,'','',4,1,13,1,'2022-11-01 12:12:12',NULL,''),(6,'9999999','bfe277ea3e2275a6809a0e8f7b3a3baa601664fa','it@jwdcoldchain.com','88eb028aaa5839ad713032f907adea8bf59d30d0','IT-support-PCS',0,NULL,NULL,1,1,13,1,'2022-11-01 12:12:12',NULL,''),(7,'','bfe277ea3e2275a6809a0e8f7b3a3baa601664fa','stanutty90@gmail.com','74898976ffc262d79d1f2fe6928192b8515333d2','thawatchai srichandaeng',0,'','',1,1,0,1,'2022-11-01 12:12:12',NULL,''),(8,'','bfe277ea3e2275a6809a0e8f7b3a3baa601664fa','stanutty10@gmail.com','6fdf505690cfda25cd0eecddee8ec327cd35303a','Nddjdhd Ddhdh',0,'','',1,1,0,1,'2022-11-01 12:12:12',NULL,''),(9,'','bfe277ea3e2275a6809a0e8f7b3a3baa601664fa','linda.n@jwdcoldchain.com','9e941f850955cd805c20640a4ca8dc894f7fce00','Linda Nontanum',0,'','',1,1,0,1,'2022-11-01 12:12:12',NULL,''),(10,'','bfe277ea3e2275a6809a0e8f7b3a3baa601664fa','sawitchaya.k@jwdcoldchain.com','b8d6689271cfde8d73817aea1bbb9ae0f2b0a487','Sawitchaya Kalyanamitra',0,'','',1,1,0,1,'2022-11-01 12:12:12',NULL,''),(11,'','bfe277ea3e2275a6809a0e8f7b3a3baa601664fa','amornthep.l@jwdcoldchain.com','7c559621e9a90b17257a312252faa8fc5785afcb','Amornthep Lertthasanawong',0,'','',4,1,13,1,'2022-11-01 12:12:12',NULL,''),(12,'','bfe277ea3e2275a6809a0e8f7b3a3baa601664fa','sandyhouse86@gmail.com','cc4705dabaefa672a9ca8e4aa4fdabd24f1a0f59','สุดารัตน์',0,'','',1,1,0,1,'2022-11-01 12:12:12',NULL,''),(13,'0000000','bfe277ea3e2275a6809a0e8f7b3a3baa601664fa','eaknarin.t@cc.pcs-plp.com','530341376a872f1800dbdd84eb60a032cf3c3679','เอกนรินทร์ ทิชาชาติ',0,NULL,NULL,1,1,21,1,'2022-11-01 12:12:12',NULL,''),(14,'','bfe277ea3e2275a6809a0e8f7b3a3baa601664fa','sittichoke.p@jwdcoldchain.com','8f0554df35791dbf6b4f4d3817f47287a5fec8a0','สิทธิโชค เพียรประเสริฐกุล',0,'','',1,1,0,1,'2022-11-01 12:12:12',NULL,''),(15,'','bfe277ea3e2275a6809a0e8f7b3a3baa601664fa','Thanunchai.p@jpk.co.th','54862a13f3ca45bbd5a376691903dd3f5044cb52','ธนันชัย พงศ์สถาพร',0,'','',1,1,0,1,'2022-11-01 12:12:12',NULL,''),(16,'','bfe277ea3e2275a6809a0e8f7b3a3baa601664fa','songwuth.l@jwd-pacific.com','68315758df697157af1d2634f3252e72f39efc49','Songwuth Luasingkun',0,'','',1,1,0,1,'2022-11-01 12:12:12',NULL,''),(17,'','bfe277ea3e2275a6809a0e8f7b3a3baa601664fa','apiwan.s@jwdcoldchain.com','e851c006f3b6f86e3050aea16561a04ff5f42154','อภิวรรณ สำรวยประเสริฐ',0,'','',4,1,13,1,'2022-11-01 12:12:12',NULL,''),(18,'','bfe277ea3e2275a6809a0e8f7b3a3baa601664fa','thawatchai.srichandaeng@gmail.com','eb0cb811f75145083ee6ab7f3ae090db837e6e8c','thawatchai srichandaeng',0,'','',1,1,0,1,'2022-11-01 12:12:12',NULL,''),(19,'','bfe277ea3e2275a6809a0e8f7b3a3baa601664fa','pim.k@jwdcoldchain.com','bfc359cbf8142916d432375aae2aeacccfd57857','PIM KETKRAI',0,'','',1,1,0,1,'2022-11-01 12:12:12',NULL,''),(21,'','bfe277ea3e2275a6809a0e8f7b3a3baa601664fa','kullakan.s@jwdcoldchain.com','382c9069768b9c8c83010407d4570eff4398f767','Kullakan Surattinaitham',0,'','',1,1,0,1,'2022-11-01 12:12:12',NULL,''),(22,'5801068','bfe277ea3e2275a6809a0e8f7b3a3baa601664fa','treephop.m@jwdcoldchain.com','7ba331a4f31b52040f19acbb33be14b8dbf38843','kophop Meeaium',0,'0918896919',NULL,1,1,21,1,'2022-11-01 12:12:12',NULL,''),(23,'','bfe277ea3e2275a6809a0e8f7b3a3baa601664fa','nuttaphon.s@jwdcoldchain.com','47048f73f1c6c40771dccc8074a16df96788a65d','Nuttaphon Sarapimpa',0,'','',1,1,0,1,'2022-11-01 12:12:12',NULL,''),(24,'','bfe277ea3e2275a6809a0e8f7b3a3baa601664fa','attendance@jwdcoldchain.com','ce11e7657d1aaf8b4374b935d7b7bc03edc4fb31','Pornsikarn Pratarnporn',0,'','',1,1,0,1,'2022-11-01 12:12:12',NULL,''),(25,'0000000','bfe277ea3e2275a6809a0e8f7b3a3baa601664fa','chalermphon.s@jwdcoldchain.com','00e7461fdbc9d46a8908ee26f3d64d31def893e3','Chalermphon Saenkla',0,NULL,NULL,1,1,8,1,'2022-11-01 12:12:12',NULL,''),(26,'630037','b38fe9195d8eb936fdbc19084ad59cb03094cbd1','uthai.a@jwdcoldchain.com','8cb22b70fac051a2c3931f764b689d32d53f1471','Uthai Ampa',0,'0917709924',NULL,1,1,1,1,'2022-11-01 12:12:12',NULL,''),(27,'','bfe277ea3e2275a6809a0e8f7b3a3baa601664fa','training@jwdcoldchain.com','3f0bfeba0713fb4387a410839db447030f230cf4','Maythaporn Sukprasuet',0,'','',1,1,0,1,'2022-11-01 12:12:12',NULL,''),(28,'6504021','bfe277ea3e2275a6809a0e8f7b3a3baa601664fa','inthuon.p@jwdcoldchain.com','ea0ca27892387aec992fb729fc71536eb399f62c','Inthuon Phuttha',0,NULL,NULL,4,4,2,1,'2022-11-01 12:12:12',NULL,''),(29,'620046','900d8ff4b1d6bd94238cbdb72bf628fa7a3a6942','plp@jwdcoldchain.com','54409de6e4fadcda902a15f082c8b553cdb4e177','Pacific Logistic Pro',0,'0863008317',NULL,1,1,4,1,'2022-11-01 12:12:12',NULL,''),(30,'','bfe277ea3e2275a6809a0e8f7b3a3baa601664fa','supanna.p230135@gmail.com','5a5d2810aebf375884f5db697c2d8abebac7f76b','Supanna sondong',0,'','',1,1,2,1,'2022-11-01 12:12:12',NULL,''),(31,'0000000','bfe277ea3e2275a6809a0e8f7b3a3baa601664fa','nattakan.r@jwdcoldchain.com','681941412baf517d4dc1a91acd8c6d304f25c640','Nattakan Rotsiravoraphat',0,NULL,NULL,1,1,2,1,'2022-11-01 12:12:12',NULL,''),(32,'','bfe277ea3e2275a6809a0e8f7b3a3baa601664fa','customerservice@jwdcoldchain.com','4643ad564f85eaeea0a5a7e7fb3719fb6c43ddb2','Customer Service JWD Pacific Cold Chain',0,'','',1,1,0,1,'2022-11-01 12:12:12',NULL,''),(33,'0000000','bfe277ea3e2275a6809a0e8f7b3a3baa601664fa','petcharat.p@jwdcoldchain.com','8b1f78b5015a643184c1e522a6285f44948a43e3','Petcharat Pengkhonsarn',0,NULL,NULL,1,6,3,1,'2022-11-01 12:12:12',NULL,''),(34,'','bfe277ea3e2275a6809a0e8f7b3a3baa601664fa','autchara@gmail.com','ff0935be9dff5ab69d82db2f80e9b58bb3cb946d','Autchara pcs',0,'','',1,1,0,1,'2022-11-01 12:12:12',NULL,''),(35,'','bfe277ea3e2275a6809a0e8f7b3a3baa601664fa','tunyarat.p@jwdcoldchain.com','0a3f1ab072231e47738d4aaba0b34f09e49ffcc8','Tunyarat Panyaworatip',0,'','',1,1,0,1,'2022-11-01 12:12:12',NULL,''),(36,'','bfe277ea3e2275a6809a0e8f7b3a3baa601664fa','weesuda.k@pcs-plp.com','3216558df6895a23e94d5ebb58ea606a03197930','Weesuda Kamtone',0,'','',1,1,0,1,'2022-11-01 12:12:12',NULL,''),(37,'','bfe277ea3e2275a6809a0e8f7b3a3baa601664fa','qa@jwdcoldchain.com','bcb3a4397b789cc9d1e6e9075d757d47453bc939','QA JWD Pacific Cold Chain',0,'','',1,1,0,1,'2022-11-01 12:12:12',NULL,''),(38,'0000000','bfe277ea3e2275a6809a0e8f7b3a3baa601664fa','weesuda.k@jwdcoldchain.com','9dfa62792ecbedb6b053830a6c6e08e7887703d4','Weesuda.k',0,NULL,NULL,1,1,2,1,'2022-11-01 12:12:12',NULL,''),(39,'','bfe277ea3e2275a6809a0e8f7b3a3baa601664fa','pratit.w@jwdcoldchain.com','9baa40499a0aae13811aa837f1e36f390e466271','Pratit Wongphimaykham',0,'','',1,1,0,1,'2022-11-01 12:12:12',NULL,''),(40,'610131','bfe277ea3e2275a6809a0e8f7b3a3baa601664fa','wanlapa.m@JWDCOLDCHAIN.COM','9c5561821e6f847cd4f6e635e5ac5440443b8509','Wanlapa mathmontree',0,NULL,NULL,1,1,17,1,'2022-11-01 12:12:12',NULL,''),(41,'0000000','bfe277ea3e2275a6809a0e8f7b3a3baa601664fa','qa.pcs@jwdcoldchain.com','be2e39ddf5171a65618ba69bcc381f65efeb1598','QA PCS',0,NULL,NULL,1,1,20,1,'2022-11-01 12:12:12',NULL,''),(42,'','bfe277ea3e2275a6809a0e8f7b3a3baa601664fa','pathom.c@jwdcoldchain.com','ffecc7694cf8f562793be28198d5876fc808dfa4','ปฐม ชิ้นปิ่นเกลียว',0,'','',1,1,0,1,'2022-11-01 12:12:12',NULL,''),(43,'','bfe277ea3e2275a6809a0e8f7b3a3baa601664fa','suwanna.k@jwdcoldchain.com','d7c7b87962d0401cb880d46a6d5fe675942e5d4e','Suwanna K.',0,'','',1,1,0,1,'2022-11-01 12:12:12',NULL,''),(44,'','bfe277ea3e2275a6809a0e8f7b3a3baa601664fa','sudarat.n@cc.pcs-plp.com','37a942158ea377357980614d49ca4727777e1b25','miki2',0,'','',1,1,0,1,'2022-11-01 12:12:12',NULL,''),(45,'','bfe277ea3e2275a6809a0e8f7b3a3baa601664fa','chitchanok.s@jpk.co.th','a38d95338820ced5f576a8d2eec0a8042e48397f','ชิดชนก สุกิจวิมล',0,'','',1,1,0,1,'2022-11-01 12:12:12',NULL,''),(46,'0000000','bfe277ea3e2275a6809a0e8f7b3a3baa601664fa','chaiwoot.c@jwdcoldchain.com','e48c2ba0718a987f95fd6547e5d07b000aea08b1','Chaiwoot Charoenfuangfu',0,NULL,NULL,4,6,1,1,'2022-11-01 12:12:12',NULL,''),(47,'','bfe277ea3e2275a6809a0e8f7b3a3baa601664fa','Namkang.J.@cc.pcs-plp.com','NULL','น้ำค้าง จอมประเสริฐ',0,'','',1,1,0,1,'2022-11-01 12:12:12',NULL,''),(48,'','bfe277ea3e2275a6809a0e8f7b3a3baa601664fa','Namkang.J@cc.pcs-plp.com','5ea6f061788eb3e7d9a41cb12fe12c13a4af67d0','น้ำค้าง จอมประเสริฐ',0,'','',1,1,0,1,'2022-11-01 12:12:12',NULL,''),(49,'','bfe277ea3e2275a6809a0e8f7b3a3baa601664fa','atthapol.i@jwdcoldchain.com','d346e2db3cdc5d04d347061d6f3e739936fb6b40','อรรถพล เอี่ยมจาตุ',0,'','',1,1,0,1,'2022-11-01 12:12:12',NULL,''),(50,'','bfe277ea3e2275a6809a0e8f7b3a3baa601664fa','Admin.hr@jwdcoldchain.com','77901e32d4121f857e38c9414c3f5389aa087e2d','เมธาพร',0,'','',1,1,0,1,'2022-11-01 12:12:12',NULL,''),(51,'','bfe277ea3e2275a6809a0e8f7b3a3baa601664fa','siriwat.m@jwdcoldchain.com','326473de32fbbfe5c878097117ebeae7edb287ba','นายสิริวัฑฒ์ มูลทองลี',0,'','',1,1,0,1,'2022-11-01 12:12:12',NULL,''),(52,'','bfe277ea3e2275a6809a0e8f7b3a3baa601664fa','suphanne.p@jwdcoldchain.com','073408f449ddfdfc5171548e337f442aff7db890','สุพรรณี พิสฐศาสน์',0,'','',1,1,0,1,'2022-11-01 12:12:12',NULL,''),(53,'','bfe277ea3e2275a6809a0e8f7b3a3baa601664fa','autcharapk@gmail.com','71de73a875de15842ceafb969b48093d0b74c9bd','Autcharapcs',0,'','',1,1,0,1,'2022-11-01 12:12:12',NULL,''),(54,'0000000','bfe277ea3e2275a6809a0e8f7b3a3baa601664fa','engineer@jpk.co.th','75771d308a5d8b4ebcb6bc70a6fdbbed5ab0faeb','wuttisak koonpho',0,NULL,NULL,1,5,8,1,'2022-11-01 12:12:12',NULL,''),(55,'0000000','bfe277ea3e2275a6809a0e8f7b3a3baa601664fa','cs-jpac@jwd-pacific.com','320805b36cd4ede807de902329528a724d942486','มัทรี',0,NULL,NULL,1,2,3,1,'2022-11-01 12:12:12',NULL,''),(56,'','bfe277ea3e2275a6809a0e8f7b3a3baa601664fa','Laddawa.s@jwd-pacific.com','b29548cb0ef95a3f38d59c1a2f8299cd57bcc764','น.ส.ลัดดาวัลย์ ศรีเสงี่ยม',0,'','',1,1,0,1,'2022-11-01 12:12:12',NULL,''),(57,'6501278','bfe277ea3e2275a6809a0e8f7b3a3baa601664fa','sopon.g@pact.com',NULL,'โสภณ (PACT)',0,'0868032806',NULL,1,3,5,1,NULL,NULL,NULL),(58,'','bfe277ea3e2275a6809a0e8f7b3a3baa601664fa','thanwarat.k@jwdcoldchain.com','cf4443473193c50a924c3eeb54b1a83b269e44f1','ธัญวรัตน์ เกียรติเสรีกุล',0,NULL,NULL,4,1,18,1,'2022-11-01 12:12:12',NULL,''),(59,'','bfe277ea3e2275a6809a0e8f7b3a3baa601664fa','pc@jwdcoldchain.com','cf4443473193c50a924c3eeb54b1a83b269e44f1','',0,NULL,NULL,4,1,18,1,'2022-11-01 12:12:12',NULL,''),(60,'','bfe277ea3e2275a6809a0e8f7b3a3baa601664fa','pumarin.p@jwdcoldchain.com','cf4443473193c50a924c3eeb54b1a83b269e44f1','',0,NULL,NULL,4,1,18,1,'2022-11-01 12:12:12',NULL,''),(61,'6501295','bfe277ea3e2275a6809a0e8f7b3a3baa601664fa','sirapassorn.s@jwdcoldchain.com',NULL,' ศิรภัสสร แซ่แต้',NULL,'0897409690',NULL,4,1,15,1,'2023-02-20 01:42:44','0000-00-00 00:00:00',NULL),(62,'1234567','bfe277ea3e2275a6809a0e8f7b3a3baa601664fa','cs.pcs@jwdcoldchain.com',NULL,'CS-PCS',NULL,NULL,NULL,1,1,6,1,'2023-03-20 01:15:04','0000-00-00 00:00:00',NULL),(63,'6501074','bfe277ea3e2275a6809a0e8f7b3a3baa601664fa','tata6501074@gmail.com',NULL,'สรารัตน์ (INVENTOTRY)',NULL,NULL,NULL,1,1,5,1,'2023-03-20 02:02:50','0000-00-00 00:00:00',NULL),(64,'0000000','bfe277ea3e2275a6809a0e8f7b3a3baa601664fa','maliceair02@gmail.com',NULL,'WH PCS',NULL,NULL,NULL,1,1,3,1,'2023-03-20 02:24:25','0000-00-00 00:00:00',NULL),(65,'0000000','bfe277ea3e2275a6809a0e8f7b3a3baa601664fa','marketing@jwd-pacific.com',NULL,'PACS admin ',NULL,NULL,NULL,4,8,13,1,'2023-03-20 02:59:51','0000-00-00 00:00:00',NULL),(66,'0000000','bfe277ea3e2275a6809a0e8f7b3a3baa601664fa','cs-pacs@jwdcoldchain.com',NULL,'PACS CS',NULL,NULL,NULL,1,8,0,1,'2023-03-20 03:00:52','0000-00-00 00:00:00',NULL),(67,'0000000','bfe277ea3e2275a6809a0e8f7b3a3baa601664fa','wh-pacs@jwdcoldchain.com',NULL,'PACS WH',NULL,NULL,NULL,1,8,5,1,'2023-03-20 03:00:52','0000-00-00 00:00:00',NULL),(68,'0000000','bfe277ea3e2275a6809a0e8f7b3a3baa601664fa','en-pacs@jwdcoldchain.com',NULL,'PACS EN',NULL,NULL,NULL,1,8,0,1,'2023-03-20 03:00:52','0000-00-00 00:00:00',NULL),(69,'0000000','bfe277ea3e2275a6809a0e8f7b3a3baa601664fa','arerat.p@cc.jwdcoldchain.com',NULL,'PACS',NULL,NULL,NULL,1,8,10,1,'2023-03-20 03:00:52','0000-00-00 00:00:00',NULL),(70,'6605029','4b29d11155dc7bbc340127a5ec1fbcdd7b9414c7','auraiwan.s@cc.jwdcoldchain.com',NULL,'auraiwan sangsong',NULL,NULL,NULL,1,8,17,1,'2023-03-20 03:00:52','0000-00-00 00:00:00',NULL),(71,'6601008','bfe277ea3e2275a6809a0e8f7b3a3baa601664fa','pawanrat.c@cc.jwdcoldchain.com',NULL,'ปวันรัตน์ Inventory',NULL,NULL,NULL,1,1,5,1,'2023-03-20 03:00:52','0000-00-00 00:00:00',NULL),(72,'0000000','714d2cbb2d54e7423693878eafcc5e248cc1766b','atisara.s@jwdcoldchain.com',NULL,'PCS',NULL,'0863008314',NULL,1,1,17,1,'2023-03-20 03:00:52','0000-00-00 00:00:00',NULL),(74,'0000000','bfe277ea3e2275a6809a0e8f7b3a3baa601664fa','cs@pacm.co.th',NULL,'User PACM',NULL,NULL,NULL,1,4,3,1,'2023-03-20 03:00:52','0000-00-00 00:00:00',NULL),(75,'6601038','bfe277ea3e2275a6809a0e8f7b3a3baa601664fa','saranjit.j@jwdcoldchain.com',NULL,'Saranjit.j',0,NULL,NULL,1,1,10,1,NULL,NULL,NULL),(76,'6601019','bfe277ea3e2275a6809a0e8f7b3a3baa601664fa','weerawat.s@cc.jwdcoldchain.com',NULL,'Weerawat (Inventory)',0,NULL,NULL,1,1,5,1,NULL,NULL,NULL),(77,'00000000','40a58df6c588548a94e299ba93d52462c4b0649e','suphon.p@jwdcoldchain.com',NULL,'Suphon.p',0,NULL,NULL,4,4,8,1,NULL,NULL,NULL),(79,'00000000','bfe277ea3e2275a6809a0e8f7b3a3baa601664fa','putthi.s@cc.jwdcoldchain.com',NULL,' CC PACA',0,NULL,NULL,1,6,19,1,NULL,NULL,NULL),(80,'00000000','bfe277ea3e2275a6809a0e8f7b3a3baa601664fa','hr.paca@jwdcoldchain.com',NULL,'HR PACA',0,NULL,NULL,1,6,10,1,NULL,NULL,NULL),(81,'00000000','bfe277ea3e2275a6809a0e8f7b3a3baa601664fa','cs.paca@jwdcoldchain.com',NULL,'CS PACA',0,NULL,NULL,1,6,3,1,NULL,NULL,NULL),(82,'00000000','bfe277ea3e2275a6809a0e8f7b3a3baa601664fa','wh.paca@jwdcoldchain.com',NULL,'WH PACA',0,NULL,NULL,1,6,5,1,NULL,NULL,NULL),(83,'00000000','bfe277ea3e2275a6809a0e8f7b3a3baa601664fa','hr@jwd-pacific.com',NULL,' HR JPAC',0,NULL,NULL,4,2,10,1,NULL,NULL,NULL),(84,'00000000','bfe277ea3e2275a6809a0e8f7b3a3baa601664fa','purchase@jwd-pacific.com',NULL,'Purchase JPAC',0,NULL,NULL,4,2,15,1,NULL,NULL,NULL),(85,'00000000','bfe277ea3e2275a6809a0e8f7b3a3baa601664fa','account@jwd-pacific.com',NULL,'AC JPAC',0,NULL,NULL,1,2,17,1,NULL,NULL,NULL),(86,'00000000','bfe277ea3e2275a6809a0e8f7b3a3baa601664fa','wh@jwd-pacific.com',NULL,'WH JPAC',0,NULL,NULL,1,2,5,1,NULL,NULL,NULL),(88,'00000000','bfe277ea3e2275a6809a0e8f7b3a3baa601664fa','safety@jwd-pacific.com',NULL,'Safety JPAC',0,NULL,NULL,1,2,21,1,NULL,NULL,NULL),(89,'00000000','bfe277ea3e2275a6809a0e8f7b3a3baa601664fa','kwanchanok@jwd-pacific.com',NULL,'Kwanchanok JPAC',0,NULL,NULL,1,2,2,1,NULL,NULL,NULL),(90,'00000000','bfe277ea3e2275a6809a0e8f7b3a3baa601664fa','qa@jwd-pacific.com',NULL,'QA JPAC',0,NULL,NULL,1,2,20,1,NULL,NULL,NULL),(91,'00000000','bfe277ea3e2275a6809a0e8f7b3a3baa601664fa','engineering@jwd-pacific.com',NULL,'Engineering JPAC',0,NULL,NULL,1,2,8,1,NULL,NULL,NULL),(92,'00000000','bfe277ea3e2275a6809a0e8f7b3a3baa601664fa','acc.support@jpk.co.th',NULL,' AC JPK',0,NULL,NULL,4,5,17,1,NULL,NULL,NULL),(93,'00000000','bfe277ea3e2275a6809a0e8f7b3a3baa601664fa','rerai.r@jpk.co.th',NULL,'CS JPAC',0,NULL,NULL,1,5,3,1,NULL,NULL,NULL),(94,'00000000','bfe277ea3e2275a6809a0e8f7b3a3baa601664fa','somrudee.h@jpk.co.th',NULL,'CS JPAC',0,NULL,NULL,1,5,3,1,NULL,NULL,NULL),(96,'00000000','bfe277ea3e2275a6809a0e8f7b3a3baa601664fa','warehouse@jpk.co.th',NULL,'WH JPAC',0,NULL,NULL,1,5,5,1,NULL,NULL,NULL),(97,'6504012','bfe277ea3e2275a6809a0e8f7b3a3baa601664fa','wiraphon.t@cc.pcs-plp.com',NULL,'PACM',0,'0892072431',NULL,2,4,5,1,NULL,NULL,NULL),(98,'00000000','bfe277ea3e2275a6809a0e8f7b3a3baa601664fa','prapavarin.s@cc.pcs-plp.com',NULL,'PACM',0,'0947751675',NULL,1,4,5,1,NULL,NULL,NULL),(99,'00000000','bfe277ea3e2275a6809a0e8f7b3a3baa601664fa','nattakan.r.pacm@jwdcoldchain.com',NULL,'Nattakan PACM',0,NULL,NULL,1,4,2,1,NULL,NULL,NULL),(100,'00000000','bfe277ea3e2275a6809a0e8f7b3a3baa601664fa','sopon.pacmtest@jwdcoldchain.com',NULL,' xxx PACM',0,NULL,NULL,1,2,13,1,NULL,NULL,NULL),(101,'00000000','bfe277ea3e2275a6809a0e8f7b3a3baa601664fa','sopon.pact@jwdcoldchain.com',NULL,'xxx PACT',0,NULL,NULL,1,2,0,1,NULL,NULL,NULL),(102,'00000000','bfe277ea3e2275a6809a0e8f7b3a3baa601664fa','sopon.pacs@jwdcoldchain.com',NULL,'xxx PACS',0,NULL,NULL,1,2,0,1,NULL,NULL,NULL),(103,'00000000','bfe277ea3e2275a6809a0e8f7b3a3baa601664fa','sopon.japc@jwdcoldchain.com',NULL,'xxx JPAC',0,NULL,NULL,1,2,0,1,NULL,NULL,NULL),(104,'00000000','bfe277ea3e2275a6809a0e8f7b3a3baa601664fa','sopon.jpk@jwdcoldchain.com',NULL,'xxx JPK',0,NULL,NULL,1,2,0,1,NULL,NULL,NULL),(106,'6501278','bfe277ea3e2275a6809a0e8f7b3a3baa601664fa','sopon.g@pact.com',NULL,'โสภณ (PACT)',0,'0868032806',NULL,1,3,5,1,NULL,NULL,NULL),(107,'3333333','bfe277ea3e2275a6809a0e8f7b3a3baa601664fa','sopon.g@jwdcddoldchain.com',NULL,'โสภณ โกมลชลมาศ',NULL,'0623722181',NULL,1,1,9,1,'2023-03-15 07:10:48',NULL,NULL),(108,'3333333','bfe277ea3e2275a6809a0e8f7b3a3baa601664fa','sopon@pcs.com',NULL,'โสภณ โกมลชลมาศ',NULL,'0623722181',NULL,1,1,10,1,'2023-03-15 07:12:12',NULL,NULL),(109,'1111111','bfe277ea3e2275a6809a0e8f7b3a3baa601664fa','sopon@pact.com',NULL,'โสภณ โกมลชลมาศ',NULL,NULL,NULL,1,3,10,1,'2023-03-15 07:14:28',NULL,NULL),(110,'1111111','bfe277ea3e2275a6809a0e8f7b3a3baa601664fa','sopon@pacm.com',NULL,'โสภณ โกมลชลมาศ',NULL,NULL,NULL,1,4,10,1,'2023-03-15 07:14:34',NULL,NULL),(111,'1111111','bfe277ea3e2275a6809a0e8f7b3a3baa601664fa','sopon@paca.com',NULL,'โสภณ โกมลชลมาศ',NULL,NULL,NULL,1,6,10,1,'2023-03-15 07:14:41',NULL,NULL),(112,'1111111','bfe277ea3e2275a6809a0e8f7b3a3baa601664fa','sopon@jpk.com',NULL,'โสภณ โกมลชลมาศ',NULL,NULL,NULL,1,5,10,1,'2023-03-15 07:14:47',NULL,NULL),(113,'1111111','bfe277ea3e2275a6809a0e8f7b3a3baa601664fa','sopon@jpac.com',NULL,'โสภณ โกมลชลมาศ',NULL,NULL,NULL,1,2,10,1,'2023-03-15 07:15:01',NULL,NULL),(114,'1111111','bfe277ea3e2275a6809a0e8f7b3a3baa601664fa','sopon@pacs.com',NULL,'โสภณ โกมลชลมาศ',NULL,NULL,NULL,1,8,10,1,'2023-03-15 07:15:18',NULL,NULL),(115,'2222222','bfe277ea3e2275a6809a0e8f7b3a3baa601664fa','sopon@pcsap.com',NULL,'ผู้อนุมัติ',NULL,NULL,NULL,2,1,10,1,'2023-03-15 07:23:33',NULL,NULL),(116,'0000000','bfe277ea3e2275a6809a0e8f7b3a3baa601664fa','sopon.pacm@jwdcoldchain.com',NULL,'Admin PACM',0,NULL,NULL,4,4,14,1,NULL,NULL,NULL);
/*!40000 ALTER TABLE `tb_user` ENABLE KEYS */;
UNLOCK TABLES;
/*!40103 SET TIME_ZONE=@OLD_TIME_ZONE */;

/*!40101 SET SQL_MODE=@OLD_SQL_MODE */;
/*!40014 SET FOREIGN_KEY_CHECKS=@OLD_FOREIGN_KEY_CHECKS */;
/*!40014 SET UNIQUE_CHECKS=@OLD_UNIQUE_CHECKS */;
/*!40101 SET CHARACTER_SET_CLIENT=@OLD_CHARACTER_SET_CLIENT */;
/*!40101 SET CHARACTER_SET_RESULTS=@OLD_CHARACTER_SET_RESULTS */;
/*!40101 SET COLLATION_CONNECTION=@OLD_COLLATION_CONNECTION */;
/*!40111 SET SQL_NOTES=@OLD_SQL_NOTES */;

-- Dump completed on 2023-04-21 17:26:15
